ligne,rating,themes,plies_historique,nb_coups_legaux,coup_reseau,reussi_reseau,p_correct_reseau,rang_correct_reseau,value_reseau,coup_recherche,reussi_recherche,part_visites_correct,duree_s,simulations_recherche,depassement_s,erreur
0,1615,crushing discoveredAttack middlegame short,20,37,c1f4,False,0.22992538302239077,2,-0.022684291005134583,f3e5,True,0.9614285826683044,3.6185551999369636,0,0.0,
2,1817,deflection endgame mate mateIn2 short,78,20,a3f8,True,0.2988045678371227,1,-0.9985930323600769,a3f8,True,0.977142870426178,0.32907930004876107,0,0.0,
4,1500,endgame mate mateIn2 short,49,28,h6c1,True,0.4625667526810165,1,-0.9397642612457275,h6c1,True,0.9842857122421265,0.22540980007033795,0,0.0,
6,1458,advantage attraction exposedKing fork long middlegame sacrifice,53,31,g7b2,False,0.0014636833025380416,22,-0.5053157210350037,g7b2,False,0.0,4.715174700017087,0,0.0,
8,1550,endgame mate mateIn2 queenRookEndgame short,72,24,h7h5,False,0.07614784803143237,5,0.14274191856384277,c7c8,True,0.9528571367263794,0.9305214999476448,0,0.0,
10,1709,attraction endgame mate mateIn4 sacrifice veryLong,58,37,g2g7,True,0.5100440793961253,1,-0.5012717247009277,g2g7,True,0.9642857313156128,4.865026300074533,0,0.0,
12,1705,crushing deflection endgame long,42,49,d1e1,False,0.029835147083023865,5,-0.9038850665092468,f4h4,True,0.7885714173316956,4.363050799933262,0,0.0,
14,1887,mate mateIn2 middlegame sacrifice short,47,35,d5e7,False,0.0007827996644541788,6,0.04520181566476822,b7e7,False,0.0,5.483959199977107,0,0.0,
16,1812,crushing endgame fork long quietMove,65,39,c5h5,False,0.010349676939129032,8,0.2774299085140228,c5h5,False,0.0014285714132711291,4.77494349994231,0,0.0,
18,1744,crushing deflection fork master middlegame short,36,39,g4h5,True,0.9238159695609149,1,-0.5561297535896301,g4h5,True,0.9942857027053833,3.8373876999830827,0,0.0,
20,1774,crushing discoveredAttack long middlegame,36,38,c5e6,True,0.30076714584078545,1,-0.10185486823320389,c5b7,False,0.011428571306169033,5.101829200051725,0,0.0,
22,1549,endgame mate mateIn2 sacrifice short,55,42,g7g6,False,0.05466202889557046,5,0.8820273876190186,g3h3,True,0.9214285612106323,0.8828801999334246,0,0.0,
24,1452,crushing endgame fork short,82,32,f5f6,True,0.5685440931538605,1,0.11017540842294693,f5f6,True,0.9728571176528931,5.081843700027093,0,0.0,
26,1699,advancedPawn endgame mate mateIn1 oneMove promotion,112,24,h7h8q,True,0.9151563505443471,1,-0.05382310226559639,h7h8q,True,0.9957143068313599,0.15441860002465546,0,0.0,
28,1509,crushing deflection discoveredAttack endgame pin queensideAttack short,54,34,c1c3,False,0.19673672207673565,2,-0.25902247428894043,c5a6,True,0.9714285731315613,2.2133294000523165,0,0.0,
30,1537,crushing endgame fork hangingPiece long,58,27,h4d8,True,0.9016138925049453,1,-0.03263971954584122,h4d8,True,0.9971428513526917,4.232669900055043,0,0.0,
32,1825,crushing endgame exposedKing fork long,69,28,g3f3,True,0.6623651747839974,1,-0.4311831295490265,g3f3,True,0.9871428608894348,3.8536979999626055,0,0.0,
34,1795,attraction kingsideAttack long mate mateIn3 middlegame sacrifice,41,42,b6h6,False,0.0017405799237058949,17,0.5111991167068481,b6d4,False,0.0,5.826782600022852,0,0.0,
36,1640,mate mateIn1 middlegame oneMove,33,29,h5h3,True,0.39809467805182064,1,-0.3037157952785492,h5h3,True,0.9814285635948181,0.27912530000321567,0,0.0,
38,1598,advantage fork long middlegame,68,43,e6e7,False,0.3619292535746923,2,-0.3598892092704773,g4h6,True,0.9342857003211975,5.697710099979304,0,0.0,
40,1595,deflection endgame kingsideAttack long mate mateIn3 sacrifice,49,37,e8e2,False,0.00059664783451953,23,-0.8244954943656921,e8e2,False,0.0,5.910552500048652,0,0.0,
42,1893,discoveredAttack mate mateIn2 middlegame short,74,40,b2c1,False,0.046825719150552954,6,-0.4199836552143097,d4f5,True,0.9171428680419922,1.0774738999316469,0,0.0,
44,1878,crushing discoveredAttack discoveredCheck hangingPiece long middlegame sacrifice,63,40,c5b5,True,0.9574457974356638,1,0.258562296628952,c5b5,True,0.9971428513526917,6.209302200004458,0,0.0,
46,1798,master mate mateIn1 middlegame oneMove pin,41,41,g5h4,False,0.0001780995776184084,30,0.21454381942749023,g5h4,False,0.0,6.11901130003389,0,0.0,
48,1467,attraction kingsideAttack mate mateIn2 middlegame sacrifice short,31,50,b5e2,False,0.0005449816565947158,24,-0.9317657947540283,b5e2,False,0.0,3.8790026999777183,0,0.0,
50,1645,advantage middlegame pin short,23,39,g8f6,False,0.028950643734751712,6,0.03926661238074303,e5d3,True,0.4942857027053833,6.9468883000081405,0,0.0,
52,1810,exposedKing long mate mateIn3 middlegame queensideAttack,64,40,a1a8,True,0.72205479432743,1,-0.3684462010860443,a1a8,True,0.9900000095367432,1.0637611000565812,0,0.0,
54,1723,crushing long middlegame pin,66,57,e8f8,True,0.4025449253384531,1,-0.33986660838127136,e8f8,True,0.9757142663002014,1.8428869999479502,0,0.0,
56,1503,discoveredAttack discoveredCheck enPassant endgame mate mateIn2 short,66,30,d3e4,True,0.9974537558134323,1,-0.053550835698843,d3e4,True,0.9985714554786682,0.19082589994650334,0,0.0,
58,1669,crushing discoveredAttack master middlegame short,67,29,d6b4,False,0.24745331559219336,2,-0.2198307365179062,c4b3,True,0.9157142639160156,4.1370457001030445,0,0.0,
60,1635,advantage fork middlegame veryLong,24,21,d1d4,True,0.584473787484765,1,0.04566970467567444,d1d4,True,0.9828571677207947,5.160866799997166,0,0.0,
62,1511,crushing defensiveMove kingsideAttack middlegame pin veryLong,26,47,c2d2,False,0.003294475839926183,21,0.10051155835390091,c2d2,False,0.0,6.026581999962218,0,0.0,
64,1693,crushing middlegame short trappedPiece,40,42,d1e1,False,0.1642820680752056,2,0.29305633902549744,h1h4,True,0.9528571367263794,4.504110699985176,0,0.0,
66,1538,crushing endgame intermezzo long pin sacrifice skewer,74,31,c4d5,False,0.004129079029884797,13,-0.4618101119995117,c4d5,False,0.0,4.004387900000438,0,0.0,
68,1733,advantage attraction fork long middlegame sacrifice,38,41,c4a6,False,9.142293882055335e-05,14,-0.649807333946228,c4a6,False,0.0,5.868422900093719,0,0.0,
70,1673,endgame mate mateIn2 short,65,36,d5a2,True,0.7083500443519811,1,-0.8314270973205566,d5a2,True,0.9871428608894348,0.4402985000051558,0,0.0,
72,1707,advantage capturingDefender long middlegame,56,29,d1d2,False,0.07579619048384545,4,-0.9466871619224548,e1e3,True,0.6828571557998657,6.310886699939147,0,0.0,
74,1813,crushing middlegame short skewer,30,35,g4f4,False,0.16840470021800313,3,-0.16909880936145782,g4h4,True,0.9728571176528931,4.1004555999534205,0,0.0,
76,1541,advantage long middlegame skewer,65,36,f3g1,False,0.09856410627318059,4,-0.9079063534736633,f3g1,False,0.20571428537368774,4.002710200031288,0,0.0,
78,1465,advancedPawn endgame mate mateIn1 oneMove promotion,64,20,g1g8,False,0.12197123410772363,2,-0.7971818447113037,h7g8q,True,0.9714285731315613,0.28347579995170236,0,0.0,
80,1464,crushing deflection endgame exposedKing rookEndgame veryLong,125,26,h5g5,True,0.5589967686535195,1,-0.03372671455144882,h5g5,True,0.9714285731315613,4.131176399998367,0,0.0,
82,1452,crushing opening short trappedPiece,12,40,e3d2,False,0.056652376542498224,3,-0.10506986826658249,c3a4,True,0.9328571557998657,4.603552000015043,0,0.0,
84,1868,crushing kingsideAttack long master middlegame pin sacrifice,39,49,b2a3,False,0.034471011914505405,3,0.4153243899345398,e8e3,True,0.8728571534156799,5.153303900035098,0,0.0,
86,1503,anastasiaMate attraction mate mateIn2 middlegame sacrifice short,67,41,g7d4,False,0.00018418401315278818,32,-0.8714473247528076,g7e5,False,0.0,5.27008420007769,0,0.0,
88,1499,clearance endgame mate mateIn2 operaMate sacrifice short,69,25,g4f3,True,0.5990472654463704,1,-0.6452592015266418,g4f3,True,0.9828571677207947,0.4243666999973357,0,0.0,
90,1463,endgame long mate mateIn3 rookEndgame,89,12,h4g3,True,0.7185140416758904,1,-0.09663648903369904,h4g3,True,0.9871428608894348,0.5987813000101596,0,0.0,
92,1576,attraction kingsideAttack long mate mateIn3 middlegame sacrifice,53,53,c8c1,True,0.4474026481921343,1,-0.04414808750152588,c8c1,True,0.8199999928474426,5.54213419998996,0,0.0,
94,1781,crushing kingsideAttack long middlegame xRayAttack,34,42,f5e6,False,0.03958772280748603,3,0.2907668650150299,f5e6,False,0.0771428570151329,4.566271299961954,0,0.0,
96,1468,advancedPawn crushing deflection endgame promotion rookEndgame short,93,17,d3d2,False,0.24355653546014677,2,-0.815632700920105,h8h7,True,0.9671428799629211,6.249471199931577,0,0.0,
98,1599,advantage attraction deflection middlegame veryLong,42,40,d4c6,True,0.31124046941911676,1,-0.933379590511322,d4c6,True,0.9700000286102295,5.54385060002096,0,0.0,
100,1689,crushing endgame fork short,82,25,f5d5,False,0.271436435749934,2,0.2904612421989441,f5d7,True,0.6399999856948853,6.065839800052345,0,0.0,
102,1508,advantage kingsideAttack middlegame sacrifice short,32,34,h2h4,False,0.21800544046526263,2,0.23454754054546356,f4g6,True,0.36714285612106323,4.7839268000097945,0,0.0,
104,1698,crushing long middlegame pin,40,44,e4e6,True,0.2041652529104991,1,-0.37646883726119995,e4e6,True,0.9714285731315613,1.2886208998970687,0,0.0,
106,1511,endgame master mate mateIn1 oneMove operaMate,83,23,e2f2,True,0.4668010487035108,1,0.027108866721391678,e2f2,True,0.9757142663002014,0.2630319999298081,0,0.0,
108,1484,advantage fork long middlegame,47,34,e8e2,True,0.8948605762432958,1,0.38917678594589233,e8e2,True,0.9942857027053833,4.366118799895048,0,0.0,
110,1769,attraction clearance crushing endgame long pin queenRookEndgame,84,24,g6f6,True,0.20807110812191618,1,-0.8739972710609436,g6f6,True,0.9599999785423279,5.592490199953318,0,0.0,
112,1580,crushing fork long middlegame,51,38,g4e5,False,0.021625221100945308,7,-0.013170954771339893,g4e3,True,0.7314285635948181,6.0050556000787765,0,0.0,
114,1692,advantage fork middlegame short,25,39,f4e2,True,0.45000281496113304,1,-0.07033059746026993,f4e2,True,0.9828571677207947,4.492977899964899,0,0.0,
116,1541,advantage endgame fork long,61,23,c2d2,True,0.2287045873119068,1,-0.7274457812309265,c2d2,True,0.9557142853736877,8.003015099908225,0,0.0,
118,1889,advantage middlegame pin sacrifice short,35,34,f5f2,False,0.054542073874120106,7,0.004588470794260502,a6a8,False,0.0057142856530845165,7.554833599948324,0,0.0,
120,1592,attackingF2F7 mate mateIn2 middlegame pin short,36,47,c3d5,False,0.15839095903388817,2,-0.6535736322402954,e6g6,True,0.9300000071525574,6.4006337999599054,0,0.0,
122,1768,advantage discoveredAttack middlegame short,29,36,b6d6,True,0.7273112075543106,1,-0.9028796553611755,b6d6,True,0.991428554058075,4.573106199968606,0,0.0,
124,1892,crushing deflection endgame sacrifice veryLong,83,32,f5g6,False,0.003978013734566131,8,0.3216265141963959,f5g6,False,0.0,4.8799112000269815,0,0.0,
126,1587,attraction long mate mateIn3 middlegame sacrifice,46,48,c5d6,False,0.011063578853157124,15,-0.5189318060874939,c5d6,False,0.24714285135269165,4.123192599974573,0,0.0,
128,1763,crushing fork middlegame short,81,35,c4c3,False,0.16379906982712525,2,0.23260816931724548,e4c3,True,0.9614285826683044,4.518166299909353,0,0.0,
130,1587,advancedPawn advantage endgame hangingPiece knightEndgame promotion veryLong,94,8,d4e5,False,0.16182387006637763,2,0.34341633319854736,f4e5,True,0.9557142853736877,4.61619529989548,0,0.0,
132,1525,crushing deflection endgame rookEndgame short,94,22,f5b5,False,0.01038879331958053,7,-0.15618591010570526,f5b5,False,0.15857142210006714,4.588506900006905,0,0.0,
134,1781,crushing fork middlegame short trappedPiece,29,42,d6e5,True,0.29523102023093173,1,-0.18365490436553955,d6e5,True,0.9757142663002014,4.1614340000087395,0,0.0,
136,1708,discoveredAttack kingsideAttack mate mateIn2 middlegame sacrifice short,32,47,h1h7,False,0.06471761020471961,5,-0.42371872067451477,e4f6,True,0.9485714435577393,0.7272407999262214,0,0.0,
138,1762,crushing middlegame short xRayAttack,56,40,d1d5,False,0.07896157674545339,2,0.07610011845827103,d1d5,False,0.07999999821186066,4.6358794999541715,0,0.0,
140,1885,clearance crushing exposedKing fork long middlegame,58,49,e6h6,True,0.420733598285079,1,0.08262200653553009,e6h6,True,0.9585714340209961,4.268041800009087,0,0.0,
142,1879,advantage capturingDefender discoveredAttack long middlegame,29,34,d2b2,False,0.012833740854692029,4,-0.30241602659225464,d2b2,False,0.009999999776482582,5.247021099901758,0,0.0,
144,1630,advantage attraction long middlegame,56,36,e3e8,True,0.4915621774449063,1,-0.49976104497909546,e3e8,True,0.9757142663002014,6.255858900025487,0,0.0,
146,1592,crushing fork long middlegame,76,32,c8h8,True,0.8913075139620098,1,-0.8373177647590637,c8h8,True,0.9942857027053833,3.955711600021459,0,0.0,
148,1456,endgame mate mateIn1 oneMove pillsburysMate,71,25,g2g6,True,0.7571906682227678,1,-0.12017079442739487,g2g6,True,0.9871428608894348,0.17244420002680272,0,0.0,
150,1817,advantage discoveredAttack middlegame short,53,26,c6d4,False,0.1573017061727131,2,-0.8070628046989441,e7a3,True,0.9628571271896362,4.70463169994764,0,0.0,
152,1787,attraction crushing deflection endgame exposedKing master veryLong,83,19,a5b4,False,0.06324612920515424,3,-0.058985888957977295,h5h4,True,0.941428542137146,4.902479200041853,0,0.0,
154,1855,crushing deflection endgame master short,70,40,d4d7,True,0.5367253474003881,1,0.17273633182048798,d4d7,True,0.9685714244842529,4.212524600094184,0,0.0,
156,1871,attraction crushing exposedKing middlegame pin veryLong,46,42,c2g6,True,0.7667130453943805,1,0.2847357988357544,c2g6,True,0.991428554058075,2.776145900017582,0,0.0,
158,1858,advancedPawn crushing endgame pawnEndgame promotion quietMove sacrifice veryLong,74,6,d4d5,False,0.045534775993777844,4,-0.29000258445739746,a4a5,True,0.9085714221000671,7.237929799943231,0,0.0,
160,1559,kingsideAttack mate mateIn1 middlegame oneMove,26,44,b1h7,True,0.7048054074815849,1,-0.05270065367221832,b1h7,True,0.9871428608894348,0.23748689994681627,0,0.0,
162,1748,advantage hangingPiece long middlegame,60,6,b1b7,True,0.9721294301740318,1,0.6865431070327759,b1b7,True,0.9985714554786682,4.524294700007886,0,0.0,
164,1571,advantage defensiveMove long middlegame trappedPiece,34,35,g1e2,False,0.08668178085095644,4,-0.9035552740097046,d1a1,True,0.9585714340209961,5.422374499961734,0,0.0,
166,1633,advantage discoveredAttack middlegame short,43,37,b5b4,False,0.0054304291263411976,5,-0.4767843186855316,b5b4,False,0.0,5.7052454999648035,0,0.0,
168,1865,advantage master masterVsMaster middlegame short xRayAttack,53,41,c3d3,False,0.18820645181621554,2,0.36302411556243896,c3e1,True,0.9642857313156128,5.1438111999304965,0,0.0,
170,1538,attackingF2F7 mate mateIn1 middlegame oneMove,46,42,b3f7,True,0.9538056705575689,1,0.4823823571205139,b3f7,True,0.9971428513526917,0.09157620009500533,0,0.0,
172,1758,crushing long middlegame pin queensideAttack,57,35,c6c7,False,0.08822973223635497,3,-0.9773766994476318,c5b3,True,0.9557142853736877,5.648286600015126,0,0.0,
174,1494,crushing middlegame short trappedPiece,28,42,e1g1,False,0.17033555196253258,2,0.4666719138622284,c1g5,True,0.9457142949104309,4.633989099995233,0,0.0,
176,1792,advantage fork long middlegame,51,30,b7b5,False,0.21179511957418892,2,-0.5579740405082703,f8e7,True,0.9642857313156128,4.789772399934009,0,0.0,
178,1536,crushing oneMove opening pin,18,50,b1d2,False,0.2504318978484395,2,0.03444724529981613,b5d7,True,0.9728571176528931,5.023855899926275,0,0.0,
180,1835,endgame mate mateIn1 oneMove,80,33,c7d8,True,0.6012179458173,1,-0.18111862242221832,c7d8,True,0.9800000190734863,0.26078590005636215,0,0.0,
182,1843,endgame mate mateIn2 short,64,35,d5c6,False,0.35738432210730725,2,0.44019562005996704,e2e8,True,0.9514285922050476,0.6858048000140116,0,0.0,
184,1557,crushing middlegame pin short,46,41,f4g4,False,0.05940751543371996,5,0.3051944971084595,f3e5,True,0.9399999976158142,4.379491400090046,0,0.0,
186,1645,advantage attraction exposedKing fork long middlegame sacrifice,79,25,g2h2,False,0.057312404395754094,3,-0.5639115571975708,g2h2,False,0.004285714123398066,6.362489400082268,0,0.0,
188,1534,attraction clearance crushing fork long middlegame sacrifice,68,38,d3g6,False,0.01931478270329277,7,-0.1342439502477646,d3g6,False,0.0014285714132711291,5.414041999960318,0,0.0,
190,1658,attraction endgame mate mateIn2 rookEndgame sacrifice short,51,29,g7g2,False,0.00047318914785178854,25,-0.24497437477111816,g7g2,False,0.0,5.181173000019044,0,0.0,
192,1540,crushing endgame fork short,87,29,b4c5,False,0.12277657560098344,4,-0.18375857174396515,b4b8,True,0.9642857313156128,3.776954700006172,0,0.0,
194,1803,advantage endgame fork long xRayAttack,64,46,d4d8,False,0.31526036036062133,2,-0.1777409017086029,e5b8,True,0.9700000286102295,1.217837999924086,0,0.0,
196,1481,mate mateIn1 middlegame oneMove,24,51,e1c1,False,0.2668093834596366,2,-0.5083305239677429,a5d8,True,0.9614285826683044,0.3991908000316471,0,0.0,
198,1898,advantage long middlegame pin,57,45,e8b8,False,0.19040670126575862,2,-0.37238791584968567,e5f3,True,0.9557142853736877,5.813596899970435,0,0.0,
200,1798,advantage endgame long pin sacrifice,57,41,e8e2,True,0.6211960916445918,1,-0.13233689963817596,e8e5,False,0.10000000149011612,5.288259399938397,0,0.0,
202,1744,crushing middlegame pin sacrifice short,80,44,e7f6,True,0.8740503055499802,1,0.40018230676651,e7f6,True,0.9928571581840515,4.634274400072172,0,0.0,
204,1828,advantage fork long middlegame,29,40,c6c5,False,0.21565549860125793,3,-0.2818024754524231,f6e4,True,0.941428542137146,5.95907119999174,0,0.0,
206,1500,endgame exposedKing long mate mateIn3,109,23,e4e1,True,0.5145666409230116,1,-0.011773205362260342,e4e1,True,0.977142870426178,0.61918959999457,0,0.0,
208,1539,backRankMate mate mateIn2 middlegame sacrifice short,63,38,f8f7,False,0.009003950278373338,5,-0.11343038082122803,f8d8,False,0.0,5.347187299979851,0,0.0,
210,1663,mate mateIn1 middlegame oneMove,25,40,d4f3,True,0.5759687425662355,1,-0.27431145310401917,d4f3,True,0.9857142567634583,0.21792339999228716,0,0.0,
212,1587,endgame mate mateIn1 oneMove,70,25,g1g2,False,0.032583785572138944,4,-0.3223963677883148,d2d8,True,0.8628571629524231,1.1865823999978602,0,0.0,
214,1509,advantage hangingPiece long opening,25,30,f6e4,True,0.8669946925091523,1,-0.419279545545578,f6e4,True,0.9942857027053833,5.013717400026508,0,0.0,
216,1595,endgame mate mateIn2 short,84,25,e5g3,False,0.03473429679103737,5,0.11740100383758545,h3h4,True,0.8899999856948853,0.9626359000103548,0,0.0,
218,1497,advantage middlegame short trappedPiece,28,33,c3a4,True,0.42417074220484924,1,-0.5088105797767639,c3a4,True,0.9757142663002014,5.986825700034387,0,0.0,
220,1463,advancedPawn attraction crushing endgame promotion rookEndgame veryLong,87,14,c3c2,True,0.5387230089239206,1,-0.25929129123687744,c3c2,True,0.9671428799629211,8.191251400043257,0,0.0,
222,1775,advantage fork long master middlegame,41,32,c5e3,True,0.5938783209908435,1,-0.11994752287864685,c5e3,True,0.9614285826683044,4.750330500071868,0,0.0,
224,1627,crushing middlegame pin short,36,46,f2f4,False,0.19397298968866775,3,-0.04746382683515549,c3d5,True,0.9700000286102295,4.155213100020774,0,0.0,
226,1649,crushing deflection endgame short skewer,84,25,d8f8,False,0.12992249345904652,4,-0.5398072600364685,d8b8,True,0.9700000286102295,3.96623899997212,0,0.0,
228,1733,advantage fork middlegame short,45,43,e5e4,False,0.06926900349327518,4,-0.4627491235733032,h4d4,True,0.941428542137146,5.083658099989407,0,0.0,
230,1702,advantage exposedKing long middlegame sacrifice,52,4,f1f3,True,0.9750300386680641,1,-0.8410153985023499,f1f3,True,0.9985714554786682,4.378091699909419,0,0.0,
232,1625,advantage fork middlegame short,49,39,c8c2,False,0.3440423727009461,2,-0.06916595250368118,e4c3,True,0.9671428799629211,5.524424499948509,0,0.0,
234,1862,advantage opening sacrifice veryLong,16,41,b5d7,False,0.0015470384554196362,12,-0.07613040506839752,b5d7,False,0.0,4.289640299975872,0,0.0,
236,1620,discoveredCheck doubleCheck mate mateIn1 middlegame oneMove pillsburysMate,50,33,e4d6,False,0.2923778465092907,2,0.2522021234035492,e4f6,True,0.9728571176528931,0.30956399999558926,0,0.0,
238,1453,endgame mate mateIn2 short triangleMate,66,36,c2h7,True,0.9710849715463669,1,0.17854124307632446,c2h7,True,0.9985714554786682,0.32146310003008693,0,0.0,
240,1811,attraction crushing fork long master middlegame sacrifice,41,38,h5f5,False,0.0007322404595813165,13,0.03342152014374733,h5f5,False,0.0,5.049772400059737,0,0.0,
242,1467,crushing deflection discoveredAttack discoveredCheck endgame exposedKing long rookEndgame,71,3,g4f5,True,0.9718328450996347,1,0.03763773664832115,g4f5,True,0.9928571581840515,4.41612750000786,0,0.0,
244,1638,endgame mate mateIn2 short,68,37,b3e6,True,0.7888399299190957,1,-0.008995371870696545,b3e6,True,0.9928571581840515,0.29825490002986044,0,0.0,
246,1725,advantage fork long middlegame,39,31,g5e4,True,0.45096644827570226,1,-0.9761085510253906,g5e4,True,0.9800000190734863,6.592720199958421,0,0.0,
248,1470,advantage endgame fork long,70,23,d6d7,True,0.5360100027519096,1,-0.7314141392707825,d6d7,True,0.9842857122421265,4.600987000041641,0,0.0,
250,1482,advantage fork long middlegame pin,61,40,h4g3,True,0.9486401482495352,1,-0.29459312558174133,h4g3,True,0.9971428513526917,6.141025499906391,0,0.0,
252,1504,advantage long middlegame queensideAttack xRayAttack,57,33,a5e1,True,0.6975815831681251,1,-0.5302028059959412,a5e1,True,0.9871428608894348,4.645876899943687,0,0.0,
254,1559,crushing discoveredAttack middlegame short,41,42,d6e5,False,0.0020578400354204665,16,0.3750962018966675,b7b6,False,0.0,5.798471900052391,0,0.0,
256,1765,endgame long mate mateIn3 triangleMate,70,40,d6d8,True,0.570851649543077,1,0.4226236641407013,d6d8,True,0.9628571271896362,0.5031305000884458,0,0.0,
258,1595,advantage attraction discoveredAttack endgame fork sacrifice veryLong,45,33,f5d4,True,0.4659586577815698,1,-0.3969830274581909,f6d4,False,0.3199999928474426,4.859422100009397,0,0.0,
260,1793,attraction kingsideAttack mate mateIn2 middlegame sacrifice short,40,36,b2c3,False,0.19527985775066728,2,-0.7576186060905457,h1h7,True,0.9800000190734863,0.3371872999705374,0,0.0,
262,1493,crushing endgame pin short,78,34,d1g1,True,0.5896196080933995,1,0.04958755895495415,d1g1,True,0.9814285635948181,4.637511899927631,0,0.0,
264,1555,endgame long mate mateIn3,71,33,c2f2,True,0.9230083977276312,1,0.498147189617157,c2f2,True,0.9957143068313599,0.5629957999335602,0,0.0,
266,1517,mate mateIn2 middlegame operaMate sacrifice short,57,43,c2d2,False,0.004590253645023162,11,-0.989362895488739,e8e2,False,0.0,4.201626399997622,0,0.0,
268,1865,advantage attraction deflection endgame long,45,25,e6e5,False,0.0962984033264838,2,-0.06388937681913376,f5f4,True,0.9214285612106323,4.44929870008491,0,0.0,
270,1488,endgame mate mateIn2 pillsburysMate sacrifice short xRayAttack,64,36,h8g8,False,0.12078189920473392,2,-0.4664875566959381,a4e8,True,0.9614285826683044,0.5024682000512257,0,0.0,
272,1649,advantage fork opening short,33,41,d7f6,False,0.05554336673109089,4,-0.5251964926719666,e4c3,True,0.9328571557998657,5.519870099960826,0,0.0,
274,1734,advantage fork master middlegame sacrifice short,47,30,b8f8,False,0.230954157410207,2,-0.6833783984184265,g6f4,True,0.9657142758369446,5.8320796000771224,0,0.0,
276,1621,mate mateIn2 middlegame operaMate queensideAttack short,44,38,a7a8,True,0.28268018781921767,1,-0.9499107599258423,a7a8,True,0.9785714149475098,0.2879550000652671,0,0.0,
278,1762,advantage discoveredAttack fork middlegame short,44,35,d5e7,True,0.6038015751881611,1,-0.27992141246795654,d5e7,True,0.9828571677207947,4.954465399961919,0,0.0,
280,1731,crushing discoveredAttack kingsideAttack opening short,19,38,g8f6,False,0.0027145047099641027,20,-0.43603312969207764,g8f6,False,0.0,5.9974160999991,0,0.0,
282,1744,advantage defensiveMove endgame fork veryLong,57,4,d6c5,True,0.6310409865250917,1,-0.8629894852638245,d6c5,True,0.9885714054107666,6.111483299988322,0,0.0,
284,1650,advantage middlegame pin sacrifice short,60,34,d2b4,False,0.021968375376051393,10,-0.5919620990753174,e6d6,True,0.7685714364051819,5.3618476000847295,0,0.0,
286,1620,advantage hangingPiece middlegame short,50,42,e4c2,True,0.6798455292671615,1,-0.3666556775569916,e4c2,True,0.9871428608894348,4.676026799948886,0,0.0,
288,1557,advantage discoveredAttack opening short,19,30,d7b6,True,0.6773546064859507,1,-0.6868148446083069,d7b6,True,0.9885714054107666,6.79159180005081,0,0.0,
290,1510,discoveredAttack discoveredCheck kingsideAttack mate mateIn2 middlegame short,35,7,h3f5,True,0.8282156241159825,1,-0.5674634575843811,h3f5,True,0.9957143068313599,0.18470670003443956,0,0.0,
292,1484,endgame mate mateIn2 pin sacrifice short,52,40,b3f7,False,0.00013161502888327654,37,-0.7175614833831787,b3f7,False,0.0,5.423721899976954,0,0.0,
294,1760,mate mateIn2 middlegame sacrifice short,22,38,g2f3,False,0.002777456922495178,4,0.016798483207821846,g2f3,False,0.0,4.887682400061749,0,0.0,
296,1853,advantage deflection middlegame pin short,60,38,f5c5,False,0.03672430538880185,4,0.13730691373348236,f5c5,False,0.004285714123398066,5.010868199984543,0,0.0,
298,1512,deflection long mate mateIn3 middlegame sacrifice,42,49,e1e7,False,0.00010803778859186173,30,-0.8805748224258423,e1e7,False,0.0,4.493046200019307,0,0.0,
300,1720,advantage deflection endgame exposedKing long,105,22,d1c1,True,0.5062108182016162,1,-0.28172969818115234,d1c1,True,0.7528571486473083,4.921423599938862,0,0.0,
302,1549,crushing discoveredAttack opening short,22,48,e4f6,True,0.7424155106419074,1,0.13334393501281738,e4f6,True,0.9857142567634583,4.41503329994157,0,0.0,
304,1875,advancedPawn attraction crushing discoveredAttack discoveredCheck endgame fork long master pin sacrifice,61,42,e6e2,False,0.03798458180134407,5,-0.03786304593086243,f8f2,True,0.4642857015132904,5.002900399966165,0,0.0,
306,1715,endgame mate mateIn2 queenRookEndgame short,85,31,f6h6,True,0.396701155911189,1,-0.9618135094642639,f6f4,False,0.027142856270074844,4.809241799986921,0,0.0,
308,1477,advantage endgame fork short,71,25,h2e2,False,0.23253882154080452,2,0.04198918119072914,b2d1,True,0.9757142663002014,4.658580100047402,0,0.0,
310,1550,capturingDefender crushing long middlegame,29,45,c6d4,True,0.535278039126114,1,-0.10423804074525833,c6d4,True,0.9785714149475098,4.543163200025447,0,0.0,
312,1719,advantage attraction deflection long middlegame,72,39,h7g7,True,0.45505789967841687,1,-0.9880164861679077,h7g7,True,0.9757142663002014,5.888446600059979,0,0.0,
314,1650,capturingDefender crushing endgame intermezzo rookEndgame short,76,21,b3c4,False,0.2637260331478536,2,-0.01999668776988983,g4d4,True,0.9157142639160156,7.430897900019772,0,0.0,
316,1538,crushing deflection discoveredAttack long middlegame,40,37,d6c6,True,0.6851855240442659,1,-0.6822362542152405,d6c6,True,0.9871428608894348,3.997492800001055,0,0.0,
318,1729,advantage long middlegame pin,50,4,g1g2,False,0.17969880814641204,3,-0.7951327562332153,d1f3,True,0.9728571176528931,4.436821799958125,0,0.0,
320,1591,crushing fork middlegame short,30,42,d6e5,True,0.8711608049485852,1,0.28270068764686584,d6e5,True,0.9942857027053833,3.9249978999141604,0,0.0,
322,1533,endgame fork long mate mateIn3,71,17,g7g5,True,0.6880030250755904,1,-0.8384039402008057,g7g5,True,0.9885714054107666,0.4841197000350803,0,0.0,
324,1730,mate mateIn1 middlegame oneMove,34,34,b5a6,True,0.7231004575619494,1,-0.5203723907470703,b5a6,True,0.991428554058075,0.20234479999635369,0,0.0,
326,1590,advantage middlegame short skewer,33,47,e7f6,True,0.42194704295581964,1,-0.4234920144081116,e7f6,True,0.7828571200370789,6.4163202999625355,0,0.0,
328,1751,crushing interference long middlegame,21,42,g7g5,False,0.09604284439113764,4,0.003928272053599358,e6c4,True,0.8299999833106995,4.759875499992631,0,0.0,
330,1518,crushing endgame exposedKing fork long,103,23,e2f2,False,0.0032353964898837306,6,0.23045648634433746,e2f2,False,0.0,4.568736299988814,0,0.0,
332,1732,crushing deflection middlegame short,82,38,f2f5,False,0.040094509590688526,4,-0.4875310957431793,e1e7,True,0.9085714221000671,4.772197599988431,0,0.0,
334,1843,crushing deflection endgame long,72,45,e3d4,False,0.2479617100104256,2,0.14926794171333313,e3d4,False,0.037142857909202576,4.925109799951315,0,0.0,
336,1553,advantage discoveredAttack long middlegame,31,34,a6c4,True,0.9731866168240427,1,-0.5705691576004028,a6c4,True,0.9971428513526917,4.213567800004967,0,0.0,
338,1472,advantage endgame fork long,56,40,b2b7,False,0.03820771943150034,2,-0.6033177375793457,f1b5,True,0.7742857336997986,5.903532699914649,0,0.0,
340,1692,crushing long master middlegame sacrifice,76,33,a5a7,False,0.0037617960789088816,12,-0.7232761383056641,f6f3,False,0.0,6.871751800063066,0,0.0,
342,1665,advantage fork interference middlegame short,58,38,e4f5,True,0.4890940069868465,1,-0.3656255006790161,e4f5,True,0.977142870426178,5.896225000033155,0,0.0,
344,1535,endgame mate mateIn2 short,85,27,g5g4,True,0.5301621984095165,1,-0.9840626120567322,g5g4,True,0.9842857122421265,0.36218250007368624,0,0.0,
346,1698,attraction kingsideAttack master mate mateIn2 middlegame pin sacrifice short,45,41,g3h2,False,0.006861727421110296,2,0.49116432666778564,g3h2,False,0.0,8.068677400005981,0,0.0,
348,1710,advantage fork middlegame short,51,40,e4c3,True,0.4339100122791665,1,-0.9086791276931763,e4c3,True,0.977142870426178,7.990236200043,0,0.0,
350,1629,crushing endgame fork master short,87,25,e7e2,False,0.019815111351379703,5,0.13671602308750153,f4h3,True,0.7142857313156128,5.226808400009759,0,0.0,
352,1632,advantage attraction capturingDefender fork long middlegame,39,31,g7g5,False,0.0024956506650438966,12,-0.6515202522277832,g7g5,False,0.0,6.2803469999926165,0,0.0,
354,1500,advantage attackingF2F7 deflection opening short,12,43,c4f7,True,0.44058075554976756,1,-0.6333577036857605,c4f7,True,0.9814285635948181,5.636682500015013,0,0.0,
356,1758,advantage fork middlegame veryLong,52,43,c1c5,False,0.07066982424301366,4,0.027953317388892174,d3e3,False,0.25857141613960266,5.557613500044681,0,0.0,
358,1804,advantage hangingPiece middlegame short,49,27,c5b6,False,0.05372868113355553,4,0.2363273799419403,e6f5,True,0.9285714030265808,4.969837000011466,0,0.0,
360,1727,crushing deflection endgame long rookEndgame,77,14,h5h8,False,0.1875411575079978,3,-0.9990355372428894,h5h6,True,0.9671428799629211,4.9315431000432,0,0.0,
362,1476,endgame mate mateIn2 pillsburysMate sacrifice short,88,21,g8h8,False,0.130616342985821,4,-0.7248998284339905,e2g3,True,0.9728571176528931,0.46996100002434105,0,0.0,
364,1624,advantage attraction clearance kingsideAttack long middlegame sacrifice,24,43,d3h7,True,0.5837157687667066,1,-0.3477134704589844,d3h7,True,0.9728571176528931,8.43929859995842,0,0.0,
366,1565,mate mateIn2 middlegame sacrifice short,45,51,d5h5,False,0.1858823115070069,3,-0.1413329541683197,h8h4,True,0.9642857313156128,0.5976830000290647,0,0.0,
368,1622,crushing middlegame short trappedPiece,51,27,c8b7,True,0.6656999229774807,1,-0.068728968501091,c8b7,True,0.9700000286102295,4.354014499927871,0,0.0,
370,1533,kingsideAttack mate mateIn1 middlegame oneMove,46,49,c7g7,True,0.9335786227105822,1,0.6344125866889954,c7g7,True,0.9957143068313599,0.09174480009824038,0,0.0,
372,1717,advantage fork long middlegame,81,35,b5e2,False,0.27342708965184137,2,-0.4554162621498108,b5e2,False,0.02857142873108387,7.301435199915431,0,0.0,
374,1749,master mate mateIn1 oneMove opening,31,45,g4h2,False,0.05829021815763544,4,0.06853368878364563,e5e3,True,0.927142858505249,0.6521206999896094,0,0.0,
376,1494,advantage attraction long middlegame,43,40,f8f1,True,0.8379647286751558,1,-0.45818030834198,f8f1,True,0.822857141494751,6.333891800022684,0,0.0,
378,1871,attraction crushing endgame fork sacrifice veryLong,73,26,h3f1,True,0.44893773005029,1,-0.9084715247154236,h3f1,True,0.8842856884002686,6.764727499918081,0,0.0,
380,1580,advantage long middlegame pin,56,48,f1e1,False,0.14822312498548293,2,-0.6641532182693481,d5h5,True,0.918571412563324,1.5614579999819398,0,0.0,
382,1827,advantage hangingPiece long middlegame,63,2,b2b5,True,0.6279703778973189,1,-0.8029657602310181,b2b5,True,0.9857142567634583,7.154297100030817,0,0.0,
384,1506,advantage capturingDefender middlegame short,31,51,e6b6,False,0.00023901303562881538,15,-0.4399045705795288,e6d7,False,0.0,5.530429599923082,0,0.0,
386,1611,master mate mateIn1 middlegame oneMove,40,47,b5e8,True,0.9525802824734994,1,-0.22962740063667297,b5e8,True,0.9957143068313599,0.09971669991500676,0,0.0,
388,1493,advantage endgame fork short,81,28,d6d5,False,0.14342800549898624,3,-0.2116074115037918,d6c6,True,0.9385714530944824,5.00688210001681,0,0.0,
390,1504,attraction crushing deflection endgame fork long sacrifice,84,24,g5e4,False,0.0003385597285426522,22,0.09998912364244461,c8d7,False,0.0,4.546567999990657,0,0.0,
392,1656,mate mateIn2 middlegame short,61,27,d5e4,False,0.13711857179188644,2,-0.7932075262069702,g8g5,True,0.9742857217788696,0.34420629998203367,0,0.0,
394,1686,crushing deflection endgame exposedKing long,98,23,c7c6,False,0.01696275160006175,4,-0.48682141304016113,c7c6,False,0.0014285714132711291,5.331871500005946,0,0.0,
396,1839,mate mateIn2 opening short swallowstailMate,20,39,d1d5,True,0.5227865444911127,1,-0.9212064146995544,d1d5,True,0.9314285516738892,2.810423200018704,0,0.0,
398,1755,crushing endgame hangingPiece long quietMove,95,14,g3h2,True,0.9896676368447967,1,-0.6226837635040283,g3h2,True,0.9985714554786682,6.278384799952619,0,0.0,
400,1886,attackingF2F7 crushing deflection fork middlegame veryLong,30,46,g5f7,True,0.4768283751264291,1,0.7431772947311401,g5f7,True,0.9685714244842529,4.121969799976796,0,0.0,
402,1666,crushing fork long opening,17,41,f8c5,False,0.007060288693881159,9,0.07301733642816544,f8c5,False,0.0,4.960225500050001,0,0.0,
404,1459,crushing discoveredAttack endgame fork short,83,27,e3f1,True,0.4055816408612208,1,-0.5162746906280518,e3f1,True,0.9800000190734863,4.038338200072758,0,0.0,
406,1553,advantage fork long middlegame skewer,37,31,d8d1,True,0.5175680522482554,1,-0.9533571600914001,d8d1,True,0.9828571677207947,4.488964800024405,0,0.0,
408,1808,advantage fork long master middlegame sacrifice,58,42,e4g5,False,0.014904192459646363,8,-0.4713473320007324,e4f6,True,0.5942857265472412,5.067456400021911,0,0.0,
410,1536,kingsideAttack master mate mateIn2 middlegame operaMate sacrifice short,53,46,b7g2,False,0.007323980866764627,9,-0.9849119782447815,b7g2,False,0.0,4.52027909993194,0,0.0,
412,1647,discoveredCheck doubleCheck mate mateIn2 middlegame short triangleMate,50,43,g2g3,False,0.09489042151586566,4,-0.9958714842796326,d5d7,True,0.9685714244842529,0.4638209000695497,0,0.0,
414,1706,advantage capturingDefender long middlegame,32,58,e5c6,False,0.1543463814776861,2,-0.5056913495063782,e5d7,True,0.9528571367263794,4.794119999976829,0,0.0,
416,1462,capturingDefender crushing long middlegame,26,53,g6e4,False,0.32739268599303967,2,-0.2167721688747406,g6e4,False,0.19285714626312256,4.73503109999001,0,0.0,
418,1757,backRankMate mate mateIn2 middlegame sacrifice short,35,46,b8b7,False,0.05608710147885193,4,-0.8822193145751953,f2f1,True,0.9471428394317627,0.48406120005529374,0,0.0,
420,1724,advantage long opening sacrifice,22,24,d2b4,True,0.7261013280165445,1,-0.10426625609397888,d2b4,True,0.9900000095367432,5.849248900078237,0,0.0,
422,1517,endgame mate mateIn1 oneMove,61,27,g7g5,True,0.44599775528451213,1,-0.35203954577445984,g7g5,True,0.9828571677207947,0.20416380011010915,0,0.0,
424,1509,advantage deflection middlegame short,61,45,h4g5,False,0.16893765486805232,2,0.023205328732728958,b1c1,True,0.9628571271896362,4.128265899955295,0,0.0,
426,1576,crushing fork middlegame short,43,50,c4d3,True,0.3271417244639875,1,-0.5824441313743591,c4d3,True,0.9757142663002014,4.754645199980587,0,0.0,
428,1485,crushing discoveredCheck doubleCheck kingsideAttack middlegame short,47,31,c5b6,False,0.2464357515718029,2,-0.6683395504951477,d4f3,True,0.9757142663002014,4.506495699984953,0,0.0,
430,1485,kingsideAttack mate mateIn2 middlegame operaMate sacrifice short,43,49,d3e5,False,0.1593462366049175,2,-0.7872503995895386,b8g3,True,0.9785714149475098,0.4401471000164747,0,0.0,
432,1778,advantage endgame master pin short,69,29,c3a3,False,0.0007716696956991005,13,-0.26282188296318054,c3b3,False,0.0,5.241188199957833,0,0.0,
434,1661,endgame mate mateIn2 short,68,36,h2h7,False,0.09132873815477677,3,-0.0964636281132698,h2h8,True,0.9599999785423279,0.658171399962157,0,0.0,
436,1723,discoveredAttack discoveredCheck mate mateIn2 middlegame pillsburysMate short,58,34,a6a1,False,0.037801007567366866,5,-0.687128484249115,c3c4,True,0.8928571343421936,0.9324334999546409,0,0.0,
438,1822,mate mateIn2 middlegame operaMate sacrifice short,58,45,g1g7,False,0.0001808127354909899,43,-0.8002082109451294,d6d7,False,0.0,5.603842000011355,0,0.0,
440,1607,kingsideAttack mate mateIn1 oneMove opening,32,48,f1f8,True,0.9274268451382462,1,0.8199597001075745,f1f8,True,0.9957143068313599,0.14846409996971488,0,0.0,
442,1699,kingsideAttack mate mateIn1 oneMove opening,31,38,e5h2,True,0.5362196432332933,1,0.1890690177679062,e5h2,True,0.9700000286102295,0.5885556999128312,0,0.0,
444,1609,endgame long mate mateIn3,35,34,b7b1,True,0.8492927123959606,1,-0.3083435297012329,b7b1,True,0.9942857027053833,1.0279003001051024,0,0.0,
446,1533,attraction long mate mateIn3 middlegame operaMate sacrifice,38,51,g3g8,False,1.173913364622393e-05,47,0.018858272582292557,f2f4,False,0.0,6.623074100003578,0,0.0,
448,1688,advantage clearance kingsideAttack middlegame pin sacrifice veryLong,45,43,e5f3,True,0.5418107731465462,1,-0.47849512100219727,e5f3,True,0.9785714149475098,4.983570100041106,0,0.0,
450,1510,mate mateIn1 middlegame oneMove operaMate,29,41,g2f2,True,0.6702355056269418,1,0.674793004989624,g2f2,True,0.9857142567634583,0.16927519999444485,0,0.0,
452,1775,attraction endgame long mate mateIn3 sacrifice,70,30,a1a8,False,0.004213257776077277,20,0.5630853176116943,e4e5,False,0.0,5.458035800023936,0,0.0,
454,1608,kingsideAttack mate mateIn1 middlegame oneMove,42,38,e4h7,True,0.7845912595114891,1,-0.03881298005580902,e4h7,True,0.991428554058075,0.13339410000480711,0,0.0,
456,1835,discoveredAttack kingsideAttack mate mateIn2 middlegame sacrifice short,25,34,e5d3,False,0.000676014922140385,16,0.08277396857738495,g4e3,False,0.0,4.276231499970891,0,0.0,
458,1573,crushing fork opening short,15,33,e7e5,True,0.5922615797780665,1,-0.03118610382080078,e7e5,True,0.977142870426178,4.7451997000025585,0,0.0,
460,1453,balestraMate endgame mate mateIn2 short,87,39,e4f3,True,0.8906752269911726,1,-0.5759760737419128,e4f3,True,0.9942857027053833,0.4555194000713527,0,0.0,
462,1583,crushing discoveredAttack discoveredCheck endgame short,88,31,f4f5,False,0.09877388853474206,2,0.1436077207326889,a7f7,True,0.9428571462631226,3.9045991000020877,0,0.0,
464,1493,crushing hangingPiece opening short,25,39,c7c1,True,0.628816319219613,1,-0.17906229197978973,c7c1,True,0.9842857122421265,4.852112199994735,0,0.0,
466,1670,crushing discoveredAttack long middlegame,35,40,f8g8,False,0.1450213767792374,3,-0.44428208470344543,f8g8,False,0.08285713940858841,5.401887099957094,0,0.0,
468,1593,attraction long mate mateIn3 middlegame sacrifice,49,40,b8h8,False,0.05310054317008621,5,-0.5792490243911743,h2h1,True,0.9257143139839172,1.0519290999509394,0,0.0,
470,1882,crushing discoveredAttack long middlegame,39,43,d7f6,False,0.016595640220868426,3,-0.27000460028648376,d7f6,False,0.0014285714132711291,6.44169280002825,0,0.0,
472,1790,advantage endgame fork long sacrifice,77,34,g8g7,False,0.007811921496134131,13,-0.8584442734718323,g8g7,False,0.0,5.077045900048688,0,0.0,
474,1508,mate mateIn1 middlegame oneMove,52,44,b1g6,True,0.311164629321633,1,0.8870805501937866,b1g6,True,0.9385714530944824,0.5424627000465989,0,0.0,
476,1514,crushing exposedKing fork long middlegame,49,39,g5h5,True,0.5341834957811322,1,-0.774072527885437,g5h5,True,0.9814285635948181,4.113119499990717,0,0.0,
478,1531,mate mateIn1 middlegame oneMove swallowstailMate,32,32,h4f6,True,0.5421987614535504,1,-0.12205218523740768,h4f6,True,0.9814285635948181,0.1837383999954909,0,0.0,
480,1603,endgame master mate mateIn2 short,104,26,f6h8,True,0.6063726176295636,1,-0.31995677947998047,f6h8,True,0.9885714054107666,0.5639465000713244,0,0.0,
482,1464,endgame fork mate mateIn5 veryLong,58,29,h2h7,True,0.887254982860954,1,-0.8636474609375,h2h7,True,0.9928571581840515,1.0447610000846907,0,0.0,
484,1581,advantage capturingDefender hangingPiece middlegame short,39,31,b2a4,True,0.9881360284505509,1,-0.3455562889575958,b2a4,True,0.9985714554786682,5.130892600049265,0,0.0,
486,1582,advantage capturingDefender long middlegame xRayAttack,45,39,b8b7,False,0.30787643068047943,2,0.0634610503911972,c4b4,True,0.9742857217788696,5.742792600067332,0,0.0,
488,1681,kingsideAttack mate mateIn2 middlegame pin sacrifice short,32,44,f3d5,False,0.0007982502611332193,17,-0.301684707403183,c4f7,False,0.0,4.9787856000475585,0,0.0,
490,1617,mate mateIn2 middlegame short,63,32,h5h2,False,0.03526229133815795,3,0.24715763330459595,h7b1,True,0.6200000047683716,2.6520601001102477,0,0.0,
492,1874,attraction endgame long mate mateIn3 queenEndgame,68,22,h3h2,False,0.185789995952567,3,-0.13842570781707764,h4h5,True,0.9614285826683044,0.502182999975048,0,0.0,
494,1743,endgame mate mateIn2 short,62,23,g3b8,True,0.5596465327914318,1,-0.3995753526687622,g3b8,True,0.9842857122421265,0.4061944999266416,0,0.0,
496,1668,crushing defensiveMove endgame long rookEndgame skewer,86,6,c3c4,True,0.31395012132681444,1,-0.11395258456468582,c3c4,True,0.9714285731315613,0.6405926999868825,0,0.0,
498,1514,endgame master masterVsMaster mate mateIn1 oneMove,111,15,f5g7,False,0.20436216141591834,3,-0.9721887111663818,e4f3,True,0.977142870426178,0.19225740002002567,0,0.0,
500,1707,advantage middlegame pin short,61,43,f2g2,False,0.006494905499410014,13,0.006623591296374798,f2g2,False,0.0,6.502531999954954,0,0.0,
502,1732,crushing discoveredAttack endgame master queenEndgame short,89,32,b7b5,False,0.1511838285762123,2,-0.5443708300590515,d6d5,True,0.9742857217788696,4.407611700007692,0,0.0,
504,1691,advantage attraction discoveredAttack discoveredCheck endgame exposedKing long,62,2,b2b3,False,0.45406361794456945,2,-0.9961389899253845,d2c1,True,0.977142870426178,5.2217418999644,0,0.0,
506,1471,endgame mate mateIn1 oneMove,62,31,a7c7,True,0.3379927646790017,1,0.9577765464782715,a7c7,True,0.9585714340209961,0.37943849992007017,0,0.0,
508,1529,attraction kingsideAttack mate mateIn4 middlegame sacrifice veryLong,52,37,h3h6,True,0.7464574269167034,1,-0.6006566882133484,h3h6,True,0.9857142567634583,1.2706400000024587,0,0.0,
510,1715,crushing middlegame pin short,52,33,f1f6,False,0.04962486746028508,5,-0.5727863907814026,f1f7,True,0.9357143044471741,3.087168899946846,0,0.0,
512,1549,endgame hookMate mate mateIn2 short,59,40,a8a2,True,0.6348513256666887,1,0.12476803362369537,a8a2,True,0.9857142567634583,0.39925989997573197,0,0.0,
514,1651,crushing deflection endgame interference long,73,27,f1g3,False,0.23286497570683218,2,-0.06425420194864273,h2d2,True,0.9742857217788696,4.51457990007475,0,0.0,
516,1531,crushing discoveredAttack endgame long,62,27,h3g2,False,0.038315667570098015,2,-0.9505453705787659,h3e6,True,0.8971428275108337,4.950805199914612,0,0.0,
518,1521,crushing fork middlegame sacrifice veryLong,46,50,e2d4,False,0.016044214036790287,7,0.38029542565345764,e2d4,False,0.008571428246796131,5.287861799937673,0,0.0,
520,1483,bishopEndgame crushing discoveredAttack endgame short,104,6,h5g6,False,0.20108670777204848,2,-0.9670135974884033,g4g5,True,0.977142870426178,6.554447800037451,0,0.0,
522,1649,deflection kingsideAttack long mate mateIn3 middlegame sacrifice,43,50,e5e1,False,0.0016900361018638557,16,-0.7171710133552551,b6d4,False,0.0,5.832639799918979,0,0.0,
524,1500,attraction kingsideAttack long mate mateIn3 middlegame sacrifice,53,33,e7h4,False,0.13520406469818733,2,-0.9351000189781189,h8h1,True,0.9671428799629211,0.5592599000083283,0,0.0,
526,1722,advantage discoveredAttack discoveredCheck long middlegame,44,37,h2h3,False,0.09711493724939008,4,-0.39771369099617004,f1f6,True,0.45571428537368774,6.045371500076726,0,0.0,
528,1791,advancedPawn bishopEndgame capturingDefender crushing endgame long,68,11,f5f6,True,0.3802934809932736,1,-0.39489489793777466,f5f6,True,0.7300000190734863,4.798144100001082,0,0.0,
530,1534,advancedPawn deflection discoveredAttack discoveredCheck endgame mate mateIn2 promotion short,70,17,d5f7,False,0.0484615492493012,2,-0.3843430280685425,c6c7,True,0.9571428298950195,0.6153734000399709,0,0.0,
532,1637,advantage attraction fork long middlegame sacrifice,63,33,f7f6,False,0.0012115900122865913,17,-0.9868704080581665,h4f3,False,0.0,5.0830818000249565,0,0.0,
534,1808,attraction discoveredAttack discoveredCheck mate mateIn2 middlegame sacrifice short,55,41,h3h4,False,0.008743428012572801,9,-0.10642242431640625,h3h4,False,0.0,5.931431400007568,0,0.0,
536,1576,endgame mate mateIn1 oneMove,66,38,d7f7,False,0.00012604679848960624,28,0.379254013299942,d7d8,False,0.0,4.892846700036898,0,0.0,
538,1732,advantage attraction long middlegame sacrifice skewer,73,32,f7f4,False,0.06140906958663697,5,-0.8018084764480591,f7f2,True,0.9428571462631226,4.7056472999975085,0,0.0,
540,1620,advantage fork master middlegame short,32,35,d2d5,True,0.667511910587416,1,-0.6748877763748169,d2d5,True,0.9871428608894348,5.7140011000446975,0,0.0,
542,1837,crushing exposedKing fork long middlegame,51,39,d8d3,False,0.18087523811594575,3,0.15593095123767853,a2a1,True,0.9628571271896362,4.313722199993208,0,0.0,
544,1466,advancedPawn mate mateIn2 middlegame promotion short,79,41,d1e1,False,0.0039013036829027526,15,-0.21951648592948914,f5d3,False,0.0,6.492521999985911,0,0.0,
546,1594,crushing deflection endgame long,54,48,e1e6,True,0.7845825010735684,1,-0.07490547001361847,e1e6,True,0.9657142758369446,5.021736799972132,0,0.0,
548,1753,hangingPiece mate mateIn1 middlegame oneMove,66,34,g8f7,False,0.4766610785693847,2,0.7469404935836792,f1f7,True,0.9457142949104309,0.5937522000167519,0,0.0,
550,1816,advantage fork long opening,15,43,a6b5,True,0.9194779880157288,1,-0.06916148960590363,a6b5,True,0.9971428513526917,4.493934500031173,0,0.0,
552,1703,mate mateIn1 middlegame oneMove,43,39,c6f6,False,0.261609517959842,2,0.313302606344223,f4h3,True,0.9528571367263794,0.44557569990865886,0,0.0,
554,1859,attraction crushing endgame exposedKing veryLong,63,42,b7g2,True,0.4307732073466019,1,-0.6470913887023926,b7e4,False,0.06428571790456772,4.610681200050749,0,0.0,
556,1657,crushing fork middlegame veryLong,49,42,e6e1,True,0.653073905109161,1,-0.7660925984382629,e6e1,True,0.9857142567634583,4.259314299910329,0,0.0,
558,1565,backRankMate endgame fork mate mateIn2 short,57,20,f4e3,True,0.2888605407405918,1,-0.9927164912223816,f4e3,True,0.9757142663002014,0.3651553998934105,0,0.0,
560,1638,kingsideAttack long mate mateIn3 middlegame,37,35,f8f2,True,0.9124675771612505,1,-0.8440025448799133,f8f2,True,0.9942857027053833,0.41561949998140335,0,0.0,
562,1603,crushing long middlegame trappedPiece,27,45,f7f5,True,0.31269507894959553,1,-0.015265127643942833,f7f5,True,0.9614285826683044,5.771813599974848,0,0.0,
564,1727,crushing discoveredAttack middlegame short,38,47,d6d8,True,0.8396643924338106,1,0.11671729385852814,d6d8,True,0.9928571581840515,4.526631599990651,0,0.0,
566,1631,crushing defensiveMove middlegame sacrifice short,50,4,g2g1,False,0.3936975300675341,2,0.03208353370428085,f2f3,True,0.9471428394317627,5.656950600096025,0,0.0,
568,1513,advantage fork long opening,24,37,h4g6,True,0.8728453271878421,1,-0.3052366375923157,h4g6,True,0.9928571581840515,4.841381400008686,0,0.0,
570,1657,endgame mate mateIn1 oneMove,136,27,a2a1,True,0.6486242473289734,1,-0.958919107913971,a2a1,True,0.991428554058075,0.18609279999509454,0,0.0,
572,1509,crushing discoveredAttack fork long middlegame sacrifice,29,43,f6g6,False,0.020975886994456745,7,-0.5275411605834961,f6f1,True,0.7385714054107666,4.161223900038749,0,0.0,
574,1499,mate mateIn1 middlegame oneMove,34,42,d1d8,False,0.07919428951107967,3,-0.03127308189868927,c4f7,True,0.9628571271896362,0.5437915000366047,0,0.0,
576,1630,crushing endgame hangingPiece master short,72,2,e3e1,True,0.9942369946921757,1,-0.3254150450229645,e3e1,True,1.0,4.5650102000217885,0,0.0,
578,1480,advantage fork opening short,24,39,e2g4,True,0.6685722740846736,1,-0.042868852615356445,e2g4,True,0.9885714054107666,3.993409899994731,0,0.0,
580,1465,endgame mate mateIn2 short,76,30,d1d8,True,0.4872045866408506,1,-0.5119192600250244,d1d8,True,0.9828571677207947,0.3888869999209419,0,0.0,
582,1852,endgame mate mateIn2 short,59,37,f1h1,False,0.2871596508165276,2,0.23097527027130127,g4g3,True,0.977142870426178,0.3029340000357479,0,0.0,
584,1685,crushing hangingPiece middlegame short,27,39,a2c4,True,0.652229426901606,1,0.08783034235239029,a2c4,True,0.9885714054107666,4.1388320999685675,0,0.0,
586,1734,advantage discoveredAttack kingsideAttack long opening,29,45,d4e2,True,0.7552146854292332,1,0.10427651554346085,d4e2,True,0.9599999785423279,5.192407299997285,0,0.0,
588,1546,mate mateIn1 oneMove opening,24,37,e3b6,True,0.6200558165811215,1,-0.0681237056851387,e3b6,True,0.9800000190734863,0.36466409999411553,0,0.0,
590,1495,advantage fork long middlegame,46,37,d2f1,False,0.19622541223289788,2,-0.3397805094718933,f3f4,True,0.8357142806053162,6.900600899942219,0,0.0,
592,1808,discoveredAttack discoveredCheck endgame mate mateIn1 oneMove,66,4,e1f2,False,0.035085796825009875,4,-0.9253661036491394,h6c1,True,0.8828571438789368,0.935058300034143,0,0.0,
594,1475,mate mateIn2 middlegame pin short,65,37,h4h3,True,0.47279202736090103,1,0.10635469108819962,h4h3,True,0.9800000190734863,0.6295296000316739,0,0.0,
596,1661,attraction crushing fork middlegame sacrifice veryLong,52,41,f2e3,False,0.02568809497139316,7,-0.6732771992683411,f2e3,False,0.004285714123398066,5.342938799993135,0,0.0,
598,1731,attraction backRankMate mate mateIn2 middlegame sacrifice short,30,44,e3d4,False,0.0023165697926527426,14,0.02634064108133316,e3d4,False,0.0,5.677695999969728,0,0.0,
600,1813,crushing endgame fork master short,75,32,b2d4,True,0.7481067027605194,1,-0.8244727849960327,b2d4,True,0.9885714054107666,5.885170900030062,0,0.0,
602,1753,crushing endgame fork short,44,44,c5e4,False,0.16418399853954,2,0.13128946721553802,c5b7,True,0.9100000262260437,5.07259790005628,0,0.0,
604,1722,advantage middlegame pin veryLong,56,38,a4d4,False,0.19847309336176255,2,-0.7712286114692688,a4c4,True,0.9728571176528931,5.666953000007197,0,0.0,
606,1602,advantage intermezzo kingsideAttack long master middlegame pin,52,37,f5h5,False,0.017946223168880903,3,0.4744381904602051,g7h7,True,0.6585714221000671,5.6935620999429375,0,0.0,
608,1478,advantage discoveredAttack endgame long,78,34,c3f6,False,0.007052767115145518,6,-0.9353417754173279,c3f6,False,0.0,4.6384217999875546,0,0.0,
610,1727,attraction endgame mate mateIn2 sacrifice short,77,27,f5f4,False,0.0005453731318394855,19,0.31983035802841187,f5f4,False,0.0,4.334959300002083,0,0.0,
612,1521,advantage defensiveMove hangingPiece middlegame short,47,35,d4c2,True,0.7291710077932463,1,-0.07850339263677597,d4c2,True,0.9871428608894348,4.790229400037788,0,0.0,
614,1567,advantage discoveredAttack opening short,18,26,f3d4,True,0.9468238960732144,1,0.18054521083831787,f3d4,True,0.9942857027053833,4.627324900007807,0,0.0,
616,1597,advancedPawn advantage kingsideAttack long middlegame pin,49,43,g6g2,False,0.04702460688060975,3,0.1585955023765564,f3f2,True,0.9142857193946838,3.105056899948977,0,0.0,
618,1619,crushing endgame pin short,53,33,d2f2,False,0.00016100976620881104,24,-0.13238999247550964,d2f2,False,0.0,5.812214499921538,0,0.0,
620,1780,advantage attraction middlegame queensideAttack short,25,52,d8e7,False,0.3049546447394007,2,0.22832012176513672,g7b2,True,0.9714285731315613,4.406462499988265,0,0.0,
622,1866,attraction exposedKing long master mate mateIn3 middlegame sacrifice,72,42,f4g6,False,0.06928549468306304,3,-0.47879931330680847,g3g8,True,0.7400000095367432,2.0995782999088988,0,0.0,
624,1504,kingsideAttack mate mateIn2 middlegame short,31,35,d7g4,True,0.6113868455606202,1,0.14810486137866974,d7g4,True,0.9842857122421265,0.31511830003000796,0,0.0,
626,1459,advantage fork long opening,23,39,e4f5,False,0.34645270440394554,2,-0.8921923041343689,e4c4,True,0.9742857217788696,5.303271300042979,0,0.0,
628,1586,advantage deflection endgame short,71,38,b7a6,False,0.0004971603465881419,24,0.5239422917366028,b7a6,False,0.0,5.213487699977122,0,0.0,
630,1497,advantage endgame hangingPiece pin short,44,32,g6e6,True,0.9855863500677318,1,-0.1519518941640854,g6e6,True,0.9985714554786682,5.720843799994327,0,0.0,
632,1663,crushing endgame intermezzo long pin sacrifice,55,40,e4f2,False,0.005159144964005179,16,-0.45787879824638367,d6h2,False,0.0,6.336528399959207,0,0.0,
634,1539,crushing long middlegame pin,36,35,c1b1,False,0.22295452521546635,2,-0.5277611613273621,f3f6,True,0.9714285731315613,4.9397980000358075,0,0.0,
636,1627,crushing endgame master pin short,79,33,d6h2,False,0.06647381917420332,2,-0.31386443972587585,c7b6,True,0.9457142949104309,5.650692000053823,0,0.0,
638,1467,advantage hangingPiece intermezzo middlegame short,26,31,e1d1,False,0.4408520530738074,2,-0.0007415821310132742,f5e7,True,0.9700000286102295,4.350334299961105,0,0.0,
640,1608,advantage attraction middlegame sacrifice short,42,42,f4d2,False,0.24971720979009146,2,-0.5160236954689026,c7e7,True,0.9285714030265808,6.713138399994932,0,0.0,
642,1796,advantage endgame fork long skewer,45,33,e8e3,False,0.2316136323285992,2,-0.306988000869751,g7h6,True,0.9657142758369446,5.777886900003068,0,0.0,
644,1532,advantage hangingPiece middlegame short,65,33,g6f5,True,0.6988602071212966,1,0.23829799890518188,g6f5,True,0.8471428751945496,5.269045899971388,0,0.0,
646,1775,advantage fork long middlegame,62,35,f4e3,False,0.1407012577247189,3,-0.989879310131073,f3d5,True,0.9757142663002014,4.28508210007567,0,0.0,
648,1787,crushing fork long middlegame,63,33,d7f7,False,0.05734711546638563,5,-0.957360029220581,h7h2,True,0.8328571319580078,5.35014009999577,0,0.0,
650,1685,crushing long middlegame pin,44,41,h1d1,False,0.16882246659943675,2,0.06690475344657898,g5f6,True,0.9485714435577393,3.2282404999714345,0,0.0,
652,1536,crushing fork middlegame pin short,54,42,d6e5,False,0.24331452375537027,2,-0.6639406085014343,f5h6,True,0.9742857217788696,3.4217539000092074,0,0.0,
654,1875,advantage deflection discoveredAttack discoveredCheck middlegame veryLong,45,31,g5g2,True,0.33791063862449994,1,-0.9768132567405701,g5g2,True,0.9614285826683044,4.509396600071341,0,0.0,
656,1689,crushing endgame fork short,105,17,e7e6,False,0.04100958865217849,3,0.14680273830890656,b5d4,True,0.9014285802841187,4.3463418000610545,0,0.0,
658,1647,advantage capturingDefender endgame fork long,46,41,f4c7,True,0.48760374951037305,1,-0.11420679837465286,f4c7,True,0.9742857217788696,5.6226049000397325,0,0.0,
660,1469,master mate mateIn1 middlegame oneMove,40,42,e6d8,False,0.2238706968930933,2,0.4481281042098999,e6g7,True,0.9442856907844543,0.6275134000461549,0,0.0,
662,1639,advantage fork long middlegame,65,35,d7e7,True,0.7364178491308541,1,-0.5636886358261108,d7e7,True,0.9900000095367432,4.479914600029588,0,0.0,
664,1815,capturingDefender crushing middlegame short,36,47,f5g6,False,0.09731753617036486,3,-0.4588172137737274,c3d5,True,0.9685714244842529,4.330138299963437,0,0.0,
666,1638,backRankMate endgame mate mateIn2 sacrifice short,56,30,f4e6,False,0.0984069344870823,2,-0.9741632342338562,c1c8,True,0.9657142758369446,0.6850861000129953,0,0.0,
668,1887,endgame mate mateIn2 short,43,38,a8f8,False,0.09591315908083523,4,0.02170400694012642,f4e3,True,0.954285740852356,0.5877889998955652,0,0.0,
670,1749,crushing endgame long skewer,67,35,h8h1,False,0.20497399167845254,2,-0.3772937059402466,b5d3,True,0.8514285683631897,4.785883700009435,0,0.0,
672,1695,advantage fork middlegame short,48,29,h3g5,True,0.6572903241143594,1,-0.8249260187149048,h3g5,True,0.9885714054107666,5.57705329998862,0,0.0,
674,1502,crushing discoveredAttack discoveredCheck endgame master short,100,27,a6a5,False,0.31654854329405974,2,-0.12273233383893967,c4e6,True,0.9685714244842529,4.300468500005081,0,0.0,
676,1610,crushing endgame fork long,54,28,e5f6,False,0.1822723051946366,2,-0.25779449939727783,f1f6,True,0.9057142734527588,4.389405199908651,0,0.0,
678,1651,endgame mate mateIn1 oneMove,94,31,e4f3,False,0.1024541695148209,4,-0.7556359767913818,g3g4,True,0.9642857313156128,0.505468099960126,0,0.0,
680,1736,advantage clearance long middlegame trappedPiece,46,46,a2a4,False,0.08214512805069601,4,-0.7840657234191895,g1h1,True,0.9528571367263794,5.507618100033142,0,0.0,
682,1751,crushing deflection endgame short,87,17,b2b4,True,0.8071094852226176,1,-0.3351576328277588,b2b4,True,0.9885714054107666,4.18327780009713,0,0.0,
684,1547,mate mateIn1 oneMove opening,25,38,h4f2,True,0.7359403771279738,1,0.19171886146068573,h4f2,True,0.9900000095367432,0.1955731000052765,0,0.0,
686,1571,attraction crushing endgame fork long sacrifice,61,30,c8d8,False,0.020182136443945186,7,-0.7048208713531494,c8b7,False,0.36142855882644653,5.198739200015552,0,0.0,
688,1683,crushing kingsideAttack middlegame pin short,34,41,d5f6,True,0.4034604198807379,1,0.06538563221693039,d5f6,True,0.9599999785423279,4.028477400075644,0,0.0,
690,1532,backRankMate long mate mateIn3 middlegame,32,41,a4b4,True,0.8157426279450547,1,-0.8632943034172058,a4b4,True,0.9928571581840515,0.37263070000335574,0,0.0,
692,1480,crushing endgame fork short,53,36,e8e4,False,0.21501762496315,2,0.3916272819042206,g3d3,True,0.977142870426178,4.553702799952589,0,0.0,
694,1510,crushing long middlegame sacrifice,55,43,f3g3,False,0.05372051870722206,3,-0.5789054036140442,h5h3,True,0.927142858505249,4.637836099951528,0,0.0,
696,1876,crushing endgame queenEndgame skewer veryLong,169,25,e1h1,True,0.4468736758868368,1,0.08169378340244293,e1e8,False,0.08571428805589676,4.816963099990971,0,0.0,
698,1709,endgame fork mate mateIn2 short,69,36,g4d1,False,0.0927508015827217,2,0.21382442116737366,g4h3,True,0.9685714244842529,0.9767032000236213,0,0.0,
700,1710,advantage endgame fork master short,84,22,c2a2,False,0.24207803781797121,2,-0.2818264365196228,b4d5,True,0.9700000286102295,4.628939700080082,0,0.0,
702,1698,backRankMate mate mateIn2 middlegame sacrifice short,57,44,f2h2,False,0.0018601756458293125,6,-0.6448072791099548,f2h2,False,0.0,5.385748100001365,0,0.0,
704,1465,bishopEndgame crushing endgame short skewer,84,14,h3g4,False,0.005289989025945236,5,-0.4782317280769348,e8f7,True,0.9328571557998657,5.869308599969372,0,0.0,
706,1888,advantage intermezzo kingsideAttack long middlegame pin,39,50,f5f4,False,0.02097642779862808,4,0.12649697065353394,d6h2,True,0.7400000095367432,6.137719099991955,0,0.0,
708,1595,crushing discoveredAttack hangingPiece middlegame short,49,24,e5f4,False,0.3135313722351888,2,-0.9741997122764587,f8c5,True,0.977142870426178,3.8905507000163198,0,0.0,
710,1630,endgame master mate mateIn2 short,75,39,c6h1,True,0.724455724479006,1,-0.2522454261779785,c6h1,True,0.9900000095367432,0.38545029994565994,0,0.0,
712,1526,advantage fork middlegame sacrifice veryLong,49,42,b8b3,True,0.5997309526823418,1,-0.5684211850166321,b8b3,True,0.9857142567634583,3.5329671000363305,0,0.0,
714,1524,mate mateIn1 middlegame oneMove,83,26,h3g2,True,0.959858049670297,1,0.14995087683200836,h3g2,True,0.9971428513526917,0.10762649995740503,0,0.0,
716,1546,long master mate mateIn3 middlegame pin sacrifice,62,39,c6e6,False,0.00046240325099956934,31,-0.48727041482925415,c4f7,False,0.0,4.865060400101356,0,0.0,
718,1465,endgame mate mateIn2 rookEndgame short,69,21,d8d1,True,0.709488694625721,1,0.054893989115953445,d8d1,True,0.9842857122421265,0.33669259992893785,0,0.0,
720,1856,crushing defensiveMove endgame hangingPiece short,89,37,c2b1,True,0.8267132869399115,1,-0.22932149469852448,c2b1,True,0.9928571581840515,1.1728548998944461,0,0.0,
722,1739,advancedPawn advantage attraction endgame fork promotion veryLong,73,20,d2d1q,False,0.008077030872945026,4,-0.36660975217819214,d2d1r,False,0.0,1.9683429000433534,0,0.0,
724,1770,advantage deflection endgame long,84,25,c1c3,False,0.004613807031828551,16,-0.3959072232246399,c1c3,False,0.011428571306169033,4.36805569997523,0,0.0,
726,1635,advantage middlegame pin short,48,33,c4e3,True,0.52842057479292,1,-0.7441775798797607,c4e3,True,0.8185714483261108,6.512511300039478,0,0.0,
728,1589,crushing fork middlegame short,60,34,f3e1,False,0.17186584434656232,2,-0.8178118467330933,c3c4,True,0.9757142663002014,4.360738000017591,0,0.0,
730,1821,advantage endgame fork veryLong,69,25,b4b2,True,0.9070434148429782,1,-0.7360824942588806,b4b2,True,0.9957143068313599,7.091506200027652,0,0.0,
732,1789,advantage clearance fork long middlegame sacrifice,42,39,g1e2,False,0.1547767602522646,2,-0.7786998748779297,c3d5,True,0.9485714435577393,6.693293599993922,0,0.0,
734,1848,advancedPawn advantage endgame long promotion sacrifice,96,15,g2h3,False,0.01087350527024493,9,-0.8476805686950684,g2h3,False,0.22714285552501678,5.301019900012761,0,0.0,
736,1639,crushing deflection long middlegame,52,36,h7g6,True,0.9182063664817406,1,0.113831527531147,h7g6,True,0.9942857027053833,4.4033610000042245,0,0.0,
738,1666,crushing middlegame pin short,33,29,g7h6,True,0.4114140067387515,1,0.33999356627464294,g7h6,True,0.9228571653366089,4.829784599947743,0,0.0,
740,1531,advantage endgame fork short,56,40,h4d4,True,0.6230213486601938,1,-0.6301300525665283,h4d4,True,0.9857142567634583,4.752452000044286,0,0.0,
742,1653,advantage attraction fork long middlegame,59,31,e2e1,False,0.2272967448552004,3,-0.9489947557449341,e2d2,True,0.9585714340209961,4.904567699995823,0,0.0,
744,1796,advantage discoveredAttack middlegame short,34,42,e4c5,False,0.3193418677129774,2,-0.38848042488098145,d3c4,True,0.9757142663002014,5.129682500031777,0,0.0,
746,1652,endgame master masterVsMaster mate mateIn1 oneMove,102,25,e4e5,True,0.48265195092943797,1,0.2969333231449127,e4e5,True,0.9800000190734863,0.36279849999118596,0,0.0,
748,1733,attackingF2F7 attraction crushing deflection discoveredAttack long middlegame,36,41,d1d3,False,0.0036753657520305436,20,0.48377469182014465,h2f4,False,0.0,6.1131773999659345,0,0.0,
750,1657,endgame epauletteMate mate mateIn1 oneMove queenEndgame,86,20,f8d6,False,0.21799288929807667,2,0.4526739716529846,f8e7,True,0.9457142949104309,0.46775770001113415,0,0.0,
752,1622,endgame master mate mateIn1 oneMove,122,18,g6f6,False,0.05289579188920926,4,-0.5587690472602844,g6g3,True,0.9314285516738892,0.5791140000801533,0,0.0,
754,1535,advantage long master middlegame pin sacrifice,37,34,f5d6,False,0.02665684267249213,8,-0.02533411979675293,c8c4,True,0.6942856907844543,5.840581499971449,0,0.0,
756,1598,crushing deflection endgame long pin,72,33,e7e8,True,0.9316343377984139,1,-0.00634080870077014,e7e8,True,0.9957143068313599,3.6501749999588355,0,0.0,
758,1555,advantage hangingPiece middlegame short,44,38,d1d4,True,0.4743747120205336,1,-0.21519620716571808,d1d4,True,0.9785714149475098,5.725581799983047,0,0.0,
760,1752,advantage deflection discoveredAttack long middlegame,29,33,b7a8,False,0.2886800452720095,2,-0.9442834258079529,e5f3,True,0.9671428799629211,7.1374690000666305,0,0.0,
762,1613,advancedPawn fork master mate mateIn2 middlegame short,57,29,h3g2,True,0.5929921984470644,1,-0.1944855898618698,h3g2,True,0.9885714054107666,0.5864261999959126,0,0.0,
764,1700,epauletteMate mate mateIn1 middlegame oneMove pin,62,35,d6c8,False,0.005371119498001349,23,-0.8935763239860535,d6c8,False,0.0,1.2478755000047386,0,0.0,
766,1839,attraction crushing endgame long,56,37,g4h4,False,0.1671816750198848,2,0.049702905118465424,h2h7,True,0.941428542137146,4.5589299000566825,0,0.0,
768,1636,advantage capturingDefender endgame pin short,53,35,b6c5,False,0.003551845696993859,9,-0.49189528822898865,d7d5,False,0.0,5.350669999956153,0,0.0,
770,1561,endgame mate mateIn2 pin short,54,40,e4e5,False,0.08342054818451321,2,-0.3218388557434082,e4g6,True,0.8828571438789368,0.8982551000081003,0,0.0,
772,1528,mate mateIn2 middlegame pin short,53,45,g4g6,False,0.02737846173479428,5,-0.8050634860992432,g4h3,True,0.8271428346633911,0.9913232000544667,0,0.0,
774,1594,attraction crushing deflection endgame exposedKing long sacrifice,62,23,f7f6,False,0.07158254620755207,5,-0.06245938688516617,f7e7,True,0.9514285922050476,4.626665099989623,0,0.0,
776,1727,advantage fork intermezzo opening short,24,45,b5c7,True,0.55406886346046,1,-0.22761397063732147,b5c7,True,0.9700000286102295,6.277691600029357,0,0.0,
778,1649,crushing endgame pin short,85,23,e5d3,False,0.0798510043846295,3,-0.28572654724121094,e5c6,True,0.9557142853736877,4.61036759999115,0,0.0,
780,1716,crushing fork long middlegame,40,28,d1d5,False,0.15108343569546268,2,0.6154818534851074,f5f6,True,0.8785714507102966,4.752072499948554,0,0.0,
782,1776,advantage fork middlegame short,28,38,c4c5,True,0.7403790010291581,1,0.16099736094474792,c4c5,True,0.9928571581840515,1.3213169999653473,0,0.0,
784,1484,crushing fork long middlegame,41,30,a6a5,False,0.08221034392676482,3,-0.9251206517219543,b6f2,True,0.954285740852356,5.825493699987419,0,0.0,
786,1736,advantage attraction fork long middlegame,65,35,f8f1,True,0.4826853119449986,1,-0.5541275143623352,f8f1,True,0.9657142758369446,4.940453499904834,0,0.0,
788,1719,advantage endgame fork long,80,23,e6e7,True,0.4239752844147708,1,0.04806044325232506,e6e7,True,0.9628571271896362,4.244904700084589,0,0.0,
790,1580,crushing deflection exposedKing long middlegame,54,39,d3g6,True,0.5498433655766516,1,-0.5101088881492615,d3g6,True,0.9842857122421265,4.666392499930225,0,0.0,
792,1795,equality middlegame pin short,30,36,d1b1,True,0.8048347237619509,1,-0.7453910112380981,d1b1,True,0.9842857122421265,4.857517399941571,0,0.0,
794,1471,attraction endgame mate mateIn2 sacrifice short,42,29,f3h3,False,0.0002681855773710459,25,0.20956160128116608,f3h3,False,0.0,7.092922399984673,0,0.0,
796,1581,attraction mate mateIn4 middlegame sacrifice veryLong,50,43,b3c5,False,0.021502920423583666,7,0.26358991861343384,d5b7,False,0.0071428571827709675,7.114146700012498,0,0.0,
798,1455,crushing master middlegame pin short,81,40,e5d4,True,0.21605941145236043,1,0.12762314081192017,e5d4,True,0.9471428394317627,4.391173200099729,0,0.0,
800,1736,endgame fork mate mateIn4 sacrifice veryLong,67,28,e4f2,True,0.33016419943823594,1,-0.9961165189743042,e4f2,True,0.9685714244842529,2.0119111000094563,0,0.0,
802,1484,advantage hangingPiece middlegame short,58,43,c1a3,True,0.9971917504739392,1,0.2535425126552582,c1a3,True,0.9985714554786682,4.058056199923158,0,0.0,
804,1842,crushing fork opening veryLong,35,43,f5f2,True,0.5303678132196755,1,-0.8085679411888123,f5f2,True,0.9814285635948181,4.412915599998087,0,0.0,
806,1768,attraction long mate mateIn3 middlegame queensideAttack sacrifice,43,37,a5e1,False,0.10111177169102745,3,-0.6957351565361023,d8d1,True,0.4471428692340851,2.684148200089112,0,0.0,
808,1593,mate mateIn2 middlegame sacrifice short,68,42,e3e6,False,0.23766368238004007,3,-0.16427934169769287,g1g6,True,0.9728571176528931,0.3832061999710277,0,0.0,
810,1580,crushing fork intermezzo long middlegame pin sacrifice,43,39,e5e4,False,0.050328994514865236,5,-0.6370000243186951,g8g2,True,0.9328571557998657,4.3490390999941155,0,0.0,
812,1521,crushing endgame long skewer,79,26,a8a2,True,0.7342831723220332,1,-0.21998518705368042,a8a2,True,0.9900000095367432,4.007097899913788,0,0.0,
814,1591,endgame mate mateIn2 short,40,29,f3f4,True,0.41071433664176243,1,-0.26044684648513794,f3f4,True,0.9757142663002014,0.46975769998971373,0,0.0,
816,1665,fork mate mateIn2 middlegame short,73,17,e2c1,False,0.22273155211369466,2,-0.3352892994880676,d3e4,True,0.9700000286102295,0.8714475000742823,0,0.0,
818,1504,long mate mateIn3 middlegame pin,75,45,b8f8,False,0.0356304174644944,7,-0.883276641368866,b8b2,False,0.0028571428265422583,5.261924099992029,0,0.0,
820,1770,crushing deflection endgame master queenEndgame short,68,24,e3f4,False,0.00022708695337459388,21,-0.10903450101613998,e3f4,False,0.0,4.635830599931069,0,0.0,
822,1532,advancedPawn discoveredCheck doubleCheck endgame long mate mateIn3 promotion sacrifice,51,39,c2e2,False,0.054348155435670946,4,0.6828662753105164,d5c5,False,0.009999999776482582,5.179770900052972,0,0.0,
824,1483,crushing deflection middlegame short,59,39,c7c5,False,0.0008257700007601421,9,0.07984901964664459,c7d7,False,0.0,5.986348900012672,0,0.0,
826,1813,advantage exposedKing long middlegame sacrifice,31,40,b6d4,True,0.8576060506042213,1,0.7732081413269043,b6d4,True,0.9557142853736877,5.149499099934474,0,0.0,
828,1570,crushing discoveredAttack endgame short,56,41,e7e5,False,0.02463366679697715,8,0.17212823033332825,e7e5,False,0.20571428537368774,6.123362699989229,0,0.0,
830,1638,advantage endgame long pin,42,34,e7d7,True,0.5828040857493527,1,-0.32491713762283325,e7d7,True,0.9828571677207947,4.29425519995857,0,0.0,
832,1676,advantage deflection middlegame short,49,45,f4f6,False,0.21386205142665687,2,-0.8442659974098206,d8d2,True,0.9700000286102295,4.78935790003743,0,0.0,
834,1584,long mate mateIn3 middlegame sacrifice,26,44,e5d6,False,0.08602709820939089,4,-0.6186595559120178,f3f8,True,0.6428571343421936,2.45426510006655,0,0.0,
836,1677,endgame long mate mateIn3 operaMate sacrifice,45,31,a6f1,False,0.0029447023955770464,12,-0.10160062462091446,a6f1,False,0.0,2.19766319997143,0,0.0,
838,1835,crushing deflection endgame long master,74,21,f7g7,True,0.9039478847250377,1,-0.4937760829925537,f7g7,True,0.9928571581840515,2.9283196999458596,0,0.0,
840,1889,advantage interference intermezzo middlegame short,35,47,c6d4,True,0.39257594784766886,1,-0.529795229434967,c6d4,True,0.9657142758369446,6.035422999993898,0,0.0,
842,1500,crushing endgame master masterVsMaster pin short,57,34,h7h5,False,0.14917336943598594,2,-0.02449416182935238,e8e2,True,0.8799999952316284,4.723083300050348,0,0.0,
844,1759,advantage fork long middlegame,46,34,h4f5,False,0.24580921097462463,2,-0.18016205728054047,f1f4,True,0.9685714244842529,4.258777700015344,0,0.0,
846,1819,endgame mate mateIn2 pin short,74,31,d4d5,False,0.0037663016979091624,18,-0.8822149038314819,d3b5,False,0.0014285714132711291,4.975281499908306,0,0.0,
848,1631,advantage discoveredAttack middlegame short,41,50,c2e1,False,0.02722444036126057,7,0.29198646545410156,c2e3,True,0.8285714387893677,5.478167199995369,0,0.0,
850,1464,crushing discoveredAttack endgame rookEndgame short,122,18,h4h6,False,0.009575714528934676,11,-0.22542612254619598,h4h6,False,0.0028571428265422583,4.8068623000290245,0,0.0,
852,1542,attraction crushing kingsideAttack long opening sacrifice,24,44,f3g5,False,0.00769242087268523,8,0.09900560230016708,f3g5,False,0.0,6.5770268000196666,0,0.0,
854,1693,advantage middlegame short trappedPiece,74,35,f4g3,True,0.4854467779609877,1,-0.9692949652671814,f4g3,True,0.9757142663002014,6.061378999962471,0,0.0,
856,1878,advancedPawn crushing deflection middlegame promotion short,69,4,b6c7,True,0.8866557810216402,1,-0.9430665373802185,b6c7,True,0.9957143068313599,6.645823500002734,0,0.0,
858,1863,attraction crushing long middlegame queensideAttack,50,34,d1d8,True,0.670872673475749,1,-0.9910930395126343,d1d8,True,0.9857142567634583,2.5294188000261784,0,0.0,
860,1751,mate mateIn2 middlegame operaMate pillsburysMate sacrifice short,64,51,c1a1,False,0.0060194070805105965,12,0.7705332040786743,d4e3,False,0.0,7.789078500005417,0,0.0,
862,1827,deflection endgame equality long,87,20,e7c7,False,0.002501800253206384,7,-0.8975998163223267,e7c7,False,0.0,4.4022296000039205,0,0.0,
864,1537,crushing endgame fork short,55,39,f8d8,False,0.30343125932237447,2,-0.2699286937713623,g5d5,True,0.9657142758369446,4.638236099970527,0,0.0,
866,1589,endgame mate mateIn2 short,58,26,b8b7,True,0.9029107153334269,1,-0.013507035560905933,b8b7,True,0.9928571581840515,0.3421203000470996,0,0.0,
868,1540,advantage fork opening short,21,34,d8a5,True,0.862356062828472,1,-0.11519640684127808,d8a5,True,0.9928571581840515,4.724027200019918,0,0.0,
870,1811,advancedPawn advantage deflection endgame master pin promotion rookEndgame short,84,24,a6f6,False,0.00768303259705286,11,0.3059419095516205,a6f6,False,0.0,4.80363449989818,0,0.0,
872,1764,advantage hangingPiece middlegame veryLong,46,2,c1c2,True,0.9858910237852366,1,0.13870713114738464,c1c2,True,0.9985714554786682,6.374494099989533,0,0.0,
874,1748,crushing master middlegame pin short,60,47,a1e1,False,0.23023756532918216,2,-0.048889387398958206,a1e1,False,0.09428571164608002,5.261162300012074,0,0.0,
876,1633,advantage fork master middlegame short,40,37,f3g4,True,0.46819378233661224,1,-0.1490354686975479,f3g4,True,0.9300000071525574,6.326119699981064,0,0.0,
878,1582,advantage endgame fork long sacrifice,48,28,d5d8,False,0.01189632169615068,5,0.039058465510606766,d5d8,False,0.0014285714132711291,4.813688399968669,0,0.0,
880,1863,advantage discoveredAttack middlegame short,49,29,d8d5,False,0.2802985625685314,2,0.11047863960266113,c8h3,True,0.9714285731315613,4.673046400072053,0,0.0,
882,1612,crushing defensiveMove endgame hangingPiece knightEndgame short,91,12,c5d6,True,0.9426025317308176,1,0.013993574306368828,c5d6,True,0.9985714554786682,4.207859899965115,0,0.0,
884,1614,crushing endgame fork master short skewer,71,26,f3c3,True,0.8196782197790256,1,-0.7267962098121643,f3c3,True,0.9942857027053833,4.4750300999730825,0,0.0,
886,1713,advantage fork long opening,11,38,a6a5,False,0.1939194988308045,2,-0.09364093095064163,d8f6,True,0.9557142853736877,5.261595499934629,0,0.0,
888,1578,endgame mate mateIn2 short,69,35,h4e1,True,0.8530383647212636,1,0.7655438780784607,h4e1,True,0.9957143068313599,0.4680816000327468,0,0.0,
890,1472,advantage endgame fork long master,49,33,e5d4,False,0.08291804982610415,3,-0.6571428179740906,e2e1,True,0.8071428537368774,3.800598799949512,0,0.0,
892,1654,advantage endgame fork short,87,33,e5e4,True,0.2650040523667307,1,-0.8776003122329712,e5e4,True,0.9785714149475098,4.94094799994491,0,0.0,
894,1572,advantage opening short trappedPiece,28,32,f7b7,True,0.5338977486759157,1,-0.04731298238039017,f7b7,True,0.9757142663002014,6.4394322000443935,0,0.0,
896,1504,clearance deflection fork long mate mateIn3 middlegame sacrifice,36,49,g3f3,False,0.009769000462272769,8,-0.46192672848701477,g3f3,False,0.08428571373224258,6.735075399978086,0,0.0,
898,1573,crushing deflection endgame rookEndgame short,77,24,d6c6,False,0.009430378884580759,5,-0.6960892677307129,d6c6,False,0.004285714123398066,4.522945299977437,0,0.0,
900,1811,advantage middlegame pin short,58,35,g7c7,True,0.411785224278589,1,-0.4740646779537201,g7c7,True,0.927142858505249,5.890140800038353,0,0.0,
902,1727,advantage long middlegame trappedPiece,23,30,c7c5,True,0.5194493022944308,1,-0.044581275433301926,c7c5,True,0.9571428298950195,5.2814611999783665,0,0.0,
904,1746,advantage fork middlegame short,77,48,c7c2,True,0.8744843905914855,1,0.23719151318073273,c7c2,True,0.9942857027053833,4.230080000008456,0,0.0,
906,1545,crushing deflection endgame short skewer,107,24,c8d8,True,0.5665371723307316,1,-0.7593094110488892,c8d8,True,0.9157142639160156,6.806203900021501,0,0.0,
908,1749,crushing defensiveMove hangingPiece long middlegame,28,35,b1c3,False,0.05587500431406623,4,0.33393412828445435,d4c5,True,0.9328571557998657,5.017571200034581,0,0.0,
910,1524,endgame mate mateIn2 short,68,27,f7e8,True,0.9632628459853826,1,-0.0920843556523323,f7e8,True,0.9971428513526917,0.4276675999863073,0,0.0,
912,1647,crushing long middlegame trappedPiece,41,51,d7e6,False,0.06636760819603262,4,0.40814855694770813,d7e6,False,0.008571428246796131,6.150905800051987,0,0.0,
914,1701,mate mateIn1 middlegame oneMove operaMate,50,44,g6e8,False,0.31073206392583197,2,-0.022926585748791695,f1f8,True,0.977142870426178,0.2532120000105351,0,0.0,
916,1817,advancedPawn attraction crushing endgame long promotion,67,31,d3d2,True,0.5313836058322652,1,0.32758092880249023,d3d2,True,0.9085714221000671,6.098969700047746,0,0.0,
918,1814,advantage endgame fork long quietMove,53,23,c3d4,False,0.07745578408610135,4,-0.7763932347297668,b8d8,True,0.9428571462631226,5.832701499923132,0,0.0,
920,1832,advantage long middlegame sacrifice,36,43,d1c1,False,0.08209179359156746,2,0.14255428314208984,c3e4,True,0.904285728931427,5.136027499916963,0,0.0,
922,1840,crushing hangingPiece long middlegame,31,48,d8d3,True,0.8184597547102973,1,0.6438003182411194,d8d3,True,0.9942857027053833,4.24728759995196,0,0.0,
924,1460,crushing defensiveMove endgame hangingPiece long,128,2,h2g2,True,0.9956123257150074,1,-0.022758642211556435,h2g2,True,1.0,5.304629200021736,0,0.0,
926,1453,mate mateIn2 middlegame short,50,42,b5c6,True,0.6665357768670339,1,-0.44569286704063416,b5c6,True,0.9757142663002014,6.602845199988224,0,0.0,
928,1854,crushing endgame exposedKing fork long,63,30,d8h4,False,0.11661954139159496,2,-0.7145788669586182,d8b6,True,0.9628571271896362,3.2596918999915943,0,0.0,
930,1545,mate mateIn2 middlegame pin queensideAttack short,38,34,a4b4,False,0.004290539497129399,13,-0.8303312659263611,h1d1,False,0.0,4.162903499905951,0,0.0,
932,1668,advantage exposedKing fork long opening,17,32,e7e6,False,0.08543470824649477,5,0.00013271717762108892,c6b5,True,0.3285714387893677,5.488485199981369,0,0.0,
934,1557,endgame mate mateIn1 morphysMate oneMove,85,32,h2g2,False,0.07419875183988583,2,-0.6783714294433594,c8f5,True,0.9585714340209961,0.6235914999851957,0,0.0,
936,1691,advantage fork long middlegame,27,53,e4d3,False,0.09007583064114072,3,-0.8790677189826965,d4c2,True,0.9571428298950195,7.406282200012356,0,0.0,
938,1616,attraction discoveredAttack kingsideAttack mate mateIn2 middlegame short,42,41,g6h7,True,0.4197911264983696,1,-0.747321367263794,g6h7,True,0.977142870426178,0.6012598000233993,0,0.0,
940,1735,advantage fork long middlegame,44,40,g4f6,True,0.4605869451790413,1,-0.8355698585510254,g4f6,True,0.9814285635948181,4.485963399987668,0,0.0,
942,1898,advantage endgame hangingPiece short,59,20,g8g6,True,0.825505857993172,1,-0.11086522787809372,g8g6,True,0.9928571581840515,3.6537008999148384,0,0.0,
944,1636,crushing endgame intermezzo long pin sacrifice skewer,71,31,c6c1,False,0.0014738491345861603,20,0.10548315197229385,c6d5,False,0.0,4.037401899928227,0,0.0,
946,1817,advantage discoveredAttack long middlegame,45,46,b7b6,False,0.1151679491230486,4,-0.21065717935562134,b7b6,False,0.04857143014669418,6.991622200002894,0,0.0,
948,1651,crushing endgame hangingPiece master short,92,16,g3h4,True,0.44920081318373595,1,-0.025927741080522537,g3h4,True,0.9342857003211975,4.829261300037615,0,0.0,
950,1666,crushing defensiveMove endgame sacrifice short,110,12,e2g3,True,0.6087015684039273,1,0.16611815989017487,e2g3,True,0.9399999976158142,6.125652400078252,0,0.0,
952,1549,endgame mate mateIn2 short,72,30,d6f6,True,0.9491828258987806,1,-0.12214482575654984,d6f6,True,0.9971428513526917,0.23978289996739477,0,0.0,
954,1795,crushing deflection kingsideAttack middlegame short,62,30,c2c3,False,0.22828175695815012,2,-0.44833067059516907,b3e6,True,0.9671428799629211,5.3050672999816015,0,0.0,
956,1483,crushing endgame fork short,90,24,a6c8,True,0.3595767529195614,1,-0.8776751756668091,a6c8,True,0.9757142663002014,5.153150699916296,0,0.0,
958,1513,endgame mate mateIn2 short,67,24,e1c3,True,0.928168197945881,1,-0.025795992463827133,e1c3,True,0.9971428513526917,0.19281060004141182,0,0.0,
960,1689,kingsideAttack mate mateIn2 middlegame short,53,38,h4f2,True,0.8491257694040839,1,-0.5119914412498474,h4f2,True,0.9928571581840515,0.2570813000202179,0,0.0,
962,1465,crushing fork middlegame short,44,40,h3e6,True,0.43991866241274896,1,-0.4351571500301361,h3e6,True,0.9800000190734863,4.543669200036675,0,0.0,
964,1704,crushing endgame fork long sacrifice,57,32,h5h4,False,9.103097785534258e-06,32,-0.2229790985584259,h5h4,False,0.0,4.1318860000465065,0,0.0,
966,1756,advantage endgame pin short,51,50,e8e3,False,0.0556210564691983,5,-0.08740781247615814,e8f8,False,0.28999999165534973,5.859318399918266,0,0.0,
968,1670,crushing fork opening short,20,43,e2b5,True,0.663625688263928,1,-0.15556339919567108,e2b5,True,0.9828571677207947,4.195209099911153,0,0.0,
970,1457,endgame mate mateIn2 short,120,18,a7a6,False,0.31279684009834774,2,0.09931392222642899,g4g5,True,0.9671428799629211,0.33750890009105206,0,0.0,
972,1475,advantage endgame master short xRayAttack,76,4,g1h1,False,0.16491418739025995,4,-0.5873491764068604,b3e3,True,0.9642857313156128,4.5349866999313235,0,0.0,
974,1828,crushing kingsideAttack master middlegame pin short,37,34,g8g7,False,0.1503008689300171,3,0.4727511405944824,h4g3,True,0.9571428298950195,4.585474399966188,0,0.0,
976,1526,mate mateIn1 middlegame oneMove,68,36,c6a6,False,0.08737759593863902,4,0.14822787046432495,c6e8,True,0.9585714340209961,0.575083400006406,0,0.0,
978,1639,attraction clearance crushing endgame long pin,74,34,d3d5,True,0.6497566906939939,1,-0.4572902023792267,d3d5,True,0.9200000166893005,5.2350367999169976,0,0.0,
980,1581,crushing endgame fork short,51,43,d5c4,False,0.2888102772272966,2,-0.13230113685131073,f4e2,True,0.9514285922050476,4.251051499973983,0,0.0,
982,1703,kingsideAttack mate mateIn1 middlegame oneMove pin,27,48,c5f2,False,0.2413622831234416,2,0.1654045581817627,d5g2,True,0.9157142639160156,0.6848889000248164,0,0.0,
984,1592,endgame mate mateIn2 short,78,30,h5g6,True,0.39956667300261,1,-0.7200065851211548,h5g6,True,0.9814285635948181,0.2996177999302745,0,0.0,
986,1455,mate mateIn1 middlegame oneMove,30,52,c2h7,True,0.5739109284393432,1,0.1882244497537613,c2h7,True,0.9800000190734863,0.22441499994602054,0,0.0,
988,1481,advantage capturingDefender middlegame short,23,51,g6h4,False,0.19310113568547327,2,-0.14667069911956787,g4f3,True,0.9485714435577393,5.490161000052467,0,0.0,
990,1711,discoveredCheck doubleCheck mate mateIn2 middlegame short,45,33,d7f6,False,0.08247873199489891,3,-0.9743663668632507,d7b6,True,0.8414285778999329,1.1785823999671265,0,0.0,
992,1729,advantage deflection middlegame short,49,32,g7g5,True,0.3168907518572758,1,-0.2361442595720291,g7g5,True,0.9742857217788696,4.45115400000941,0,0.0,
994,1479,hangingPiece long mate mateIn3 middlegame,50,34,c7d6,True,0.7247767553945788,1,-0.8306403756141663,c7d6,True,0.9928571581840515,0.4340430999873206,0,0.0,
996,1538,discoveredCheck doubleCheck fork mate mateIn2 middlegame short,56,36,h6f7,True,0.9089735579678542,1,0.6282007098197937,h6f7,True,0.9942857027053833,0.2621961999684572,0,0.0,
998,1584,advantage fork middlegame short,20,46,d5c7,True,0.7614054808043735,1,-0.5178580284118652,d5c7,True,0.991428554058075,4.064536300022155,0,0.0,
1000,1828,advancedPawn mate mateIn2 middlegame sacrifice short,43,27,c2d3,True,0.3092652805581201,1,-0.9910869002342224,c2d3,True,0.9728571176528931,0.3426535000326112,0,0.0,
1002,1737,attraction crushing defensiveMove endgame fork veryLong,68,8,f2f3,True,0.5529433270277524,1,0.19459064304828644,f2f3,True,0.6785714030265808,6.38491999998223,0,0.0,
1004,1672,advantage fork middlegame pin short,33,38,g4f3,False,0.06334294939547525,3,0.39606061577796936,d4e2,True,0.8757143020629883,5.201378600089811,0,0.0,
1006,1799,advantage clearance intermezzo opening sacrifice veryLong,39,42,d8d6,False,0.11570264957725199,3,-0.8159123063087463,f6g4,True,0.9385714530944824,7.624762600054964,0,0.0,
1008,1549,endgame mate mateIn2 rookEndgame short,72,31,e6b6,True,0.36437286016711734,1,-0.9159177541732788,e6b6,True,0.9800000190734863,0.5228291000239551,0,0.0,
1010,1769,crushing deflection endgame long queenEndgame skewer,93,24,d1f1,True,0.32676322963957083,1,-0.4798228442668915,d1c1,False,0.1014285683631897,5.130687800003216,0,0.0,
1012,1534,mate mateIn1 middlegame oneMove,50,41,f4f6,True,0.7129483745810647,1,0.524095356464386,f4f6,True,0.9857142567634583,0.2484368000878021,0,0.0,
1014,1464,crushing fork long middlegame,36,29,h3g4,False,0.21359779500981355,2,0.10384731739759445,d1f3,True,0.949999988079071,5.803176200017333,0,0.0,
1016,1635,endgame mate mateIn2 queenEndgame short,68,19,f6f8,True,0.43946848110994746,1,0.35283055901527405,f6f8,True,0.9700000286102295,0.5066878000507131,0,0.0,
1018,1670,endgame mate mateIn2 short,106,26,h6h5,False,0.13975056129942923,2,-0.05519174411892891,d4b3,True,0.9628571271896362,0.45852089999243617,0,0.0,
1020,1793,crushing endgame fork long,77,32,g2g1,True,0.505601065034048,1,0.03931756317615509,g2g1,True,0.9785714149475098,4.290617599966936,0,0.0,
1022,1555,advantage endgame master short trappedPiece,47,34,b8b7,False,0.1464848327908027,3,0.19289717078208923,b8a8,True,0.9457142949104309,5.013491199933924,0,0.0,
1024,1464,advantage fork long master middlegame,82,46,a8d5,True,0.4602558587367192,1,-0.5353710055351257,a8d5,True,0.9700000286102295,4.456135999993421,0,0.0,
1026,1552,advantage discoveredAttack middlegame short,40,43,h4e4,False,0.2265758804907644,2,0.15629728138446808,d5e7,True,0.9442856907844543,4.351500199991278,0,0.0,
1028,1757,fork mate mateIn2 middlegame short,65,20,a4b3,False,0.10398034894381489,4,-0.993290364742279,a4a3,True,0.9728571176528931,0.5269475999521092,0,0.0,
1030,1563,crushing endgame long skewer,56,26,f8g8,True,0.7564957615920768,1,-0.2024165242910385,f8g8,True,0.9900000095367432,2.579920000047423,0,0.0,
1032,1797,crushing opening short trappedPiece,23,46,f5c2,True,0.672423770080583,1,0.3630593717098236,f5c2,True,0.9814285635948181,4.92585879995022,0,0.0,
1034,1652,advantage fork middlegame short,59,38,a8c8,False,0.09498306445182612,2,-0.6684990525245667,e7c7,True,0.9685714244842529,5.7179478000616655,0,0.0,
1036,1656,attackingF2F7 crushing fork long middlegame sacrifice,41,41,f4d4,False,0.0033295643128076636,5,0.2197972536087036,f4f6,False,0.0,4.972894200007431,0,0.0,
1038,1898,deflection discoveredAttack kingsideAttack mate mateIn2 middlegame pin short,44,43,f1a1,False,0.022581151244878254,4,-0.5569911003112793,f5h6,True,0.7614285945892334,2.4282858000369743,0,0.0,
1040,1651,crushing deflection master middlegame short,57,40,c2e4,True,0.6440804799305075,1,-0.378945529460907,c2e4,True,0.9828571677207947,4.414751700009219,0,0.0,
1042,1635,advantage endgame fork long,63,29,c8c1,True,0.7332845028319345,1,-0.673911452293396,c8c1,True,0.9900000095367432,4.232901599956676,0,0.0,
1044,1565,endgame mate mateIn2 operaMate short,62,23,f1f8,True,0.5544846341107412,1,-0.8113000392913818,f1f8,True,0.9871428608894348,0.536437900038436,0,0.0,
1046,1711,mate mateIn1 oneMove opening,16,40,e5b5,True,0.4420993311043938,1,-0.027861591428518295,e5b5,True,0.977142870426178,0.30637019989080727,0,0.0,
1048,1690,crushing defensiveMove deflection long middlegame,59,3,c6d5,True,0.7111781069579906,1,-0.11975420266389847,c6d6,False,0.3742857277393341,6.023101800004952,0,0.0,
1050,1468,crushing fork long opening,14,36,f3h5,True,0.7887191725714079,1,-0.23616138100624084,f3h5,True,0.9900000095367432,4.762890900019556,0,0.0,
1052,1687,endgame fork mate mateIn2 short,92,27,c7b5,True,0.6528542104180978,1,-0.9616373181343079,c7b5,True,0.9871428608894348,0.3668689999030903,0,0.0,
1054,1474,endgame master mate mateIn1 oneMove rookEndgame,51,33,d3h3,True,0.336562738168842,1,-0.340438574552536,d3h3,True,0.9757142663002014,0.4186826000222936,0,0.0,
1056,1835,advantage fork long middlegame sacrifice,45,42,d5c3,True,0.21984867039944841,1,0.03460602089762688,d5c3,True,0.9728571176528931,6.034533899975941,0,0.0,
1058,1775,advantage fork middlegame short,39,40,g4h2,True,0.5988330326406062,1,-0.24982702732086182,g4h2,True,0.9814285635948181,5.83469510008581,0,0.0,
1060,1693,advantage endgame long quietMove rookEndgame skewer,70,25,g1g2,False,0.06818698380660848,5,-0.8836566805839539,c3h3,True,0.9285714030265808,4.870371099910699,0,0.0,
1062,1713,crushing long middlegame pin quietMove,39,33,c6c5,True,0.8018971630941841,1,-0.9738293290138245,c6c5,True,0.9900000095367432,7.160667800111696,0,0.0,
1064,1614,attackingF2F7 crushing deflection discoveredAttack master opening short,22,39,d5c6,False,0.09427799828847011,3,-0.08675399422645569,d5f7,True,0.9585714340209961,4.207581000053324,0,0.0,
1066,1783,clearance kingsideAttack mate mateIn2 middlegame sacrifice short,42,39,b3c4,False,0.0037254441114069653,12,-0.09814843535423279,e4d2,False,0.0,3.782770899939351,0,0.0,
1068,1472,crushing fork middlegame short,35,43,f5e4,False,0.23152754876482073,2,0.21925629675388336,d5e4,True,0.9214285612106323,4.704830499948002,0,0.0,
1070,1832,crushing endgame master pin short,119,15,f2f3,False,0.15620389119222383,3,-0.1925676465034485,g2f1,True,0.9457142949104309,5.217224299907684,0,0.0,
1072,1837,crushing discoveredAttack discoveredCheck middlegame short,57,32,h4g3,True,0.8928637650837533,1,-0.9137581586837769,h4g3,True,0.9942857027053833,2.79310989996884,0,0.0,
1074,1739,crushing fork opening short,30,45,e3d4,False,0.030630668519412707,6,0.0523858517408371,d1a4,True,0.8528571724891663,4.660691000055522,0,0.0,
1076,1462,advantage attraction kingsideAttack middlegame sacrifice veryLong,39,43,e6f5,False,0.0005018829340671248,24,-0.2864406108856201,e6h3,False,0.0,5.139483599923551,0,0.0,
1078,1525,advantage endgame fork short,62,31,c1c6,False,0.3377277627209625,2,-0.1907193809747696,f3e5,True,0.9785714149475098,4.405699900002219,0,0.0,
1080,1812,advantage capturingDefender endgame master short,59,38,d6d4,True,0.5068247270248213,1,-0.02828090265393257,d6d4,True,0.7114285826683044,7.876207199995406,0,0.0,
1082,1827,advantage long master middlegame trappedPiece,44,33,f1h1,True,0.5336941394079098,1,-0.9614759683609009,f1h1,True,0.9828571677207947,2.1943128999555483,0,0.0,
1084,1811,advantage fork middlegame short,29,44,e6a2,False,0.05182974081287001,4,-0.3780938684940338,d8d4,True,0.5099999904632568,7.202019399963319,0,0.0,
1086,1497,attraction crushing endgame long pawnEndgame quietMove zugzwang,77,6,a5a4,True,0.38400500139549976,1,-0.683599591255188,a5a4,True,0.9785714149475098,6.775195199996233,0,0.0,
1088,1466,anastasiaMate attraction kingsideAttack long mate mateIn3 middlegame sacrifice,44,37,f5f6,False,0.005839488293620964,20,-0.8942480683326721,b2b3,False,0.0,4.263117499998771,0,0.0,
1090,1887,crushing endgame long pin,59,37,g8g7,False,0.10128365420818065,4,-0.034165095537900925,e5e1,True,0.9314285516738892,5.399573300033808,0,0.0,
1092,1545,attraction kingsideAttack mate mateIn2 middlegame sacrifice short,49,46,g6g1,False,0.00011092620663594837,40,-0.21898669004440308,f5f4,False,0.0,6.305995399947278,0,0.0,
1094,1562,advantage endgame pin veryLong,57,30,g7d4,True,0.7862995704864907,1,-0.8792862892150879,g7d4,True,0.9785714149475098,6.6612824000185356,0,0.0,
1096,1853,advantage defensiveMove hangingPiece middlegame short,32,2,h1g2,True,0.998373778437005,1,-0.17169173061847687,h1g2,True,1.0,4.963708400027826,0,0.0,
1098,1683,mate mateIn1 middlegame oneMove pin,65,36,f6f5,False,7.244730400186932e-05,30,-0.008027864620089531,f6f5,False,0.0,6.8907192999031395,0,0.0,
1100,1648,advantage capturingDefender fork long middlegame sacrifice,41,31,f6g5,False,0.028806447081278976,5,-0.6341842412948608,h5h2,True,0.8442857265472412,5.656970600015484,0,0.0,
1102,1546,advantage deflection endgame long,100,34,f4d2,False,0.026242787834644666,7,-0.13656336069107056,f4a4,False,0.02142857201397419,5.563515899935737,0,0.0,
1104,1863,advancedPawn advantage kingsideAttack middlegame pin short,57,41,e3f2,True,0.29663191836049935,1,0.046148017048835754,e3f2,True,0.9642857313156128,6.242551299976185,0,0.0,
1106,1732,crushing middlegame pin short,23,43,f5h3,True,0.38577302973168215,1,0.6135478615760803,f5h3,True,0.9628571271896362,3.259767399984412,0,0.0,
1108,1539,crushing endgame long rookEndgame skewer,137,18,c5c6,True,0.32275157176711156,1,-0.005578001495450735,c5c6,True,0.9657142758369446,2.9483584000263363,0,0.0,
1110,1783,mate mateIn2 middlegame short,52,29,a1g1,True,0.37796526418907916,1,-0.40371257066726685,a1g1,True,0.5799999833106995,5.39500230003614,0,0.0,
1112,1628,crushing master middlegame pin short,85,40,e3e1,False,0.1858201919551878,2,0.36215054988861084,c2c1,True,0.9557142853736877,3.8718498999951407,0,0.0,
1114,1472,advantage fork middlegame short,39,29,a6c5,True,0.7962014251790476,1,-0.03616492822766304,a6c5,True,0.9885714054107666,5.810345500009134,0,0.0,
1116,1862,advancedPawn crushing deflection endgame long promotion rookEndgame,80,20,b6b7,True,0.8461361577356731,1,-0.06918472796678543,b6b7,True,0.9714285731315613,6.558501399937086,0,0.0,
1118,1623,attraction crushing endgame short,89,44,c1g1,False,0.007391123013228565,13,-0.47287121415138245,c1c2,False,0.0,7.50663090008311,0,0.0,
1120,1751,attraction crushing discoveredAttack kingsideAttack long middlegame sacrifice,49,44,d5f4,False,0.028563911469663916,6,0.4731626510620117,g8g2,True,0.7114285826683044,4.746084299986251,0,0.0,
1122,1734,crushing endgame fork veryLong,122,25,d3f5,True,0.2740795352046851,1,-0.4756483733654022,d3f5,True,0.9785714149475098,4.310071500018239,0,0.0,
1124,1622,crushing endgame fork short,84,26,g4f3,False,0.1880910795592493,2,0.14669983088970184,g4e4,True,0.9599999785423279,4.4710156000219285,0,0.0,
1126,1541,advantage hangingPiece long middlegame,50,45,e6c6,True,0.9234676426806826,1,0.6691557168960571,e6c6,True,0.9928571581840515,4.701242399984039,0,0.0,
1128,1587,crushing middlegame pin short trappedPiece,24,43,d4g7,True,0.8958831307227039,1,0.34516504406929016,d4g7,True,0.9828571677207947,5.414843000005931,0,0.0,
1130,1751,advantage hangingPiece middlegame short,25,43,e5a1,True,0.9222656518144109,1,0.46004340052604675,e5a1,True,0.9971428513526917,5.145809100009501,0,0.0,
1132,1472,endgame master mate mateIn1 oneMove pin,73,29,e4d5,False,6.956435500160258e-05,19,-0.07061929255723953,e4c2,False,0.0,4.025705000036396,0,0.0,
1134,1664,capturingDefender crushing opening short,38,49,g6e8,True,0.36911209633640774,1,-0.35079336166381836,g6e8,True,0.9742857217788696,5.152981400024146,0,0.0,
1136,1632,master mate mateIn2 middlegame pin short,40,31,g4f6,True,0.45528646517063565,1,-0.3067588806152344,g4f6,True,0.9814285635948181,0.8732591000152752,0,0.0,
1138,1745,crushing deflection endgame master short,68,46,d1d8,False,0.005917152076769572,8,0.4739663898944855,d1d8,False,0.0,6.126991100027226,0,0.0,
1140,1603,endgame mate mateIn2 sacrifice short,69,40,h5h3,True,0.3697278488874557,1,-0.8226863145828247,h5h3,True,0.9785714149475098,0.36593119997996837,0,0.0,
1142,1456,clearance kingsideAttack long mate mateIn3 middlegame sacrifice,41,46,g3f1,False,0.000824118811504593,31,-0.791620135307312,g3e4,False,0.0,4.103723900043406,0,0.0,
1144,1560,kingsideAttack master mate mateIn2 middlegame pin short,46,37,f6g7,False,0.06851488561328434,3,0.1452024281024933,d2h6,True,0.949999988079071,0.6742430999875069,0,0.0,
1146,1678,crushing exposedKing long middlegame skewer,43,34,e7f6,False,0.0014575690807591424,7,-0.09208452701568604,e7f6,False,0.0,6.396951199974865,0,0.0,
1148,1818,advancedPawn kingsideAttack mate mateIn2 middlegame promotion short,45,36,f2f5,False,0.003804023948009201,11,-0.9944267868995667,f2f5,False,0.0,3.446206499938853,0,0.0,
1150,1752,advancedPawn deflection discoveredAttack discoveredCheck endgame exposedKing mate mateIn5 promotion swallowstailMate veryLong,69,23,h4h1,True,0.6824248876047377,1,-0.4525306224822998,h4h1,True,0.9900000095367432,0.7268373999977484,0,0.0,
1152,1714,advantage middlegame pin short,34,37,e3h6,True,0.2017244497580281,1,-0.010463422164320946,e3h6,True,0.8714285492897034,6.096475199912675,0,0.0,
1154,1645,crushing fork long middlegame sacrifice,44,33,g1g4,True,0.38090742397209665,1,-0.6006436347961426,g1g4,True,0.9800000190734863,4.294030599994585,0,0.0,
1156,1886,crushing endgame skewer veryLong,58,27,f4h6,False,0.3306450594596715,2,0.10147332400083542,f4e5,True,0.9685714244842529,3.5598678999813274,0,0.0,
1158,1502,kingsideAttack mate mateIn1 middlegame oneMove,55,51,d6h2,True,0.9022658848721399,1,0.7572385668754578,d6h2,True,0.9928571581840515,0.13784690003376454,0,0.0,
1160,1716,advantage endgame fork long,71,20,h3e3,False,0.06865838810156133,4,-0.8854994177818298,h3h1,True,0.8257142901420593,4.258605699986219,0,0.0,
1162,1485,kingsideAttack mate mateIn2 middlegame short,42,55,d5f6,True,0.8514898023124233,1,0.08124443143606186,d5f6,True,0.9928571581840515,0.30762800003867596,0,0.0,
1164,1549,crushing endgame long pin,42,20,f1b5,True,0.8406261689643616,1,-0.025309456512331963,f1b5,True,0.9457142949104309,4.142060199985281,0,0.0,
1166,1511,advantage deflection middlegame short,31,41,a8d8,True,0.42258141043834657,1,-0.3305429220199585,a8d8,True,0.9742857217788696,4.850010500056669,0,0.0,
1168,1787,endgame intermezzo long mate mateIn3 pillsburysMate,77,35,c8c1,False,0.012230273410718997,2,-0.3039896488189697,c8c1,False,0.3557142913341522,4.822079700068571,0,0.0,
1170,1628,crushing long middlegame pin,49,31,e7e4,True,0.9993448319178938,1,-0.29640936851501465,e7e4,True,0.9985714554786682,5.894647300010547,0,0.0,
1172,1476,endgame mate mateIn2 short,106,24,d2d8,False,0.2438284589742429,2,0.0836988165974617,d2e1,True,0.9628571271896362,0.464557999977842,0,0.0,
1174,1885,attraction crushing deflection middlegame short,35,46,c2d3,False,0.16737617908185154,4,0.21491599082946777,e8e2,True,0.918571412563324,4.571833600057289,0,0.0,
1176,1632,crushing middlegame sacrifice short,34,41,a1e1,False,0.0040842041033463975,14,-0.4122917354106903,h2h4,False,0.0,6.1921487000072375,0,0.0,
1178,1627,advantage long middlegame pin,33,27,d7d5,True,0.47659107211334034,1,-0.051722392439842224,d7d5,True,0.9471428394317627,5.71315969992429,0,0.0,
1180,1735,attraction crushing fork long middlegame sacrifice,55,47,b4b3,False,0.0006068658490807563,29,0.07164937257766724,b4b3,False,0.0,5.522461000015028,0,0.0,
1182,1550,mate mateIn2 middlegame short,46,44,d1d8,True,0.7488557161538307,1,-0.3561873435974121,d1d8,True,0.9928571581840515,0.27878359996248037,0,0.0,
1184,1673,advantage deflection middlegame pin short skewer,52,39,h3h6,False,0.09829460525512866,4,-0.9140686988830566,h3h7,True,0.9614285826683044,4.819750800030306,0,0.0,
1186,1678,advantage deflection middlegame short,51,40,d6g6,False,0.0031938791988826553,11,-0.5867322087287903,d6g6,False,0.0,4.969580800039694,0,0.0,
1188,1705,mate mateIn2 middlegame short,58,42,c6d7,False,0.003904923326130253,4,-0.6755910515785217,d4d5,False,0.0,6.8487631001044065,0,0.0,
1190,1768,advantage endgame long sacrifice,63,20,c7d8,False,0.0915016437610292,3,-0.9418963193893433,c7b8,False,0.037142857909202576,4.451932600000873,0,0.0,
1192,1717,attraction hookMate long mate mateIn3 middlegame sacrifice,38,48,d4f4,False,9.754970696305226e-05,41,0.606532871723175,d4f4,False,0.0,6.01274779997766,0,0.0,
1194,1715,advantage hangingPiece middlegame short,49,36,c2c5,True,0.7732380900240905,1,0.1776593029499054,c2c5,True,0.991428554058075,4.912690700031817,0,0.0,
1196,1731,mate mateIn2 middlegame short,26,41,c1h6,True,0.5832174991710765,1,0.014237072318792343,c1h6,True,0.9828571677207947,0.42492440005298704,0,0.0,
1198,1634,attraction crushing fork long master middlegame,42,43,e4e8,True,0.7731154697737951,1,-0.6647910475730896,e4e8,True,0.9928571581840515,5.525713699986227,0,0.0,
1200,1603,advantage discoveredAttack long middlegame,33,35,e6c8,False,0.19009710599405122,3,-0.3444770276546478,e6d5,True,0.9657142758369446,7.9211133000208065,0,0.0,
1202,1594,kingsideAttack long mate mateIn3 middlegame pin sacrifice,29,44,d8e8,False,3.9103101531427066e-05,43,-0.26803526282310486,d8e8,False,0.0,4.604062199941836,0,0.0,
1204,1885,advantage endgame exposedKing fork long,83,32,a5a4,False,0.18356160440671618,2,-0.7832416296005249,d5d4,True,0.9528571367263794,5.041847300017253,0,0.0,
1206,1573,deflection mate mateIn2 middlegame pin short,55,30,g6g3,True,0.6227282289858636,1,-0.9908897280693054,g6g3,True,0.9842857122421265,0.3080967999994755,0,0.0,
1208,1540,anastasiaMate attraction kingsideAttack mate mateIn4 middlegame sacrifice veryLong,55,41,b7d5,False,0.12009613499807106,2,-0.30322015285491943,b7d5,False,0.21571429073810577,5.089969299966469,0,0.0,
1210,1526,endgame mate mateIn2 short,104,36,f3f7,True,0.8260395582253032,1,-0.11846509575843811,f3f7,True,0.9971428513526917,0.2922149000223726,0,0.0,
1212,1859,advantage discoveredAttack opening short,35,31,e7f5,True,0.5241655321488828,1,-0.71062171459198,e7f5,True,0.9800000190734863,7.264165699947625,0,0.0,
1214,1734,advantage fork middlegame short,29,41,e6d5,False,0.31641830545464594,2,0.005621250253170729,d6d5,True,0.9671428799629211,4.808989799930714,0,0.0,
1216,1696,advantage deflection endgame fork long pin skewer,63,35,g1e3,False,0.19987987864114637,2,-0.9061448574066162,g1f1,True,0.9814285635948181,5.466214700019918,0,0.0,
1218,1552,endgame mate mateIn1 oneMove queenEndgame,90,21,e8e5,True,0.8261070930670652,1,0.31259119510650635,e8e5,True,0.9900000095367432,0.17793739994522184,0,0.0,
1220,1623,long mate mateIn3 middlegame pillsburysMate sacrifice,62,49,d4e5,False,3.708110522243401e-05,44,-0.0999792143702507,d4e5,False,0.0,6.6861422000220045,0,0.0,
1222,1627,crushing deflection endgame rookEndgame short,107,13,c8d8,True,0.6134118985519308,1,-0.18536551296710968,c8d8,True,0.9828571677207947,4.515326999942772,0,0.0,
1224,1774,bishopEndgame crushing deflection endgame master short,57,20,d6c5,False,0.0007038071559589998,19,0.22194772958755493,d6c7,False,0.0,4.275561099988408,0,0.0,
1226,1831,crushing endgame exposedKing fork long,55,28,c8g8,False,0.3763561882207358,2,-0.06892890483140945,f6h6,True,0.9599999785423279,4.588314999942668,0,0.0,
1228,1796,crushing master middlegame sacrifice short,57,42,e5f3,True,0.7842737735875078,1,0.5347110629081726,e5f3,True,0.9871428608894348,2.7743207999737933,0,0.0,
1230,1625,crushing endgame master rookEndgame short skewer,69,18,d3d2,False,0.011979851769400944,4,0.0841425359249115,d3d2,False,0.34285715222358704,6.0796522999880835,0,0.0,
1232,1568,advantage deflection endgame short,60,39,f6c6,False,0.09811643723240872,2,-0.24122391641139984,d1d8,True,0.9614285826683044,4.3659833000274375,0,0.0,
1234,1738,endgame mate mateIn1 oneMove,73,17,g5g4,True,0.8844685001093441,1,-0.13943451642990112,g5g4,True,0.9942857027053833,0.18486689997371286,0,0.0,
1236,1537,attraction discoveredAttack long mate mateIn3 middlegame sacrifice,46,38,e4g4,True,0.8870627488090187,1,0.4575290083885193,e4g4,True,0.8871428370475769,7.72316499997396,0,0.0,
1238,1516,attraction crushing endgame fork long rookEndgame sacrifice,94,13,e4e3,False,0.0013421003721518715,13,0.008810145780444145,e4e3,False,0.0,3.6861105000134557,0,0.0,
1240,1458,crushing long middlegame pin sacrifice,37,38,d6d2,True,0.32829333654165904,1,-0.47542446851730347,d6d2,True,0.941428542137146,5.582485600025393,0,0.0,
1242,1496,crushing discoveredAttack discoveredCheck endgame short,89,23,f3c3,False,0.019033090829391437,3,-0.0028534040320664644,f3c3,False,0.0014285714132711291,6.3829156999709085,0,0.0,
1244,1579,advantage discoveredAttack long middlegame,65,33,c8e6,False,0.1891867135376258,2,0.7273659706115723,b3a2,True,0.9642857313156128,5.3812226000009105,0,0.0,
1246,1491,advantage middlegame short skewer,77,32,f7f8,False,0.17398918665750462,2,-0.4988722801208496,c8g4,True,0.9628571271896362,5.480360499932431,0,0.0,
1248,1717,advantage capturingDefender intermezzo middlegame pin short,30,33,f3e5,False,0.03200985971660624,5,-0.5034252405166626,a1f6,True,0.8628571629524231,5.289565599989146,0,0.0,
1250,2296,crushing long middlegame pin,64,36,e5g3,False,0.11618176174029239,3,-0.1699516773223877,e5g3,False,0.009999999776482582,6.529421900049783,0,0.0,
1252,2085,mate mateIn2 middlegame short,41,36,d5g2,True,0.7043195168720637,1,-0.12966710329055786,d5g2,True,0.9900000095367432,0.363768000039272,0,0.0,
1254,2080,crushing deflection endgame master pawnEndgame short,72,11,d4e5,False,0.20721425923047934,2,0.7502561211585999,g2g4,True,0.8885714411735535,5.922031300025992,0,0.0,
1256,2271,advantage intermezzo long middlegame pin,49,38,f5d3,True,0.45319308494732036,1,-0.7765491008758545,f5d3,True,0.9785714149475098,5.4206688000122085,0,0.0,
1258,2229,advantage capturingDefender endgame short,77,28,f8f7,False,0.09601974979028573,2,0.08793379366397858,e6f6,True,0.9628571271896362,5.2330073999473825,0,0.0,
1260,2228,crushing defensiveMove long middlegame sacrifice,37,4,g8h8,True,0.7116895490528071,1,0.4466233551502228,g8h8,True,0.9742857217788696,3.6443279000231996,0,0.0,
1262,2043,crushing long opening trappedPiece,22,42,d5c6,True,0.7391695864483311,1,-0.016341565176844597,d5c6,True,0.9599999785423279,5.989828299963847,0,0.0,
1264,1983,advantage deflection long middlegame,49,37,h5f4,True,0.5612405843527474,1,-0.4835798740386963,h5f4,True,0.9814285635948181,6.551615200005472,0,0.0,
1266,2035,capturingDefender crushing deflection middlegame short,38,53,h2h3,False,0.05975422743196445,6,0.012441197410225868,e1e5,True,0.9285714030265808,4.60257410001941,0,0.0,
1268,2162,advantage hangingPiece master masterVsMaster middlegame short,26,2,g1f1,True,0.6037433935379213,1,-0.6371545791625977,g1f1,True,0.9828571677207947,5.932349900016561,0,0.0,
1270,2166,crushing defensiveMove endgame sacrifice short,107,4,g6g5,False,0.33746528955893557,2,0.6830286979675293,e5f5,True,0.9457142949104309,5.561444699997082,0,0.0,
1272,2223,advantage capturingDefender middlegame short,35,39,h5f3,True,0.7514046527354079,1,-0.3765101730823517,h5f3,True,0.9900000095367432,5.888244800036773,0,0.0,
1274,2009,advantage discoveredAttack middlegame veryLong,35,27,g7g6,True,0.4475680474340999,1,-0.3437004089355469,g7g6,True,0.8357142806053162,5.38258480001241,0,0.0,
1276,2062,advantage discoveredAttack discoveredCheck endgame fork sacrifice veryLong,60,33,g1g3,False,0.0038866346213466767,20,-0.4106732904911041,d3e2,False,0.0,5.243310300051235,0,0.0,
1278,1937,crushing fork middlegame veryLong,32,41,c1f4,False,0.010816488286507534,11,0.6208529472351074,h2h4,False,0.0014285714132711291,4.303707099985331,0,0.0,
1280,1963,advancedPawn crushing deflection endgame long promotion rookEndgame,120,18,h6h7,True,0.3900425051346129,1,0.0026476357597857714,g6b6,False,0.13428571820259094,4.210698300041258,0,0.0,
1282,2302,advantage deflection kingsideAttack long master middlegame pin,35,39,e6c4,False,0.4152532430459907,2,-0.41854336857795715,e6c4,False,0.04857143014669418,4.504254799918272,0,0.0,
1284,1933,mate mateIn2 middlegame queensideAttack short,46,44,a2a8,True,0.24832320831533397,1,-0.575609564781189,a2a8,True,0.9642857313156128,0.6724993999814615,0,0.0,
1286,1943,advantage endgame fork long,66,34,f3g3,False,0.0690828186417851,4,0.009265294298529625,f3g3,False,0.38999998569488525,6.128028800012544,0,0.0,
1288,2289,advancedPawn crushing discoveredAttack discoveredCheck endgame long rookEndgame,96,7,a7a6,False,0.10517136292167101,2,0.010426496155560017,a7a6,False,0.05428571254014969,4.591248199925758,0,0.0,
1290,2062,crushing fork middlegame veryLong,69,30,d7d3,True,0.7328526806265426,1,-0.7158198952674866,d7d3,True,0.9885714054107666,6.211974799982272,0,0.0,
1292,1942,deflection kingsideAttack mate mateIn4 middlegame veryLong,46,39,d1c1,False,0.09744793840634336,2,-0.6131133437156677,g2g4,False,0.012857142835855484,7.47890870005358,0,0.0,
1294,2300,advancedPawn crushing endgame long promotion sacrifice,96,19,g5g6,False,0.018043321649845186,8,-0.40025395154953003,g5g6,False,0.0014285714132711291,5.7728385999798775,0,0.0,
1296,1901,advancedPawn endgame mate mateIn2 pawnEndgame short,98,7,c6c7,False,0.06472484016924161,3,-0.18238304555416107,e6d6,True,0.941428542137146,0.5815485999919474,0,0.0,
1298,2185,crushing kingsideAttack long middlegame pin sacrifice,47,58,g4e3,False,0.023056956185884013,5,0.7254766225814819,c5d5,True,0.7771428823471069,6.586849299957976,0,0.0,
1300,2253,advantage long middlegame trappedPiece,32,50,c4d5,True,0.9750015620633394,1,-0.10932239890098572,c4d5,True,0.9971428513526917,6.044685499975458,0,0.0,
1302,2291,crushing deflection middlegame pin veryLong,45,45,d6e5,False,0.1250100472263547,4,-0.15418295562267303,g6g3,True,0.831428587436676,3.6974575000349432,0,0.0,
1304,2095,advantage capturingDefender long middlegame,53,32,b6b2,True,0.943912213565181,1,-0.15072619915008545,b6b2,True,0.9957143068313599,5.0230879000155255,0,0.0,
1306,1944,discoveredAttack discoveredCheck endgame long mate mateIn3,65,19,d2b2,True,0.8066957142490746,1,-0.9516602754592896,d2b2,True,0.9885714054107666,0.974844399956055,0,0.0,
1308,2038,advantage discoveredAttack middlegame short,30,27,d3e2,False,0.0929696184577097,3,-0.7280701994895935,d3c4,True,0.8242856860160828,4.505773299955763,0,0.0,
1310,2145,advantage hangingPiece long opening,23,31,h6f7,False,0.3574964696468668,2,-0.05189429596066475,a5c4,True,0.9585714340209961,6.451408899971284,0,0.0,
1312,1993,advancedPawn advantage endgame promotion sacrifice veryLong,65,20,h7h6,False,0.029209880900550794,4,0.3981648087501526,f4f3,False,0.0028571428265422583,4.472494799993001,0,0.0,
1314,2192,attraction crushing deflection kingsideAttack long middlegame sacrifice,36,42,c3e2,False,0.0003546641176043672,16,-0.22084234654903412,c1g5,False,0.0,5.068039600038901,0,0.0,
1316,2072,crushing deflection endgame pawnEndgame veryLong zugzwang,111,8,c6d6,False,0.3160819179798535,2,-0.029040241613984108,c6c5,True,0.8914285898208618,6.075986600015312,0,0.0,
1318,2123,advantage middlegame pin sacrifice veryLong,33,2,g8h8,True,0.8198860127714805,1,-0.06499050557613373,g8h8,True,0.9628571271896362,5.2172014999669045,0,0.0,
1320,2150,advantage deflection master middlegame pin queensideAttack short,54,36,f1c1,False,0.0005070509139506445,29,-0.3728213310241699,f1c1,False,0.0,6.959337100037374,0,0.0,
1322,2304,advantage fork master middlegame short,57,42,c8b8,False,0.004003087190591998,13,-0.35397300124168396,c8b8,False,0.0,5.931835799943656,0,0.0,
1324,1921,crushing fork long middlegame,21,40,f6b2,True,0.8657448404655271,1,-0.35814008116722107,f6b2,True,0.9928571581840515,7.002373999916017,0,0.0,
1326,2138,crushing endgame long pin,79,24,e2h5,False,0.0044925046898470905,9,-0.8864688873291016,e2h5,False,0.0,4.272738700034097,0,0.0,
1328,1907,endgame epauletteMate mate mateIn2 short,74,32,h3f5,False,0.3780312686955568,2,0.08887086808681488,f2a7,True,0.9757142663002014,0.33556949999183416,0,0.0,
1330,2071,advantage long middlegame pin,29,52,e5f3,True,0.6557803368898807,1,-0.7127297520637512,e5f3,True,0.9828571677207947,6.406822300050408,0,0.0,
1332,2338,advantage clearance endgame skewer veryLong,62,32,h2h7,True,0.7756193743422318,1,-0.7101930379867554,h2h7,True,0.9928571581840515,5.705776300048456,0,0.0,
1334,2024,crushing defensiveMove hangingPiece middlegame pin veryLong,43,50,e5a1,True,0.834125852760902,1,-0.8631062507629395,e5a1,True,0.9942857027053833,3.5816085999831557,0,0.0,
1336,2324,crushing deflection endgame veryLong,62,33,a3b4,False,0.18605435663550474,3,0.10993850976228714,a3b4,False,0.012857142835855484,6.185182700050063,0,0.0,
1338,2219,advantage long middlegame skewer,21,36,h5g4,False,0.03405664745269201,3,-0.4691031277179718,h5g4,False,0.0028571428265422583,5.760666700080037,0,0.0,
1340,1945,advantage fork long middlegame pin,58,43,e5e6,False,0.12513950246034805,2,0.3834834396839142,e5d6,True,0.7557142972946167,5.700287599931471,0,0.0,
1342,2002,advantage deflection kingsideAttack long master middlegame,55,37,f5h5,False,0.23604308540286742,2,-0.3186876177787781,f4h3,True,0.9642857313156128,7.1793955999892205,0,0.0,
1344,2153,crushing kingsideAttack middlegame pin veryLong,66,43,f7f8,True,0.2896062499424308,1,-0.7732864022254944,f7f8,True,0.5142857432365417,6.354501800029539,0,0.0,
1346,2203,advantage defensiveMove deflection endgame exposedKing veryLong,70,5,e1e2,False,0.25100327416035356,2,-0.29411107301712036,e1f1,True,0.9785714149475098,0.47428309998940676,0,0.0,
1348,2223,advantage fork long middlegame,61,36,e2g3,True,0.7277032896147277,1,-0.629335880279541,e2g3,True,0.991428554058075,4.690565099939704,0,0.0,
1350,1903,deflection kingsideAttack master mate mateIn4 middlegame sacrifice veryLong,50,46,d2e3,False,0.0002619848769414757,12,-0.7590934634208679,d2e3,False,0.0,4.359114699997008,0,0.0,
1352,2073,advantage discoveredAttack discoveredCheck endgame short,71,44,d5e4,False,0.041244767245367485,4,-0.2711334824562073,d5e4,False,0.008571428246796131,4.591541499947198,0,0.0,
1354,2228,crushing fork master middlegame short,42,45,d1d5,False,0.023566172613748524,8,0.36563462018966675,a7a5,True,0.7885714173316956,4.478020400041714,0,0.0,
1356,2032,advancedPawn collinearMove crushing endgame master pin veryLong,80,28,f7d5,False,0.03798543689373807,5,-0.09142386168241501,g3e5,True,0.7128571271896362,5.36750359996222,0,0.0,
1358,1934,endgame long mate mateIn3,75,34,a6b7,True,0.5637240991530169,1,0.006692469585686922,a6b7,True,0.9814285635948181,0.3994965999154374,0,0.0,
1360,2295,advantage long middlegame pin,58,48,e1e6,False,0.3428673994891993,2,-0.07896701991558075,g6e6,True,0.9328571557998657,7.696532499976456,0,0.0,
1362,2096,advantage fork middlegame veryLong,49,37,f8f3,True,0.5636937249147752,1,-0.17916637659072876,f8f3,True,0.8885714411735535,6.607278599985875,0,0.0,
1364,2347,advantage attraction kingsideAttack long middlegame sacrifice,54,41,f6e7,False,0.358155269466727,2,-0.0269143208861351,g3g7,True,0.4399999976158142,4.266492200084031,0,0.0,
1366,2131,advantage discoveredAttack long middlegame,32,48,e3h6,False,0.016284486386237897,5,-0.007561113685369492,e5c6,False,0.3171428442001343,7.024698700057343,0,0.0,
1368,1981,crushing discoveredAttack discoveredCheck kingsideAttack middlegame sacrifice short,33,45,d7g4,False,0.14336841754896784,3,0.2836092710494995,d7h3,True,0.949999988079071,3.1335643999045715,0,0.0,
1370,1943,endgame long mate mateIn3 triangleMate,73,29,d5f3,True,0.4320580213039942,1,0.3043166697025299,d5f3,True,0.9714285731315613,0.5888472000369802,0,0.0,
1372,2020,advantage discoveredAttack long middlegame,23,53,d5d7,False,0.13963356371181362,2,-0.4487003684043884,d5c4,True,0.9228571653366089,5.750372300040908,0,0.0,
1374,2032,advantage middlegame short trappedPiece,36,49,c4e5,False,0.027836074780926187,7,-0.06714282929897308,d1a1,True,0.4114285707473755,6.577231799950823,0,0.0,
1376,1969,advantage fork middlegame short,37,36,b6c6,False,0.03726590830523173,6,0.2621300220489502,b4c2,True,0.7314285635948181,6.514828899991699,0,0.0,
1378,2196,advantage doubleCheck endgame short,70,29,b3c2,False,0.06090095113336103,6,-0.9972697496414185,e6c6,False,0.008571428246796131,5.438262099982239,0,0.0,
1380,2296,advancedPawn crushing discoveredAttack discoveredCheck endgame exposedKing veryLong,95,22,c2h2,False,0.2858173435378467,2,0.3477003276348114,c2e2,True,0.904285728931427,5.571396099985577,0,0.0,
1382,2278,crushing long middlegame pin,37,44,d4e6,False,0.10474509065901103,3,-0.016998372972011566,d7c6,True,0.9628571271896362,6.163235999993049,0,0.0,
1384,2123,advantage attraction fork long master middlegame sacrifice,21,40,b6a6,False,0.00021227653574578154,31,-0.003034712513908744,e8g8,False,0.0,4.432518400019035,0,0.0,
1386,2031,crushing deflection discoveredAttack discoveredCheck kingsideAttack long middlegame,41,37,g8g2,True,0.5593508884269902,1,-0.9801438450813293,g8g2,True,0.9842857122421265,5.110092799994163,0,0.0,
1388,2075,advantage attraction fork long middlegame,38,46,d1e1,False,0.13730611772186366,3,-0.028238987550139427,d1d8,True,0.9228571653366089,4.6229079000186175,0,0.0,
1390,2279,crushing defensiveMove discoveredAttack fork middlegame veryLong,67,30,f8e6,False,0.033767688689637906,2,-0.5990485548973083,f8e6,False,0.0028571428265422583,5.1165632000193,0,0.0,
1392,2127,advantage attraction deflection kingsideAttack long middlegame sacrifice,39,45,d6c5,False,0.015913893720497282,5,0.09797850251197815,h8h2,True,0.5371428728103638,8.941087100072764,0,0.0,
1394,2301,crushing long middlegame pin sacrifice,34,44,f3g5,False,0.0002867158355437709,5,-0.06870245188474655,f3g5,False,0.0,7.175683500012383,0,0.0,
1396,2297,advantage discoveredAttack long middlegame pin,49,29,e5e4,False,0.03791060827368894,7,-0.4927949607372284,c8h3,True,0.758571445941925,5.353416400030255,0,0.0,
1398,2045,advantage kingsideAttack long middlegame pin sacrifice,43,47,d5c6,False,0.0014745003856849004,12,-0.20928819477558136,d5c6,False,0.0,5.767643099999987,0,0.0,
1400,2136,mate mateIn2 middlegame short,59,35,f8f1,False,0.4341058759996727,2,0.09460645169019699,h3f3,True,0.9757142663002014,0.48786530003417283,0,0.0,
1402,1967,advantage endgame fork long,72,35,e5f6,False,0.015386806199454152,9,-0.18285731971263885,e5h5,True,0.5657142996788025,6.295756299979985,0,0.0,
1404,1980,advantage endgame fork long sacrifice,69,28,c8b8,False,0.02161296773819624,9,0.5350726246833801,c8b8,False,0.004285714123398066,4.978858100017533,0,0.0,
1406,2137,advantage middlegame short trappedPiece,25,46,b4e7,True,0.48332909469804186,1,-0.40095388889312744,b4e7,True,0.977142870426178,5.41569769999478,0,0.0,
1408,2161,crushing fork long middlegame,38,36,e4c5,False,0.13964862168856937,2,0.2431717962026596,e3d2,True,0.7557142972946167,6.452850900008343,0,0.0,
1410,2058,advantage discoveredAttack discoveredCheck fork long middlegame,44,40,f7h8,False,0.003778352868657961,9,-0.27574774622917175,f7h8,False,0.0,7.630976899992675,0,0.0,
1412,1913,advantage attackingF2F7 middlegame pin short,28,44,d3b5,True,0.7354774700107499,1,-0.48692524433135986,d3b5,True,0.9857142567634583,5.825380299938843,0,0.0,
1414,2042,advantage capturingDefender endgame short,100,34,g4e5,False,0.19457104025577282,2,0.14169737696647644,d3b5,True,0.9442856907844543,5.913220599992201,0,0.0,
1416,1944,crushing deflection endgame veryLong,62,39,c4h4,True,0.460602137150256,1,-0.3931094706058502,c4h4,True,0.9628571271896362,6.396161699900404,0,0.0,
1418,1921,advantage middlegame short trappedPiece,43,39,h6h8,False,0.27506568515892715,2,-0.9665307998657227,d8c8,True,0.9714285731315613,4.128668199991807,0,0.0,
1420,2272,advantage long middlegame quietMove sacrifice,50,40,g5h7,True,0.37668687987180277,1,0.5346004366874695,h6h3,False,0.06285714358091354,8.081297399941832,0,0.0,
1422,2013,advantage fork long master middlegame,41,33,e6d5,True,0.5428070947714826,1,-0.1955360472202301,e6d5,True,0.9428571462631226,6.338852499960922,0,0.0,
1424,1908,crushing discoveredAttack discoveredCheck endgame short,61,31,d4e2,False,0.04316187717096656,5,0.5822926163673401,d4f5,True,0.9100000262260437,5.177518300013617,0,0.0,
1426,2028,crushing discoveredCheck doubleCheck middlegame short,48,36,f5d6,True,0.25931857270400605,1,-0.13099241256713867,f5d6,True,0.9757142663002014,3.0929776000557467,0,0.0,
1428,2319,advantage attraction kingsideAttack long opening sacrifice,21,52,c6e5,False,0.028481140447844968,3,-0.039881885051727295,a7f2,True,0.6371428370475769,5.4358463999815285,0,0.0,
1430,1995,advantage fork middlegame short,30,29,a1c1,False,0.15216274325051724,2,-0.836517870426178,g3e5,True,0.9671428799629211,5.348326799925417,0,0.0,
1432,2083,crushing discoveredAttack long middlegame,48,48,e3g3,True,0.59344061459912,1,-0.6484087109565735,e3g3,True,0.977142870426178,5.114314300008118,0,0.0,
1434,1907,advantage discoveredAttack discoveredCheck middlegame short,30,45,b3d5,True,0.33233662070586645,1,-0.4782539904117584,b3d5,True,0.9742857217788696,4.860476800007746,0,0.0,
1436,2306,crushing deflection fork long middlegame,48,41,b3d3,False,0.056542905762017405,4,-0.08909130096435547,f3e3,True,0.7885714173316956,4.544043899979442,0,0.0,
1438,2165,advantage hangingPiece long middlegame,43,41,d6e5,True,0.5933001820286536,1,-0.7717390060424805,d6e5,True,0.9842857122421265,5.667261700029485,0,0.0,
1440,1936,endgame long mate mateIn3 queenEndgame,91,30,f1e2,False,0.14138508978439396,2,-0.27432936429977417,h6h5,True,0.9657142758369446,0.7947834000224248,0,0.0,
1442,2058,advantage attraction exposedKing fork middlegame veryLong,49,40,d7a4,False,0.0021459627864337527,21,-0.7882059812545776,d7d5,False,0.0,5.45185670000501,0,0.0,
1444,2201,advantage defensiveMove master middlegame pin short,56,38,a1d1,False,0.19888372606361215,3,0.3879202902317047,g4c8,True,0.9671428799629211,3.385946900001727,0,0.0,
1446,1950,endgame mate mateIn2 short,133,27,d1a4,False,0.01264882130058677,3,0.02123001404106617,d1a4,False,0.40142858028411865,3.5801297000143677,0,0.0,
1448,2052,crushing exposedKing interference long middlegame sacrifice,48,41,g6d6,False,0.06149475430603084,4,-0.3432067632675171,h1h8,True,0.9471428394317627,5.091753699933179,0,0.0,
1450,2114,crushing endgame master pin short,75,28,e6d5,False,0.06755452569455307,4,-0.08886835724115372,e6d5,False,0.025714285671710968,5.644573700032197,0,0.0,
1452,1979,crushing endgame fork long,82,30,e3e7,True,0.9490918036860645,1,0.23916421830654144,e3e7,True,0.9971428513526917,5.90883940004278,0,0.0,
1454,2055,attraction crushing endgame exposedKing intermezzo rookEndgame veryLong,63,24,b3d3,False,0.020666778978503508,8,0.2830639183521271,a7c7,True,0.7071428298950195,5.117335500079207,0,0.0,
1456,2225,crushing endgame interference veryLong,70,35,h3h8,True,0.9919890251592716,1,-3.984942668466829e-05,h3h8,True,0.9985714554786682,6.863344000070356,0,0.0,
1458,1909,advantage master middlegame sacrifice short,60,33,f5g6,False,0.03515102318942787,6,0.4245700538158417,f6g6,True,0.8128571510314941,5.6446948000229895,0,0.0,
1460,2205,crushing defensiveMove deflection long middlegame skewer,42,35,a4c5,False,0.20087187292948333,2,-0.3403092324733734,h4e7,True,0.9642857313156128,7.703605299931951,0,0.0,
1462,1931,attraction crushing fork long middlegame,45,34,d8d7,False,0.0007369575791046792,17,-0.3373051583766937,d8d7,False,0.0,3.769914200063795,0,0.0,
1464,2069,exposedKing long master mate mateIn3 middlegame sacrifice,74,43,c7g7,True,0.7463686313091982,1,0.06643844395875931,c7g7,True,0.9871428608894348,4.57492409995757,0,0.0,
1466,1931,advancedPawn attraction crushing defensiveMove endgame long promotion rookEndgame,64,5,f2e3,True,0.6853024898810673,1,0.7966233491897583,f2e3,True,0.9685714244842529,5.820340599981137,0,0.0,
1468,2135,advantage middlegame pin short,38,42,f3h4,True,0.39365891859448826,1,-0.25322020053863525,f3e5,False,0.12857143580913544,6.379981099977158,0,0.0,
1470,1900,advantage intermezzo kingsideAttack long middlegame pin,39,33,f4h3,False,0.26936209238179637,2,0.24791167676448822,f6g5,True,0.9599999785423279,5.564896299969405,0,0.0,
1472,2072,advantage discoveredAttack discoveredCheck endgame long,72,42,d5f3,True,0.6828257108614615,1,-0.34810325503349304,d5f3,True,0.9885714054107666,5.078899000072852,0,0.0,
1474,1921,advantage long middlegame queensideAttack sacrifice,54,40,g3d6,False,0.044116536585679864,4,-0.5061064958572388,d1d6,True,0.9142857193946838,4.490899000084028,0,0.0,
1476,1933,crushing middlegame sacrifice veryLong,42,40,f1d3,False,0.08332018375749162,2,-0.01178436353802681,h6f8,True,0.9599999785423279,4.811476200004108,0,0.0,
1478,2028,advantage long middlegame trappedPiece,58,39,h7b7,False,3.879873827832523e-05,30,0.03952254354953766,h7b7,False,0.0,5.241185399936512,0,0.0,
1480,2046,advantage middlegame pin short,34,47,d1a4,True,0.7137934454106002,1,0.007109592203050852,d1a4,True,0.9800000190734863,6.369798399973661,0,0.0,
1482,1942,long mate mateIn3 middlegame,66,31,g2c6,False,0.2906836443324561,2,-0.09847162663936615,b2h8,True,0.9714285731315613,0.767289699986577,0,0.0,
1484,1977,crushing middlegame pin short,65,36,d7c7,True,0.7356488345294548,1,-0.8346471190452576,d7c7,True,0.9800000190734863,8.97298459999729,0,0.0,
1486,2182,crushing master middlegame queensideAttack sacrifice short,45,37,d4b5,False,0.00017540730413270576,21,-0.1477355808019638,a8b8,False,0.0,6.419519799994305,0,0.0,
1488,2162,advantage fork master middlegame short,17,43,c6b4,False,0.13833725235916472,2,0.01757526397705078,c6a5,True,0.9614285826683044,5.703315499937162,0,0.0,
1490,2177,advantage middlegame short trappedPiece,44,31,e2e4,True,0.6623184034742111,1,-0.18065109848976135,e2e4,True,0.9814285635948181,7.5284448999445885,0,0.0,
1492,2039,long mate mateIn3 opening sacrifice,16,49,e5f7,False,0.2212825098225807,2,0.4556676745414734,e5g6,False,0.05000000074505806,5.535860800067894,0,0.0,
1494,2333,crushing fork middlegame veryLong,44,42,e1e6,False,0.2877519580624227,2,0.25409987568855286,c4b6,True,0.9428571462631226,5.619558799895458,0,0.0,
1496,2059,advancedPawn attraction crushing endgame long promotion,89,37,b2b1q,False,0.009789872418400722,8,0.18167418241500854,b2b1q,False,0.0028571428265422583,3.471651800093241,0,0.0,
1498,1947,crushing hangingPiece long middlegame,54,31,d4e6,True,0.7135184571553593,1,-0.1188931092619896,d4e6,True,0.9871428608894348,4.171687699970789,0,0.0,
1500,2055,advantage exposedKing fork long middlegame,36,50,c3d4,False,0.00066535295707212,18,-0.6783275008201599,c3d4,False,0.0,5.361028900020756,0,0.0,
1502,2266,crushing discoveredAttack master middlegame short,46,30,d2g5,False,0.1440249724140288,3,0.40065476298332214,d2c3,True,0.5600000023841858,4.780425200005993,0,0.0,
1504,1927,crushing endgame rookEndgame short trappedPiece,71,17,f6f5,False,0.1388989844267134,5,0.01471569575369358,f6g7,True,0.9528571367263794,3.9891028999118134,0,0.0,
1506,1959,crushing endgame pin sacrifice short,64,34,c3c7,False,0.016605711904474116,12,0.10449808835983276,f4f5,True,0.5928571224212646,5.3810868000146,0,0.0,
1508,2164,advantage middlegame pin short,33,50,a8a1,True,0.9110918614364328,1,-0.49799540638923645,a8a1,True,0.9957143068313599,5.02489549992606,0,0.0,
1510,2008,advantage intermezzo long middlegame queensideAttack sacrifice,43,36,a3a2,True,0.6143660688122385,1,-0.45927757024765015,a3a2,True,0.9800000190734863,6.662786700064316,0,0.0,
1512,1908,endgame mate mateIn2 short,54,34,e8g6,True,0.4448049460664318,1,0.8512515425682068,e8g6,True,0.9700000286102295,0.7154823000309989,0,0.0,
1514,2313,crushing endgame pin short,113,25,g6g3,True,0.6266260573899989,1,0.2181469053030014,g6d6,False,0.39142856001853943,5.617613999987952,0,0.0,
1516,2260,long mate mateIn3 middlegame sacrifice,52,37,e3f3,False,0.005710674112219331,10,-0.9753134846687317,e3f3,False,0.0,5.451007599942386,0,0.0,
1518,2071,mate mateIn2 middlegame short,40,43,c6a7,False,0.004791167428976632,11,-0.1999625414609909,c6a7,False,0.0,7.871461299946532,0,0.0,
1520,1983,crushing defensiveMove hangingPiece middlegame short,57,42,f4f5,False,0.1497800042718218,2,-0.24684900045394897,g8h7,True,0.9657142758369446,6.709468199987896,0,0.0,
1522,1952,advantage attraction kingsideAttack long middlegame sacrifice,32,50,d1h5,False,0.11493696865307076,4,-0.17175470292568207,d3h7,True,0.8657143115997314,6.153229299932718,0,0.0,
1524,2120,crushing discoveredAttack discoveredCheck endgame long,48,32,f6f7,True,0.4059036879588581,1,-0.6389303207397461,f6f7,True,0.9728571176528931,6.308249399997294,0,0.0,
1526,2062,crushing endgame hangingPiece long,75,2,e8d8,True,0.7104325460775621,1,-0.8740607500076294,e8d8,True,0.9900000095367432,5.7628147000214085,0,0.0,
1528,2104,advantage discoveredAttack endgame short,56,31,g4f4,False,0.0006254461785978507,24,-0.39477983117103577,h5h3,False,0.0,7.048095899983309,0,0.0,
1530,2273,advantage middlegame short trappedPiece,29,22,f8f6,False,0.18192068237546247,2,-0.6748489737510681,a8a6,True,0.9471428394317627,6.176738700014539,0,0.0,
1532,2153,crushing endgame exposedKing fork sacrifice veryLong,76,31,g3g6,False,0.20110932230700485,2,-0.17617833614349365,d4c6,False,0.09428571164608002,1.284887499990873,0,0.0,
1534,1902,endgame kingsideAttack long mate mateIn3 sacrifice,45,34,h7h5,False,0.17385603238753405,3,-0.24421173334121704,g6g3,True,0.9557142853736877,1.2420682999072596,0,0.0,
1536,2324,advantage fork long middlegame,35,32,g6f5,True,0.895868239793216,1,-0.2877049744129181,g6f5,True,0.9928571581840515,4.653687800047919,0,0.0,
1538,2320,advantage deflection fork intermezzo long middlegame,38,50,d1d6,False,0.20729310918850088,2,-0.16512244939804077,g5g7,True,0.7300000190734863,6.449729599989951,0,0.0,
1540,2315,advantage endgame fork veryLong,58,30,d3d5,True,0.4287876993631829,1,-0.7126186490058899,d3d5,True,0.9800000190734863,4.392865600064397,0,0.0,
1542,1921,advantage endgame fork long,54,27,c3b4,True,0.5418580791513803,1,-0.9405410289764404,c3b4,True,0.9814285635948181,4.747109499992803,0,0.0,
1544,1936,clearance long mate mateIn3 middlegame sacrifice,38,46,e4f6,False,0.0006071871780879205,22,-0.22663931548595428,d1d2,False,0.0,4.100405400036834,0,0.0,
1546,1925,crushing fork long middlegame pin,61,2,c8d8,True,0.5910102054099057,1,0.20332513749599457,c8d8,True,0.9657142758369446,3.758540000068024,0,0.0,
1548,1924,clearance crushing middlegame pin sacrifice short,45,44,e7e2,False,0.007715986588421473,9,0.15559959411621094,b8b7,False,0.0,5.665569000062533,0,0.0,
1550,2069,advantage capturingDefender intermezzo long middlegame,47,40,e8e1,True,0.48629505996657846,1,-0.12888167798519135,e8e1,True,0.8771428465843201,6.001090300036594,0,0.0,
1552,2314,crushing middlegame pin short,38,41,c1c7,True,0.7423425605669601,1,0.6073098182678223,c1c7,True,0.9814285635948181,5.310177900013514,0,0.0,
1554,2045,advancedPawn advantage defensiveMove endgame long quietMove sacrifice,71,15,c4c3,False,0.05255766919264109,6,-0.617703378200531,c6d4,True,0.9071428775787354,6.9039267000043765,0,0.0,
1556,2021,advantage endgame fork long,51,25,e3e1,False,0.2071415391448085,2,-0.5562806725502014,e3c1,True,0.9742857217788696,4.8924250999698415,0,0.0,
1558,1924,attraction crushing fork long middlegame sacrifice,36,50,a6e2,False,0.008253684174048552,7,0.4715309143066406,e3c5,False,0.0,4.810916400048882,0,0.0,
1560,1931,crushing middlegame short trappedPiece,73,22,a5a7,True,0.5056318041317116,1,0.04000651836395264,a5a7,True,0.9800000190734863,4.986248699948192,0,0.0,
1562,1959,crushing long master middlegame pin,52,40,f7e5,True,0.5043523342025273,1,-0.9107182621955872,f7e5,True,0.9571428298950195,7.652224599965848,0,0.0,
1564,2208,attraction crushing deflection long middlegame sacrifice,68,30,f1f6,False,0.01393537567529004,10,-0.027204621583223343,f1f6,False,0.0014285714132711291,5.8805670000147074,0,0.0,
1566,2013,crushing long middlegame quietMove sacrifice,56,48,a3a4,False,0.05531932376040311,4,-0.4598909616470337,a3a4,False,0.0057142856530845165,5.932377999997698,0,0.0,
1568,1982,crushing deflection long middlegame pin,59,32,g3e3,False,0.0874876178322783,4,0.44523903727531433,h5h1,True,0.9642857313156128,4.905904800049029,0,0.0,
1570,2122,advantage discoveredAttack endgame long pin,60,37,b4c4,True,0.6999832161835786,1,-0.31261736154556274,b4c4,True,0.9871428608894348,8.35980999993626,0,0.0,
1572,2156,advantage hangingPiece long middlegame,49,3,f6g7,True,0.4759789515932786,1,-0.3733786642551422,h8g7,False,0.027142856270074844,6.432678899960592,0,0.0,
1574,1964,attraction crushing kingsideAttack long middlegame sacrifice,36,52,g5f6,False,0.01880118698137414,7,0.00981417391449213,e4h7,True,0.47857141494750977,5.309386400040239,0,0.0,
1576,2154,advantage endgame pin short,65,34,e4f2,False,0.06773993464354965,3,-0.7554645538330078,a5a4,True,0.9471428394317627,6.953632800024934,0,0.0,
1578,1993,collinearMove mate mateIn2 middlegame pin sacrifice short,48,40,e6f6,True,0.5675413887294564,1,0.7548099756240845,a3e7,False,0.23571428656578064,5.708198599983007,0,0.0,
1580,2255,bishopEndgame crushing deflection endgame long,88,11,b6b5,True,0.5978655017066029,1,-0.13754373788833618,b6b5,True,0.927142858505249,4.517310400027782,0,0.0,
1582,1959,advantage fork hangingPiece long opening,39,30,c5c1,True,0.3315671217262085,1,-0.9979056715965271,c5c1,True,0.9728571176528931,5.122171900002286,0,0.0,
1584,1909,advantage attraction exposedKing middlegame veryLong,78,44,b1b8,True,0.921738458095552,1,0.4265509247779846,b1b8,True,0.9957143068313599,5.48110530001577,0,0.0,
1586,2123,endgame mate mateIn2 short,69,34,e5f3,False,0.22340450136500445,2,-0.7811876535415649,c2d1,True,0.9757142663002014,0.616105500026606,0,0.0,
1588,1904,crushing defensiveMove master middlegame pin short,55,25,c2c1,True,0.6396806595473084,1,-0.319938063621521,c2c1,True,0.9828571677207947,6.625198299996555,0,0.0,
1590,1942,attraction mate mateIn2 middlegame morphysMate short,87,25,d7a4,False,0.3117264315919778,2,-0.9743317365646362,b4b3,True,0.9785714149475098,0.4472265999065712,0,0.0,
1592,2088,advantage endgame long pin,93,30,d2d1q,False,0.2889924595268906,2,0.23035602271556854,e1a1,False,0.11999999731779099,6.370767000014894,0,0.0,
1594,1988,equality fork middlegame short,55,33,b8b3,False,0.10669647636801087,3,-0.6849806904792786,e5f4,True,0.927142858505249,5.349046199931763,0,0.0,
1596,2203,advancedPawn crushing defensiveMove endgame promotion rookEndgame sacrifice veryLong,91,25,d4d3,True,0.5417972546274524,1,-0.20980936288833618,d4d3,True,0.8557142615318298,6.643225500010885,0,0.0,
1598,2130,advantage long middlegame pin,36,53,g8a8,True,0.8451034600671047,1,0.285922646522522,g8a8,True,0.9928571581840515,4.743013400002383,0,0.0,
1600,1988,advantage endgame master sacrifice short,70,33,f6b6,False,0.05616249348775436,3,-0.6105783581733704,f6b6,False,0.0057142856530845165,5.047230300027877,0,0.0,
1602,1974,attraction deflection endgame mate mateIn2 queensideAttack sacrifice short,85,17,b3c2,False,0.005448084993399605,13,-0.11054830253124237,b2b1,True,0.9599999785423279,0.3977244000416249,0,0.0,
1604,2128,advantage clearance kingsideAttack long middlegame sacrifice,44,40,b2d4,False,0.020790617635850602,2,-0.27847516536712646,b2d4,False,0.008571428246796131,6.71049490000587,0,0.0,
1606,2271,advantage hangingPiece kingsideAttack long middlegame,47,41,e8e4,True,0.2905278958959709,1,-0.18014566600322723,e8e4,True,0.9614285826683044,5.775686000008136,0,0.0,
1608,2078,crushing defensiveMove endgame hangingPiece master short,83,23,d4g4,True,0.715208706728817,1,-0.42311087250709534,d4g4,True,0.9800000190734863,5.673308999976143,0,0.0,
1610,2057,advantage fork long middlegame,54,28,f4c7,True,0.4828395775629064,1,-0.7651026248931885,f4c7,True,0.9814285635948181,5.4247063000220805,0,0.0,
1612,1900,mate mateIn2 middlegame short,42,42,h1h7,True,0.6501889856655423,1,-0.6037346124649048,h1h7,True,0.9871428608894348,0.34897450008429587,0,0.0,
1614,1955,advantage defensiveMove endgame long pin,84,23,c7c8,True,0.3499587897006448,1,-0.5725123286247253,c7c8,True,0.9728571176528931,5.698185699991882,0,0.0,
1616,1994,advantage endgame exposedKing fork long,63,31,h4e1,False,0.14223143027839366,2,-0.6069360971450806,d4e2,True,0.9585714340209961,4.321825300110504,0,0.0,
1618,2334,advancedPawn advantage deflection exposedKing fork intermezzo long middlegame sacrifice,59,43,f2g2,True,0.3399278256717368,1,-0.2890329957008362,f2g2,True,0.9685714244842529,4.899700500071049,0,0.0,
1620,2134,crushing endgame hangingPiece master short,111,18,c5b6,True,0.8739144082801361,1,0.03881174698472023,c5b6,True,0.991428554058075,5.447350799920969,0,0.0,
1622,1975,crushing deflection endgame long master,73,23,c4b2,False,0.08214484050619782,2,-0.07054489105939865,a2b3,True,0.9514285922050476,2.555653900024481,0,0.0,
1624,2288,advantage exposedKing fork middlegame veryLong,41,46,f1d2,True,0.7198579115386038,1,-0.3482198715209961,f1d2,True,0.9900000095367432,5.259247599984519,0,0.0,
1626,2180,crushing exposedKing middlegame pin veryLong,61,49,e5a5,False,0.2906161281863548,2,0.19318807125091553,e5c5,False,0.09285714477300644,5.900752899935469,0,0.0,
1628,1906,advancedPawn crushing fork middlegame sacrifice veryLong,46,37,b2b3,False,0.003451244367383004,15,-0.633698046207428,b2b3,False,0.0,5.267956399940886,0,0.0,
1630,1943,advantage fork middlegame short,47,32,b2c1,True,0.48111942539897395,1,-0.5968590378761292,b2c1,True,0.9800000190734863,4.62615529994946,0,0.0,
1632,2035,advantage fork middlegame short,51,35,b6c7,False,0.06719569984618588,5,-0.6916443705558777,b6b4,True,0.8642857074737549,6.123069999972358,0,0.0,
1634,2294,advantage attraction kingsideAttack long middlegame,69,47,h6e3,False,0.003550666357905168,12,-0.46501651406288147,f3f7,False,0.0,6.047498499974608,0,0.0,
1636,2000,advantage fork long master middlegame,53,42,f6h5,True,0.44597549893108274,1,-0.4589194059371948,f6h5,True,0.9757142663002014,4.369480900000781,0,0.0,
1638,2079,crushing deflection endgame long sacrifice,80,33,f7g7,True,0.49240049281771014,1,0.5632101893424988,f7g7,True,0.9828571677207947,3.7563610000070184,0,0.0,
1640,2110,long mate mateIn3 middlegame sacrifice,48,41,e7d7,False,0.0013888417790672728,16,-0.2320789396762848,e7d7,False,0.0,5.755391200073063,0,0.0,
1642,2315,advantage attraction fork middlegame pin sacrifice veryLong,46,34,f1f2,False,0.18894820832526882,3,-0.4464184045791626,f1f2,False,0.3442857265472412,4.171735000098124,0,0.0,
1644,2342,mate mateIn4 middlegame operaMate sacrifice veryLong,36,47,d2e3,False,0.0015324938024355317,6,0.255856990814209,d2e3,False,0.0,8.800967999966815,0,0.0,
1646,1906,endgame mate mateIn2 short,64,29,g6g7,True,0.5060257608174606,1,-0.23905952274799347,g6g7,True,0.9857142567634583,0.4197107999352738,0,0.0,
1648,2097,advantage master middlegame pin short,30,50,e1e6,True,0.16140858016459514,1,-0.09244488924741745,e1e6,True,0.9100000262260437,5.390734100015834,0,0.0,
1650,2309,clearance crushing endgame long pin,92,42,c5a3,True,0.7063250464431895,1,0.23590661585330963,c5a3,True,0.9257143139839172,4.8849005999509245,0,0.0,
1652,2329,crushing kingsideAttack long middlegame pin,32,39,g3g7,True,0.6586016279950918,1,-0.13413730263710022,g3g7,True,0.9571428298950195,5.09531749994494,0,0.0,
1654,1912,crushing long middlegame sacrifice,48,38,c3d5,False,0.08888355634447734,5,0.02003396861255169,d4f5,True,0.9442856907844543,4.405403499957174,0,0.0,
1656,2215,discoveredCheck doubleCheck endgame mate mateIn2 pillsburysMate short,71,23,e2c2,False,0.005194768462814315,10,-0.051657725125551224,h4f3,False,0.0,5.479422000003979,0,0.0,
1658,2039,advantage long middlegame sacrifice,28,47,h6h3,False,0.14343374473890486,2,-0.7897499203681946,f1f5,True,0.9700000286102295,3.9536658000433818,0,0.0,
1660,2332,crushing endgame long pin,62,20,b5a4,False,0.020071034966612774,4,-0.4975038468837738,b5a4,False,0.0057142856530845165,5.491111799958162,0,0.0,
1662,2156,attraction crushing kingsideAttack long middlegame,26,49,g5f7,True,0.6005627984842904,1,0.30832844972610474,g5f7,True,0.9571428298950195,4.798369399970397,0,0.0,
1664,2301,crushing fork master middlegame veryLong,59,49,b5c5,True,0.35846631770435256,1,-0.030369242653250694,b5c5,True,0.9485714435577393,4.380238899961114,0,0.0,
1666,2031,endgame master mate mateIn2 short,90,26,c5c6,False,0.23148552914082024,3,-0.5646044611930847,c5c8,True,0.977142870426178,0.34388609998859465,0,0.0,
1668,1984,advantage fork long middlegame,34,37,f4d6,True,0.7145254216947986,1,-0.3272227942943573,f4d6,True,0.977142870426178,5.485770200029947,0,0.0,
1670,1916,advantage long middlegame sacrifice,63,43,b6f6,False,0.02023059055528567,8,-0.8964827656745911,f5f3,True,0.7371428608894348,5.707204499980435,0,0.0,
1672,1926,crushing discoveredAttack long middlegame,38,35,c3e2,False,0.05414226920057598,3,0.06448059529066086,c3e2,False,0.15285713970661163,4.009876600001007,0,0.0,
1674,2132,advantage exposedKing middlegame sacrifice veryLong,58,41,e2h5,False,0.012645553821634247,6,-0.4843277633190155,e2h5,False,0.0014285714132711291,6.8964768999721855,0,0.0,
1676,2039,advantage endgame fork long pin sacrifice,68,29,f7b7,False,0.015428556378492747,11,-0.8890439867973328,f1f5,True,0.5699999928474426,5.1670635000336915,0,0.0,
1678,1950,crushing endgame pin short,68,33,d7d4,True,0.6817586201614463,1,0.41653528809547424,d7d4,True,0.9800000190734863,3.627571699908003,0,0.0,
1680,2250,advantage defensiveMove endgame pin short,57,6,h6g5,False,0.004234709175612835,6,-0.7331153750419617,h6g5,False,0.0,5.691806300077587,0,0.0,
1682,1935,attraction crushing endgame master queensideAttack sacrifice short,50,45,c1b1,False,0.003765116348799625,9,-0.030934462323784828,c1b1,False,0.0,6.450991200050339,0,0.0,
1684,2077,attraction bishopEndgame crushing endgame veryLong,90,10,d4e5,True,0.7272915247910489,1,-0.3668799102306366,d4e5,True,0.9800000190734863,4.353474400006235,0,0.0,
1686,2014,advantage deflection discoveredAttack discoveredCheck middlegame queensideAttack veryLong xRayAttack,68,31,a7a8,True,0.42364601872476243,1,-0.5422409772872925,a7a8,True,0.9257143139839172,5.538691300083883,0,0.0,
1688,2278,advantage hangingPiece master middlegame short,79,2,g4f3,True,0.7301433285995736,1,-0.6173855066299438,g4f3,True,0.9928571581840515,4.736044499906711,0,0.0,
1690,2113,advantage discoveredAttack middlegame queensideAttack veryLong,42,38,c3e2,False,0.09336872404922673,3,-0.31486865878105164,e3b6,True,0.918571412563324,6.577262999955565,0,0.0,
1692,2167,advantage clearance fork long middlegame quietMove,26,38,g5f6,True,0.3633496269289458,1,-0.10107530653476715,g5f6,True,0.9728571176528931,2.1625662998994812,0,0.0,
1694,1964,advantage hangingPiece middlegame pin short,48,41,e4e6,True,0.7744016556188498,1,-0.6025470495223999,e4e6,True,0.991428554058075,4.5434840999078006,0,0.0,
1696,2255,crushing endgame pin veryLong,57,41,e6b6,True,0.4107061161628907,1,-0.062196996062994,e6b6,True,0.38857144117355347,5.833660900010727,0,0.0,
1698,2189,crushing endgame hangingPiece long rookEndgame,101,14,d4c5,True,0.7385012278042893,1,0.07253863662481308,d4c5,True,0.9700000286102295,4.579664800083265,0,0.0,
1700,1970,advantage capturingDefender fork middlegame veryLong,54,38,c3d5,True,0.8477632851714448,1,-0.04621423780918121,c3d5,True,0.9757142663002014,5.480252800043672,0,0.0,
1702,2240,crushing middlegame pin short,62,50,g4d7,False,0.14713521459390053,2,-0.9516838788986206,g4d7,False,0.19857142865657806,7.203389000031166,0,0.0,
1704,1922,attraction crushing exposedKing fork long middlegame,57,39,f8f2,True,0.7707539152836966,1,-0.5194083452224731,f8f2,True,0.9885714054107666,5.021361799910665,0,0.0,
1706,1918,advantage discoveredAttack endgame short,51,38,f4g5,False,0.0020533510192875747,11,0.04998565837740898,f4d2,False,0.0,5.939392400090583,0,0.0,
1708,1944,capturingDefender crushing deflection master middlegame short,44,41,a6a8,False,0.12466674974492664,3,-0.34170660376548767,a6a8,False,0.2742857038974762,5.444564300007187,0,0.0,
1710,2076,clearance crushing intermezzo long master middlegame sacrifice,69,36,f5h3,False,0.025197420474854345,8,-0.5214948058128357,f5f6,False,0.0057142856530845165,6.323182200081646,0,0.0,
1712,1910,crushing discoveredAttack discoveredCheck endgame kingsideAttack long sacrifice,70,29,h5g6,False,0.2211261050809992,2,-0.3982774019241333,g4h6,True,0.9742857217788696,4.334681699983776,0,0.0,
1714,2183,advantage fork long middlegame,50,46,e1e8,True,0.8952564905643342,1,-0.4693685472011566,e1e8,True,0.9957143068313599,5.231970699969679,0,0.0,
1716,2324,crushing fork master middlegame short,40,51,e4d6,True,0.47876766305113766,1,0.28603002429008484,g5e7,False,0.40142858028411865,5.8940587999532,0,0.0,
1718,1990,advantage discoveredAttack fork long middlegame,44,49,e5d4,False,0.04621459543725909,4,0.15516699850559235,e5d5,True,0.9028571248054504,5.189857899909839,0,0.0,
1720,2196,crushing deflection exposedKing fork middlegame veryLong,50,36,h3h8,True,0.8334326616585321,1,-0.42501336336135864,h3h8,True,0.9928571581840515,3.0623156999936327,0,0.0,
1722,1948,advantage hangingPiece opening short,12,42,f3a8,True,0.7040956601965914,1,0.1824864000082016,f3a8,True,0.977142870426178,5.071984999929555,0,0.0,
1724,2005,advantage deflection exposedKing middlegame quietMove sacrifice skewer veryLong,54,36,d1h1,True,0.6538049213255738,1,-0.7859687805175781,d1h1,True,0.9828571677207947,7.1247199000790715,0,0.0,
1726,2085,crushing defensiveMove endgame hangingPiece veryLong,134,5,f5f6,True,0.850999993207271,1,0.16010551154613495,f5f6,True,0.9857142567634583,4.6871586999623105,0,0.0,
1728,1917,advantage deflection endgame veryLong,86,31,g2h3,False,0.37851089166020624,2,-0.6640751361846924,c2c5,True,0.9757142663002014,4.563558400026523,0,0.0,
1730,2141,advancedPawn endgame mate mateIn2 short,89,23,a3a1,False,0.10035103442115344,4,0.6570727825164795,b3b2,True,0.9614285826683044,1.1126645000185817,0,0.0,
1732,2098,advantage master middlegame skewer veryLong,42,27,d1d2,False,0.038429703417720444,2,-0.5327696204185486,h1g1,True,0.8871428370475769,6.904718499979936,0,0.0,
1734,2226,advantage deflection middlegame veryLong,62,41,f7c4,True,0.5558198188944133,1,-0.566878080368042,f7c4,True,0.9814285635948181,5.793862499995157,0,0.0,
1736,2004,crushing deflection middlegame queensideAttack short,40,44,a4a6,True,0.3267045858886657,1,-0.04428655654191971,a4a6,True,0.9714285731315613,4.736237299977802,0,0.0,
1738,2090,crushing fork interference intermezzo master middlegame short,49,42,e4g5,False,0.1068025589540359,2,-0.6651512980461121,e4g5,False,0.13571429252624512,6.035642400034703,0,0.0,
1740,2313,crushing middlegame pin veryLong,43,39,e7h4,True,0.38909934642868516,1,-0.5534683465957642,e7h4,True,0.9728571176528931,3.277662199921906,0,0.0,
1742,2086,capturingDefender crushing middlegame short,36,48,g3c3,False,0.020392569312739015,4,-0.8804433941841125,c4f7,True,0.7171428799629211,7.5659558000043035,0,0.0,
1744,2044,discoveredAttack discoveredCheck endgame mate mateIn2 short,47,29,f6e4,True,0.45776346054427514,1,-0.2928955852985382,f6e4,True,0.9742857217788696,0.5087784000206739,0,0.0,
1746,2221,advantage fork middlegame short,60,48,e5h5,True,0.5287326733054848,1,-0.14767180383205414,e5h5,True,0.9700000286102295,4.9239760000491515,0,0.0,
1748,2187,advantage discoveredAttack middlegame short,70,37,c1c7,False,0.014368176141555963,3,0.40779173374176025,c1c7,False,0.4928571283817291,4.666528800036758,0,0.0,
1750,1927,advantage fork long middlegame,29,35,f6g5,True,0.5428148529675548,1,-0.4258340001106262,f6g5,True,0.9071428775787354,5.6061000999761745,0,0.0,
1752,1971,advantage endgame fork long master sacrifice,91,33,d7e7,False,0.009119924997690034,7,-0.18933869898319244,e5e4,False,0.0,5.837011400028132,0,0.0,
1754,2336,advantage deflection master middlegame queensideAttack short,63,50,c4a3,True,0.4837601142286892,1,0.6304362416267395,b4a5,False,0.21714285016059875,7.598628500010818,0,0.0,
1756,1971,advantage capturingDefender long middlegame,29,45,a8d8,False,0.2994575222898159,2,-0.4821237027645111,c6d4,True,0.9585714340209961,6.61574749997817,0,0.0,
1758,2274,attraction crushing fork long middlegame,37,43,f7f5,False,0.10595853687871211,4,-0.00048742807121016085,g5g4,True,0.9471428394317627,5.918163800030015,0,0.0,
1760,2148,crushing fork long middlegame,22,35,e1g1,False,0.028208942764890572,6,-0.10972502082586288,f4e5,True,0.4585714340209961,6.3484342999290675,0,0.0,
1762,2050,advantage discoveredAttack discoveredCheck kingsideAttack middlegame sacrifice veryLong,59,38,f5e3,False,0.06945319208123014,6,-0.9937819242477417,f5g3,True,0.9457142949104309,6.3164486000314355,0,0.0,
1764,2266,advantage endgame long master masterVsMaster pin,66,30,g2g3,False,0.2238015791579258,2,-0.38201940059661865,d3f1,True,0.9728571176528931,5.974762300029397,0,0.0,
1766,2226,crushing endgame long master trappedPiece,80,34,c7d6,False,0.07439268664769697,5,0.05989055708050728,c7d8,True,0.7900000214576721,4.375157999922521,0,0.0,
1768,2075,endgame master mate mateIn2 short,66,31,b7f7,False,0.4165593297729603,2,-0.022718260064721107,d6e8,True,0.9700000286102295,0.7135520000010729,0,0.0,
1770,2176,advantage fork long middlegame,62,49,b5c4,False,0.10197567114662533,3,-0.23078902065753937,c1c6,True,0.904285728931427,5.715503100072965,0,0.0,
1772,2252,advantage capturingDefender long middlegame,26,43,d4c6,True,0.6717914811743475,1,0.46890971064567566,d4c6,True,0.8757143020629883,4.934175500064157,0,0.0,
1774,1928,crushing endgame pin short,86,2,c3c2,False,0.41930377962832893,2,0.0020274079870432615,c3d3,True,0.954285740852356,4.953026799950749,0,0.0,
1776,2183,crushing endgame long pin sacrifice,67,45,f4g5,False,0.12344344041299161,2,-0.07489016652107239,f3g2,True,0.8242856860160828,4.152602400048636,0,0.0,
1778,2078,advantage attraction exposedKing long master middlegame skewer,37,43,c6c5,False,0.03822523939878574,5,-0.340263694524765,c6c5,False,0.0028571428265422583,4.325109999976121,0,0.0,
1780,2273,advantage long middlegame pin,85,43,g4h4,False,0.35808974910430974,2,0.2132396250963211,g4d1,True,0.9585714340209961,7.702067299978808,0,0.0,
1782,2100,advantage fork long middlegame,39,50,f4e2,False,0.05561317277240752,4,-0.2263004332780838,e7g5,True,0.9214285612106323,2.735964299994521,0,0.0,
1784,2252,advantage deflection discoveredAttack master masterVsMaster middlegame pin superGM veryLong,62,49,c1b1,False,0.23429673297792886,2,-0.4063345789909363,e4b7,True,0.9514285922050476,3.4078280000248924,0,0.0,
1786,2176,crushing deflection endgame short,126,4,a5c4,False,0.39827829662190506,2,-0.9186214804649353,a5b7,True,0.6514285802841187,5.2054071999154985,0,0.0,
1788,1991,advantage defensiveMove endgame fork long,99,13,c4b3,False,0.40844544166891134,2,-0.019625293090939522,h7h6,True,0.9728571176528931,4.444057399989106,0,0.0,
1790,2064,advantage discoveredAttack discoveredCheck endgame long,59,27,a2c4,False,0.1739316140442338,2,-0.0673130452632904,e4d2,True,0.9214285612106323,4.25972269999329,0,0.0,
1792,2197,crushing fork master middlegame sacrifice short,50,44,f6e4,False,0.09908173019931157,3,-0.5014500617980957,h6g7,True,0.9557142853736877,0.8327658000634983,0,0.0,
1794,1966,advantage discoveredAttack discoveredCheck long middlegame,24,33,d4e5,False,0.19817643396385276,2,-0.8040728569030762,b3d5,False,0.09714286029338837,8.23970549996011,0,0.0,
1796,2214,advantage endgame exposedKing sacrifice veryLong,51,27,g6h6,False,0.05732065516295994,6,-0.8171796798706055,h4g4,True,0.8100000023841858,1.8279471999267116,0,0.0,
1798,2132,advantage endgame fork long pin,62,24,f3e4,True,0.305718758205048,1,-0.13978394865989685,f3e4,True,0.881428599357605,6.543587799998932,0,0.0,
1800,2325,attraction crushing kingsideAttack middlegame sacrifice short,47,47,d6f6,False,0.05862892721351455,4,-0.032415758818387985,d6f6,False,0.07999999821186066,6.519950499990955,0,0.0,
1802,2086,crushing long middlegame pin trappedPiece,66,52,f4g6,True,0.3970128186987169,1,-0.4275720417499542,f4g6,True,0.9785714149475098,4.48428000009153,0,0.0,
1804,1958,exposedKing long mate mateIn3 middlegame sacrifice,43,33,d5e3,True,0.8714455121200128,1,-0.6298258900642395,d5e3,True,0.9942857027053833,0.6938036000356078,0,0.0,
1806,1946,advantage middlegame pin short,40,45,e1e5,False,0.04753774397528183,5,0.4947532117366791,f1f7,True,0.8600000143051147,5.501733700046316,0,0.0,
1808,2316,advancedPawn advantage discoveredAttack kingsideAttack long middlegame,34,52,g6f7,True,0.36709626048761673,1,-0.24614030122756958,g6f7,True,0.9014285802841187,6.041679300018586,0,0.0,
1810,1929,crushing endgame hangingPiece knightEndgame short,104,14,d5c7,True,0.4660440809366032,1,0.037948548793792725,d5c7,True,0.9742857217788696,5.1185846999287605,0,0.0,
1812,1941,advantage exposedKing long middlegame pin,66,39,e3e8,False,0.28690233395650017,2,0.6959157586097717,g3g6,True,0.9714285731315613,3.9695939000230283,0,0.0,
1814,2346,advantage fork hangingPiece intermezzo middlegame short,74,29,h5e8,True,0.821611507224059,1,-0.6956604719161987,h5e8,True,0.9942857027053833,6.399823999963701,0,0.0,
1816,2100,advantage endgame long pin quietMove sacrifice,50,39,e5f6,False,0.02634113271422116,9,-0.42410293221473694,e5f6,False,0.0014285714132711291,4.2069009999977425,0,0.0,
1818,2128,advantage long middlegame trappedPiece,30,56,c7b7,False,0.24496486638345422,2,-0.5527572631835938,d5f6,True,0.9700000286102295,5.144577200058848,0,0.0,
1820,2085,crushing defensiveMove endgame hangingPiece master short,87,27,h1d1,True,0.9744173108171021,1,0.794502854347229,h1d1,True,0.9971428513526917,4.705360100022517,0,0.0,
1822,2141,crushing defensiveMove endgame hangingPiece long master masterVsMaster,103,8,b2a4,False,0.3977613311353084,2,0.10951518267393112,b2a4,False,0.11428571492433548,5.090217599994503,0,0.0,
1824,2276,crushing middlegame pin veryLong,46,52,h5g6,True,0.5943511708745266,1,-0.9668320417404175,h5g6,True,0.9814285635948181,5.923258800059557,0,0.0,
1826,2200,crushing middlegame pin veryLong,61,37,g5g4,True,0.6649881862232415,1,-0.9487669467926025,g5g4,True,0.9828571677207947,9.154237199923955,0,0.0,
1828,2045,advantage attraction endgame exposedKing fork veryLong,72,19,g5e6,False,0.08530881640167454,3,0.23896270990371704,g5e6,False,0.0057142856530845165,6.831918100011535,0,0.0,
1830,1921,discoveredCheck doubleCheck endgame mate mateIn2 short,46,26,f6d7,False,0.03211127936227456,6,-0.31055039167404175,f6d7,False,0.0014285714132711291,5.350098600029014,0,0.0,
1832,2241,capturingDefender crushing long middlegame pin,34,52,e6f7,False,0.30310486845242174,2,0.7286351919174194,d1b3,True,0.9371428489685059,6.538721999968402,0,0.0,
1834,2194,advancedPawn advantage attraction kingsideAttack long opening,24,52,g6f7,True,0.48209267826783064,1,0.6594982147216797,g6f7,True,0.9071428775787354,4.77183270000387,0,0.0,
1836,2030,advantage endgame pin short,88,18,a3a4,False,0.02898529274533654,6,-0.14985649287700653,c4c5,True,0.8414285778999329,6.737271500052884,0,0.0,
1838,1957,crushing discoveredAttack discoveredCheck middlegame short,47,32,f2d1,True,0.894260667628324,1,0.4096193313598633,f2d1,True,0.9942857027053833,5.710935699986294,0,0.0,
1840,2096,crushing endgame fork long,67,26,b5d3,True,0.4219291300776425,1,-0.9454843401908875,b5d3,True,0.9785714149475098,6.2834207999985665,0,0.0,
1842,1967,advantage middlegame pin short,31,29,d4e2,False,0.019056999299440037,3,-0.5242058634757996,e7e2,False,0.0028571428265422583,4.569780300022103,0,0.0,
1844,1975,crushing fork long middlegame,57,39,f6f3,True,0.33460674252705996,1,-0.4149075448513031,f6f3,True,0.9728571176528931,5.077199499937706,0,0.0,
1846,2090,crushing defensiveMove endgame long sacrifice,66,4,f2f3,True,0.42249585893914277,1,-0.09414641559123993,f2f3,True,0.6571428775787354,3.927999999956228,0,0.0,
1848,2110,advantage endgame hangingPiece short,71,44,c4a6,False,0.09997680128353321,4,0.32227134704589844,c4f7,True,0.9514285922050476,6.0363432000158355,0,0.0,
1850,2081,crushing deflection endgame long queenEndgame,114,27,f5f6,True,0.3308673913742243,1,-0.05330231040716171,f5f6,True,0.9371428489685059,5.844233600073494,0,0.0,
1852,2329,attackingF2F7 crushing fork intermezzo master middlegame veryLong,46,40,h5f3,False,0.1341734798131929,3,-0.16481228172779083,e4d5,True,0.9514285922050476,7.831718700006604,0,0.0,
1854,1982,advantage fork long middlegame sacrifice,65,44,h7h6,False,0.0005511376849762484,32,-0.2200922816991806,h7h6,False,0.0,5.675556700094603,0,0.0,
1856,2029,advantage endgame long pin,58,23,f4g4,True,0.49816825031976186,1,-0.6942763924598694,f4g4,True,0.977142870426178,7.158285100013018,0,0.0,
1858,2254,crushing fork long middlegame,54,39,b2c3,False,0.11997866286724725,2,-0.969840407371521,b2c3,False,0.2685714364051819,8.03209200000856,0,0.0,
1860,2276,crushing long master masterVsMaster middlegame sacrifice,48,48,d1d3,False,0.009651762886859604,8,0.2742215394973755,d1d3,False,0.0028571428265422583,7.349369999952614,0,0.0,
1862,2186,crushing discoveredAttack master middlegame quietMove veryLong,60,45,d4e2,False,0.009169798172681048,8,-0.5429850816726685,f3e4,False,0.0,6.087321600061841,0,0.0,
1864,2003,crushing discoveredAttack long middlegame pin,50,52,f3f2,False,0.015242739011901436,10,-0.9653995037078857,e4d6,True,0.5657142996788025,4.325539399986155,0,0.0,
1866,1922,advancedPawn attraction crushing kingsideAttack long middlegame sacrifice,23,49,f6g6,False,0.11822023639637791,3,-0.5802165865898132,d6h2,True,0.8757143020629883,6.719599100062624,0,0.0,
1868,2052,advancedPawn advantage discoveredAttack long middlegame,62,39,h4h7,True,0.8216910668214719,1,-0.39948180317878723,h4h7,True,0.9685714244842529,4.577431299956515,0,0.0,
1870,2122,crushing defensiveMove endgame hangingPiece master short,98,13,b3c5,False,0.4937246562804017,2,0.6441121101379395,b3c5,False,0.44428572058677673,0.6369686999823898,0,0.0,
1872,2246,advantage middlegame pin short,34,42,e3h3,False,0.1949647762292161,3,-0.5188028216362,h6g6,True,0.9399999976158142,5.895070500089787,0,0.0,
1874,2054,attraction crushing deflection endgame veryLong,54,43,f4h4,False,0.23336553857095368,2,0.16956420242786407,d3g3,False,0.02857142873108387,6.1335509000346065,0,0.0,
1876,1905,crushing middlegame pin short,53,52,e8e2,False,0.11452711775971187,3,-0.08109626919031143,a6b7,True,0.9200000166893005,3.5966135999187827,0,0.0,
1878,1958,crushing endgame skewer veryLong,61,23,b6b2,True,0.5826975445686225,1,-0.9827980995178223,b6b2,True,0.9857142567634583,5.267855799989775,0,0.0,
1880,1904,bishopEndgame endgame mate mateIn2 short,89,17,d3d2,False,0.13736974620974102,4,-0.4608018100261688,c8b7,True,0.9728571176528931,0.4674463999690488,0,0.0,
1882,2236,crushing deflection long master middlegame,43,36,h4h3,False,0.26282646134362586,2,-0.9842276573181152,h5g3,True,0.9671428799629211,4.902441100100987,0,0.0,
1884,2031,endgame mate mateIn2 short,56,36,c5a7,True,0.3951767706970719,1,0.08100716769695282,c5a7,True,0.9728571176528931,0.37486049998551607,0,0.0,
1886,2098,crushing endgame short trappedPiece,75,19,e6c5,False,0.04415927805120054,7,-0.0006249508587643504,b6c8,True,0.8857142925262451,5.606655200012028,0,0.0,
1888,2016,crushing endgame hangingPiece quietMove veryLong,72,6,h7g8,True,0.8357429113034796,1,-0.8530626893043518,h7g8,True,0.9942857027053833,4.6324314000085,0,0.0,
1890,1983,advantage discoveredAttack long middlegame pin,52,25,g2h3,True,0.5552188817228142,1,-0.6551408171653748,g2h3,True,0.9857142567634583,5.616018300061114,0,0.0,
1892,1988,advantage discoveredAttack master middlegame short,28,40,f4d6,False,0.003065042379441095,13,0.07365834712982178,f4h6,False,0.0,5.735669699963182,0,0.0,
1894,1951,crushing endgame hangingPiece long,70,39,f3f6,True,0.5951757959055228,1,-0.3618864119052887,f3f6,True,0.9800000190734863,2.930441699922085,0,0.0,
1896,2053,crushing endgame long master sacrifice,84,46,c1c5,False,0.0013020955341903806,23,0.16523924469947815,c1c7,False,0.0,7.889269900042564,0,0.0,
1898,2002,deflection endgame mate mateIn2 short,58,31,a4e8,True,0.5294813974369401,1,-0.9894829988479614,a4e8,True,0.9857142567634583,0.36891970003489405,0,0.0,
1900,1978,cornerMate endgame mate mateIn2 short,66,32,e7g7,False,0.06358497449890219,2,-0.16130134463310242,e7e8,True,0.949999988079071,0.8385681000072509,0,0.0,
1902,1929,advantage fork long middlegame quietMove,58,45,d3e3,False,0.20319802935119854,3,-0.03462641313672066,d3g3,True,0.9457142949104309,4.33712459995877,0,0.0,
1904,2256,crushing fork middlegame short,36,47,f3d5,False,0.18911802241140513,3,-0.2169457972049713,c5e7,True,0.9642857313156128,4.6312145999399945,0,0.0,
1906,1963,attraction crushing endgame fork veryLong,72,18,a1a8,True,0.535119860147113,1,-0.7182163000106812,a1a8,True,0.9814285635948181,3.843482100055553,0,0.0,
1908,2039,advantage fork long middlegame,27,33,c5d4,True,0.5809575131419694,1,-0.4954056739807129,c5d4,True,0.9857142567634583,6.339229099918157,0,0.0,
1910,2068,endgame mate mateIn2 short,71,20,c7c6,False,0.18461182540118662,3,0.059847116470336914,e7d6,True,0.9700000286102295,0.6728495000861585,0,0.0,
1912,2212,advantage discoveredAttack middlegame short,39,43,d6c7,True,0.5450651534015498,1,0.1537056267261505,d6c7,True,0.8271428346633911,5.912419400061481,0,0.0,
1914,1981,advantage defensiveMove hangingPiece long master middlegame,51,50,c3e2,True,0.5189300660801014,1,-0.2765139043331146,c3e2,True,0.9857142567634583,4.7867593000410125,0,0.0,
1916,2159,advantage discoveredAttack discoveredCheck middlegame short,50,34,h5g7,False,0.10670037341935132,4,-0.49853596091270447,h5g3,True,0.9700000286102295,4.545299299992621,0,0.0,
1918,2248,attraction crushing kingsideAttack middlegame sacrifice short,54,42,b1e1,False,0.0038259965837799054,14,-0.7955902218818665,b1e1,False,0.0,6.113287899992429,0,0.0,
1920,1924,bishopEndgame crushing endgame quietMove sacrifice short,80,9,g2f1,False,0.030153838482312397,3,0.08228113502264023,g2f1,False,0.0057142856530845165,5.921288799960166,0,0.0,
1922,2006,advantage middlegame pin short,39,41,g7h6,True,0.25533924081712484,1,-0.8956977725028992,g7h6,True,0.9728571176528931,5.1602822000859305,0,0.0,
1924,2022,endgame long mate mateIn3,84,31,d5d8,False,0.20134924012898794,3,0.42540663480758667,d5d6,True,0.9485714435577393,0.5430794000858441,0,0.0,
1926,1978,clearance crushing defensiveMove long middlegame sacrifice,57,4,f7e6,True,0.6586915291431417,1,0.08648766577243805,f7e6,True,0.9842857122421265,4.145587499951944,0,0.0,
1928,2031,advantage long master middlegame pin,45,30,c8c6,True,0.7822890982483608,1,0.2893339693546295,c8c6,True,0.9457142949104309,6.87440750002861,0,0.0,
1930,1910,advantage discoveredAttack middlegame short,43,39,d7f6,True,0.37350994547659505,1,-0.32742783427238464,d7f6,True,0.9728571176528931,7.127163199940696,0,0.0,
1932,1932,attraction endgame exposedKing long mate mateIn3,74,27,g2g7,True,0.9802207731130458,1,0.750180721282959,h6g7,False,0.3199999928474426,6.315434699994512,0,0.0,
1934,2128,advancedPawn crushing endgame long rookEndgame sacrifice,122,14,g8f8,False,0.028256153481099062,3,-0.3509780764579773,d4d5,True,0.7642857432365417,6.245866100070998,0,0.0,
1936,2222,crushing endgame hangingPiece rookEndgame short,80,11,d2e1,False,0.23652424634158764,2,0.0657145082950592,d2e1,False,0.2542857229709625,5.768440799904056,0,0.0,
1938,2187,attraction fork long mate mateIn3 middlegame sacrifice,55,44,g8f8,False,0.0004921907380930644,16,-0.2220211923122406,g8f8,False,0.0,7.376212600036524,0,0.0,
1940,2011,attraction crushing endgame long sacrifice skewer,74,29,e2d2,False,0.00013906565885630053,28,-0.13693860173225403,h4h5,False,0.0,4.420921600074507,0,0.0,
1942,2131,crushing fork middlegame short,47,36,c5f2,True,0.35173494410444645,1,-0.7876020669937134,c5f2,True,0.9785714149475098,3.3570774999679998,0,0.0,
1944,2297,crushing fork middlegame short,56,38,f5b5,False,0.022534729061930686,8,0.2098924219608307,f5b5,False,0.03142857179045677,5.317399800056592,0,0.0,
1946,2089,advantage long middlegame pin,36,38,e1d1,False,0.06630383032443624,3,-0.892499566078186,e1d1,False,0.33000001311302185,4.997726400033571,0,0.0,
1948,2334,advantage exposedKing fork long middlegame pin,61,35,d5d4,False,0.14266571545636877,2,-0.45708391070365906,c5c2,True,0.9657142758369446,4.895801300066523,0,0.0,
1950,2239,advantage endgame master rookEndgame trappedPiece veryLong,74,19,e3e4,True,0.34035056611018205,1,-0.5134772658348083,d3e2,False,0.31285715103149414,4.2879987000487745,0,0.0,
1952,2104,advantage defensiveMove fork long middlegame,23,45,b2b4,True,0.5634178387735039,1,-0.1621256172657013,b2b4,True,0.9671428799629211,7.815781900077127,0,0.0,
1954,2113,crushing exposedKing fork long middlegame sacrifice,44,2,g1h2,True,0.6521535873535348,1,-0.037517160177230835,g1h2,True,0.9871428608894348,3.694645999930799,0,0.0,
1956,2297,crushing defensiveMove deflection endgame veryLong,90,14,f5e4,False,0.1782224263977859,3,-0.0328657291829586,h5h6,True,0.8700000047683716,5.329143699957058,0,0.0,
1958,2339,endgame long mate mateIn3,75,32,f6h7,False,0.11586299821964477,3,-0.3711879849433899,f6e4,True,0.9214285612106323,1.312877400079742,0,0.0,
1960,1922,crushing discoveredAttack master middlegame short,62,42,e3f4,True,0.8363983771256879,1,-0.08161764591932297,e3f4,True,0.9928571581840515,5.415169500047341,0,0.0,
1962,2195,crushing fork long middlegame,55,35,e7g5,False,0.05963667446431422,3,-0.930662989616394,e7g5,False,0.0057142856530845165,7.246372199966572,0,0.0,
1964,2024,advantage fork long middlegame,60,34,b7a7,False,0.035869198856123184,3,-0.8680331707000732,f1f5,True,0.8842856884002686,1.6329232000280172,0,0.0,
1966,1943,advantage attraction kingsideAttack long middlegame,42,37,e1e8,True,0.8807685865589164,1,0.09364476799964905,e1e8,True,0.9942857027053833,5.094312599976547,0,0.0,
1968,2195,crushing defensiveMove endgame master pin queenEndgame short,78,23,g4g5,False,0.20908115395839033,2,0.2979932427406311,f4c7,True,0.8514285683631897,5.041991599951871,0,0.0,
1970,2036,advantage endgame long trappedPiece,87,29,e8e3,True,0.6592743334942136,1,0.311020165681839,e8e3,True,0.9557142853736877,4.946589199942537,0,0.0,
1972,2001,advantage hangingPiece middlegame short,19,41,f6d5,True,0.5713415653274874,1,-0.12428689748048782,f6d5,True,0.9842857122421265,4.632734899991192,0,0.0,
1974,1914,advancedPawn advantage attraction middlegame queensideAttack veryLong,52,43,e5e6,False,0.3868939103481067,2,-0.5466409921646118,c6b7,True,0.977142870426178,4.055426600039937,0,0.0,
1976,2268,advantage endgame fork long,41,33,b8b1,False,0.40742826945858146,2,-0.3278079926967621,d5c3,True,0.949999988079071,5.62216939998325,0,0.0,
1978,2025,advantage discoveredAttack middlegame short,39,42,a8e8,False,0.29221671899401613,2,-0.5688530802726746,f4h3,True,0.8985714316368103,5.749403800000437,0,0.0,
1980,2262,advantage castling discoveredAttack discoveredCheck master middlegame short,30,32,e1c1,True,0.8901405245537398,1,-0.17612841725349426,e1c1,True,0.9942857027053833,4.906548599945381,0,0.0,
1982,2172,advantage deflection fork master middlegame short,59,43,f8f1,False,0.22355026738625894,2,-0.4114210307598114,g4f2,True,0.45428571105003357,5.4234376000240445,0,0.0,
1984,1967,crushing discoveredAttack kingsideAttack long middlegame pin,40,50,h6h4,False,0.1608331741096303,3,0.15682357549667358,h6h4,False,0.037142857909202576,4.617229699972086,0,0.0,
1986,2075,backRankMate deflection mate mateIn5 middlegame sacrifice veryLong xRayAttack,52,45,d5e7,False,0.00023720557960387427,30,-0.8396881818771362,e1d1,False,0.0,4.5362130999565125,0,0.0,
1988,2073,advancedPawn crushing defensiveMove endgame long sacrifice,52,25,e1e4,False,0.20199819881660977,2,0.020682739093899727,e1e4,False,0.02142857201397419,5.7235008999705315,0,0.0,
1990,2151,advantage endgame long pin quietMove,57,37,e4d2,True,0.3905119301693281,1,0.2960287630558014,e4d2,True,0.9057142734527588,7.060703000053763,0,0.0,
1992,2058,advantage defensiveMove hangingPiece middlegame short,49,33,d7f8,False,0.07886724363255926,2,-0.5519616603851318,d4a1,True,0.954285740852356,4.556450399919413,0,0.0,
1994,2081,endgame mate mateIn2 short,62,42,b3g3,True,0.7379967233138434,1,0.4269527494907379,b3g3,True,0.9857142567634583,0.3460809999378398,0,0.0,
1996,1911,deflection kingsideAttack long mate mateIn3 middlegame pillsburysMate,34,54,h5f7,True,0.8046570130928217,1,0.040710221976041794,h5f7,True,0.9885714054107666,2.4415816999971867,0,0.0,
1998,2197,advantage fork long middlegame,64,36,f1f4,True,0.688744913555042,1,0.522689938545227,f1f4,True,0.9814285635948181,5.988140899920836,0,0.0,
2000,2091,crushing endgame master masterVsMaster short trappedPiece,98,20,d7e5,False,0.020357391532399828,8,-0.03726811334490776,d7b6,True,0.4814285635948181,5.393449999974109,0,0.0,
2002,2162,crushing endgame pin veryLong,70,31,e6e7,False,0.46168036574520005,2,0.28030508756637573,e6c6,True,0.9357143044471741,5.659154299995862,0,0.0,
2004,2040,crushing discoveredAttack long middlegame,37,36,c6e5,False,0.0041453569795986646,5,-0.05221524462103844,c6e5,False,0.0,6.780578100006096,0,0.0,
2006,1979,attraction crushing exposedKing fork long middlegame,79,30,g3g1,True,0.46194151349933577,1,-0.6067648530006409,g3g1,True,0.9785714149475098,5.282439700094983,0,0.0,
2008,2172,advantage discoveredAttack discoveredCheck endgame quietMove veryLong,55,25,g7g2,True,0.480522481649049,1,-0.9827877879142761,g7g2,True,0.9785714149475098,0.9133671999443322,0,0.0,
2010,2307,crushing endgame interference sacrifice veryLong,65,41,c3a1,False,0.006887313888105894,13,-0.642381489276886,c3c1,False,0.0,4.73073009995278,0,0.0,
2012,2178,crushing endgame fork long,90,20,d7f7,False,0.10572039815468334,3,-0.16779060661792755,a5a6,True,0.954285740852356,6.894546699943021,0,0.0,
2014,2283,crushing middlegame sacrifice veryLong,31,37,d4e6,False,0.30179612086243324,2,-0.5122936964035034,g6f4,True,0.9642857313156128,5.5312773999758065,0,0.0,
2016,2272,advantage deflection endgame master short,83,20,h3h6,False,0.20881900251020116,2,-0.12098102271556854,h3f3,True,0.895714282989502,5.802794800023548,0,0.0,
2018,2217,advancedPawn advantage endgame fork veryLong,65,20,c2c1,True,0.2241029435953484,1,-0.9759232401847839,c2c1,True,0.9685714244842529,5.358571999939159,0,0.0,
2020,2048,crushing endgame long sacrifice,54,35,f4b4,True,0.31154292971867414,1,-0.17850863933563232,f4b4,True,0.8157142996788025,6.762913699960336,0,0.0,
2022,2079,crushing defensiveMove hangingPiece middlegame short,48,43,c6a8,True,0.7012332755785637,1,-0.3494653105735779,c6a8,True,0.9714285731315613,4.343361099949107,0,0.0,
2024,2332,advantage discoveredAttack long middlegame,28,36,c3e4,False,0.15630194920419385,2,-0.07812052965164185,c3b5,True,0.6657142639160156,6.061142500024289,0,0.0,
2026,1906,crushing fork long middlegame,34,38,e3d3,False,0.07906773112619479,3,-0.3862517476081848,d4f5,True,0.9114285707473755,5.16268259997014,0,0.0,
2028,2174,crushing middlegame pin queensideAttack veryLong,28,41,d4a7,True,0.6130625286898927,1,-0.47783362865448,d4a7,True,0.8442857265472412,7.175933000049554,0,0.0,
2030,2083,crushing discoveredAttack discoveredCheck middlegame sacrifice veryLong,44,32,f4f5,True,0.7489792491708088,1,-0.5806947350502014,g3c3,False,0.24285714328289032,7.014648300013505,0,0.0,
2032,2183,crushing fork master middlegame short,35,36,f4f3,False,0.19160748487596557,2,-0.5110772848129272,f4e4,True,0.9585714340209961,6.073193000047468,0,0.0,
2034,2345,advantage fork master middlegame veryLong,69,38,e5e4,True,0.8265718097378213,1,0.008748154155910015,e5e4,True,0.9900000095367432,6.276106400066055,0,0.0,
2036,2078,deflection long mate mateIn3 middlegame,46,39,d5f5,True,0.5079516093211804,1,0.11208995431661606,d3f5,False,0.12428571283817291,7.334961200016551,0,0.0,
2038,2083,crushing endgame long master pin,84,28,h1g1,True,0.7081031564427879,1,-0.09874515980482101,h1g1,True,0.9557142853736877,5.939141200040467,0,0.0,
2040,1917,advantage deflection middlegame short,49,36,g7f7,True,0.3524684095040478,1,-0.5991258025169373,g7f7,True,0.9785714149475098,5.751161399995908,0,0.0,
2042,1959,advantage deflection long middlegame,64,44,d6g6,True,0.7343120883091555,1,-0.23209702968597412,d6g6,True,0.9928571581840515,4.466501499991864,0,0.0,
2044,2030,crushing endgame hangingPiece long,56,36,e1e7,False,0.03745259998563076,2,0.5616591572761536,f3a8,True,0.6928571462631226,3.617690300103277,0,0.0,
2046,2221,advantage long middlegame pin,69,30,g5h5,False,0.0065985269556921135,6,-0.2770736515522003,g5h5,False,0.0,5.186160599929281,0,0.0,
2048,2037,endgame mate mateIn2 rookEndgame short,73,27,a3a4,False,0.49316914791036714,2,0.33316344022750854,d4a4,True,0.9842857122421265,0.48598629992920905,0,0.0,
2050,2193,crushing kingsideAttack master middlegame pin sacrifice veryLong,48,34,b2b3,False,0.0008194298453311627,6,0.3515443801879883,b2b3,False,0.0,6.041071100044064,0,0.0,
2052,2107,advantage fork hangingPiece long middlegame,46,41,b3e6,True,0.9533651823342844,1,-0.19672268629074097,b3e6,True,0.9957143068313599,6.281694600009359,0,0.0,
2054,2018,advancedPawn crushing endgame pin short,62,38,b4f8,False,0.1980374707690502,2,0.3945176899433136,e6e7,True,0.9571428298950195,1.14518059999682,0,0.0,
2056,2281,advantage defensiveMove discoveredAttack middlegame veryLong,38,5,d2e2,True,0.5788192136410968,1,-0.7765933871269226,d2e1,False,0.20000000298023224,6.901169899967499,0,0.0,
2058,2104,advantage middlegame pin short,54,38,e5b5,False,0.006421386633666573,5,-0.3891545236110687,e5b5,False,0.0,5.657417400041595,0,0.0,
2060,1935,crushing kingsideAttack middlegame pin short,42,41,h6g6,True,0.670667683301236,1,-0.1481899917125702,h6g6,True,0.9885714054107666,3.2702607999090105,0,0.0,
2062,1992,crushing endgame pin veryLong,67,34,g4g3,False,0.18204755452783403,2,-0.08509217202663422,h2h1,True,0.8700000047683716,5.1868210000684485,0,0.0,
2064,1975,advantage hangingPiece long middlegame pin,70,39,e6g7,True,0.9041847502152901,1,0.33280444145202637,e6g7,True,0.9857142567634583,8.186746500083245,0,0.0,
2066,1998,crushing deflection endgame rookEndgame veryLong,74,16,c3c7,True,0.9142498352235228,1,0.002697383053600788,c3c7,True,0.9942857027053833,6.355644800001755,0,0.0,
2068,1952,crushing endgame long pin,75,33,g2g8,False,0.18986127880381715,2,-0.6217944622039795,g2g4,True,0.977142870426178,1.9831243000226095,0,0.0,
2070,2062,advantage defensiveMove long opening sacrifice,27,3,e8f7,True,0.8219375639525217,1,-0.9252873063087463,e8f7,True,0.9942857027053833,4.0449092000490054,0,0.0,
2072,1908,exposedKing long mate mateIn3 middlegame,40,45,c4f7,False,0.04147986263109691,5,0.30364471673965454,g7g8,True,0.9128571152687073,1.2520965000148863,0,0.0,
2074,2180,attraction crushing middlegame sacrifice veryLong,39,35,a5a4,False,0.011952804208450107,12,-0.600521445274353,b8d8,False,0.011428571306169033,5.759697600034997,0,0.0,
2076,2233,crushing long middlegame xRayAttack,43,39,e7d5,False,0.10807388553684058,4,0.030178440734744072,f8c8,True,0.9300000071525574,5.259118500049226,0,0.0,
2078,2309,advantage long middlegame sacrifice trappedPiece,29,26,d8d7,False,0.019926451401349903,6,-0.36487528681755066,e6c7,False,0.0057142856530845165,4.730303999967873,0,0.0,
2080,2177,advantage defensiveMove exposedKing long middlegame pin,83,3,g7h7,False,0.24940172896021184,2,-0.5602399110794067,g7f8,True,0.9785714149475098,3.3285531000001356,0,0.0,
2082,2173,capturingDefender crushing middlegame short,49,54,g7d4,False,0.0005797813378393131,29,-0.12566502392292023,g7d4,False,0.0,7.122585800010711,0,0.0,
2084,2193,crushing discoveredCheck doubleCheck middlegame veryLong,43,35,e5g4,False,0.001716943668456651,11,-0.44019803404808044,e5g4,False,0.0,5.042365200002678,0,0.0,
2086,2182,crushing discoveredAttack endgame long,75,26,f4g3,False,0.13810242768151915,3,-0.4998742938041687,f2g3,True,0.9371428489685059,4.02194500004407,0,0.0,
2088,2238,advantage long middlegame sacrifice,68,39,f3f8,True,0.5715093034086534,1,-0.976855993270874,f3f8,True,0.9871428608894348,4.5254468999337405,0,0.0,
2090,2220,attraction discoveredCheck doubleCheck mate mateIn4 middlegame sacrifice veryLong,46,32,g1g7,True,0.8196992915464302,1,-0.9121037125587463,g1g7,True,0.991428554058075,1.1296897999709472,0,0.0,
2092,2144,advancedPawn crushing endgame master promotion skewer veryLong,98,21,h2h1,False,0.010325907846193626,3,-0.19235394895076752,h2h1,False,0.1428571492433548,7.106075200019404,0,0.0,
2094,1946,advantage master middlegame pin short,33,41,b4c3,False,0.000373840934023008,30,-0.5741091370582581,b4c3,False,0.0,4.245310200029053,0,0.0,
2096,2307,advantage fork long middlegame,33,49,e3d4,False,0.03063045684431187,3,-0.9883636832237244,g4f3,True,0.8500000238418579,5.843005600036122,0,0.0,
2098,2009,advantage attraction deflection fork long opening sacrifice,18,39,g5f3,False,7.237356431133833e-05,30,-0.4482845366001129,g5f3,False,0.0,5.903321099933237,0,0.0,
2100,2220,crushing deflection discoveredAttack kingsideAttack middlegame veryLong,24,51,d3h7,True,0.4990186515880837,1,0.5053291320800781,d2c4,False,0.051428571343421936,6.802483799983747,0,0.0,
2102,2206,crushing discoveredAttack endgame long pin,76,34,b2b3,False,0.03425003212930969,7,-0.4003170132637024,b4b7,True,0.5671428442001343,6.69630509999115,0,0.0,
2104,1961,crushing fork middlegame sacrifice veryLong,45,37,f6g7,False,0.012175159068876059,5,-0.9624773263931274,f6g7,False,0.0028571428265422583,4.878639300004579,0,0.0,
2106,1965,advantage discoveredAttack endgame veryLong,81,5,f6e7,False,0.0009693356577572541,4,-0.7708820104598999,f8g8,False,0.0,3.2224888999480754,0,0.0,
2108,2228,crushing endgame fork long,108,21,e7g8,True,0.2779261109413948,1,-0.5050182342529297,e7g8,True,0.9471428394317627,5.26752310001757,0,0.0,
2110,1909,mate mateIn2 middlegame queensideAttack sacrifice short,39,47,e5f6,False,0.04591822784309944,5,0.5125651955604553,b4a2,True,0.8771428465843201,1.312661400064826,0,0.0,
2112,2340,advantage deflection discoveredCheck doubleCheck middlegame short,64,47,e4f6,True,0.8181804087114514,1,-0.7707033753395081,e4f6,True,0.991428554058075,7.41363409999758,0,0.0,
2114,1989,advantage defensiveMove middlegame pin short,48,3,g1h1,True,0.8994841690091357,1,-0.0861525908112526,g1h1,True,0.9957143068313599,5.2412831000983715,0,0.0,
2116,2132,attraction clearance crushing defensiveMove long middlegame sacrifice,43,38,g7f6,False,0.0010748181305910219,6,-0.2557218670845032,g7f6,False,0.0,6.528947299928404,0,0.0,
2118,2144,deflection endgame long mate mateIn3 morphysMate sacrifice,69,38,c6a4,False,0.0011626121486098713,16,0.05176305025815964,c6a4,False,0.0,4.939172100042924,0,0.0,
2120,2108,advantage endgame fork veryLong,64,27,h5h4,False,0.030682469098387104,3,-0.8367574214935303,h6f7,False,0.011428571306169033,5.883525999961421,0,0.0,
2122,2033,bishopEndgame crushing endgame long skewer,111,12,g5h6,False,0.12415330289173594,2,-0.01903499662876129,g5h6,False,0.09571428596973419,6.511319000041112,0,0.0,
2124,2088,advantage collinearMove discoveredAttack discoveredCheck middlegame veryLong,56,47,e2c4,False,0.10514823587707245,3,-0.2676936984062195,e2c4,False,0.04285714402794838,7.441898600081913,0,0.0,
2126,1919,crushing endgame long queenEndgame skewer,118,28,b5e5,True,0.7095833109071085,1,-0.348417192697525,b5e5,True,0.9842857122421265,5.289446600014344,0,0.0,
2128,2004,crushing exposedKing kingsideAttack long middlegame pin,58,43,c8f8,False,0.25664005373447496,2,0.13309653103351593,d2g5,True,0.9599999785423279,3.9833630999783054,0,0.0,
2130,1994,crushing endgame fork long,78,29,e5f7,False,0.20397514039548623,2,-0.39725199341773987,f4g5,True,0.9571428298950195,4.121185700059868,0,0.0,
2132,1969,crushing long middlegame pin,56,54,c5g5,True,0.5863683292045496,1,-0.648177981376648,c5g5,True,0.9685714244842529,2.7851909999735653,0,0.0,
2134,1990,advantage discoveredAttack discoveredCheck endgame long sacrifice skewer,94,22,h6g5,False,0.10380121781918171,3,-0.36822614073753357,f4f5,True,0.3028571307659149,5.047332699992694,0,0.0,
2136,1923,advantage hangingPiece master middlegame short,47,40,b5c4,False,0.056534903359597696,5,-0.6148852109909058,h7e4,True,0.9457142949104309,6.505525299930014,0,0.0,
2138,2328,attraction crushing defensiveMove endgame veryLong,58,33,h3h4,False,0.051509846716493196,6,0.6153594255447388,c3d4,False,0.022857142612338066,5.0827292000176385,0,0.0,
2140,1939,crushing fork long middlegame,39,44,g7g6,False,0.12677856432961296,4,0.39457443356513977,e7d7,True,0.9442856907844543,4.675032000057399,0,0.0,
2142,1916,endgame mate mateIn2 short vukovicMate,84,17,d7f6,True,0.8825234543548808,1,0.48940354585647583,d7f6,True,0.991428554058075,0.41120370000135154,0,0.0,
2144,1932,mate mateIn2 middlegame pillsburysMate short,57,34,e8e5,False,0.06265961040877377,2,0.576738715171814,b7f3,True,0.9442856907844543,0.6321956999599934,0,0.0,
2146,2092,advantage fork long master middlegame,31,42,g7b2,False,0.46858880192376373,2,-0.38223329186439514,e4c3,True,0.9814285635948181,0.7069268999621272,0,0.0,
2148,2134,advantage fork middlegame pin veryLong,34,36,e2b5,True,0.7839589528158971,1,-0.6427356004714966,e2b5,True,0.704285740852356,5.464470200007781,0,0.0,
2150,2046,crushing endgame skewer veryLong,67,25,h3f5,False,0.29056033873032183,2,-0.9493821263313293,h3f1,True,0.9642857313156128,5.611136199906468,0,0.0,
2152,1951,advantage attraction master middlegame veryLong,31,42,f7f6,False,0.09551674947239422,4,-0.97748202085495,a3e3,True,0.8914285898208618,5.347216800088063,0,0.0,
2154,2091,crushing discoveredAttack exposedKing kingsideAttack long middlegame,44,41,h6g7,True,0.8189978575236987,1,0.1812775880098343,h6g7,True,0.9828571677207947,6.588213299983181,0,0.0,
2156,2253,advantage discoveredAttack endgame long master,58,32,f3f4,False,0.01556284081813797,7,-0.24362421035766602,f3h3,True,0.5028571486473083,7.27410429995507,0,0.0,
2158,2121,advantage attraction long master middlegame,47,34,f4e3,False,0.09793401197043378,4,0.6798316240310669,d8d1,True,0.9314285516738892,5.315972699900158,0,0.0,
2160,2083,attraction crushing long middlegame,52,34,h7f5,True,0.9965381462397976,1,0.40336140990257263,h7f5,True,0.9985714554786682,5.428443100070581,0,0.0,
2162,2056,crushing defensiveMove deflection endgame rookEndgame veryLong,111,17,e5e2,True,0.8006855428749933,1,0.06553204357624054,e5e2,True,0.9885714054107666,4.493424299987964,0,0.0,
2164,2044,crushing endgame pin short,93,25,a5a4,False,0.23239337451557301,2,-0.18002691864967346,h3e6,True,0.9285714030265808,4.740197199978866,0,0.0,
2166,2134,fork long mate mateIn3 middlegame,53,35,g7g6,False,0.4002738267269083,2,-0.26273101568222046,g4h6,True,0.9814285635948181,0.4552561000455171,0,0.0,
2168,2015,advantage fork long middlegame,29,39,e4d2,True,0.45339855907401766,1,0.618867814540863,e4d2,True,0.9685714244842529,4.638123799930327,0,0.0,
2170,2197,advancedPawn advantage kingsideAttack middlegame sacrifice short,45,51,a8a5,False,0.2463601244274883,2,0.381135493516922,a8a5,False,0.015714285895228386,5.572645100066438,0,0.0,
2172,2322,advantage long middlegame pin sacrifice,59,40,b4c6,False,0.0233430478750684,7,-0.3806729316711426,e7c5,False,0.0014285714132711291,6.847511900006793,0,0.0,
2174,1900,advantage fork middlegame short,53,36,h5g6,True,0.40764605176596413,1,-0.6681327223777771,h5g6,True,0.9785714149475098,4.798134499927983,0,0.0,
2176,2182,crushing discoveredAttack discoveredCheck endgame long,55,30,b4c5,True,0.6183551615713836,1,0.08871018886566162,b4c5,True,0.9242857098579407,4.955560700036585,0,0.0,
2178,1908,kingsideAttack mate mateIn2 middlegame short,45,42,g4h3,True,0.8562526115221581,1,-0.2832827866077423,g4h3,True,0.9957143068313599,0.3309978999895975,0,0.0,
2180,2050,advantage defensiveMove endgame fork long,71,35,c3g3,True,0.761670644297879,1,-0.22896572947502136,c3g3,True,0.9928571581840515,0.5197301999432966,0,0.0,
2182,1965,advantage interference middlegame short,47,41,g5g2,True,0.7092395033721489,1,-0.8143805265426636,g5g2,True,0.9800000190734863,5.424114199937321,0,0.0,
2184,2123,advantage intermezzo long middlegame sacrifice,59,28,c7d7,False,0.16315939646441127,2,-0.6999666690826416,b7c6,True,0.9728571176528931,4.701292100013234,0,0.0,
2186,2037,mate mateIn2 middlegame queensideAttack sacrifice short,71,45,c3b3,True,0.5309459289908901,1,0.8762397170066833,c3b3,True,0.9257143139839172,0.7834388000192121,0,0.0,
2188,2243,attraction crushing endgame quietMove sacrifice veryLong,54,41,f4g4,False,0.015493533052451621,5,0.19873329997062683,f4g4,False,0.0071428571827709675,5.037735700025223,0,0.0,
2190,2025,crushing deflection endgame master rookEndgame short,96,16,h2h6,False,0.03719845432474829,3,-0.06260188668966293,a2a3,True,0.8999999761581421,4.2273179000476375,0,0.0,
2192,2005,advantage master middlegame short trappedPiece,43,41,h5d1,False,0.08995658657506297,3,-0.8688461184501648,g7g5,True,0.7685714364051819,6.788596000056714,0,0.0,
2194,2209,crushing fork middlegame sacrifice veryLong,46,45,e7c6,False,0.11589462731855446,4,-0.1264980137348175,d7b7,False,0.02142857201397419,5.328065000008792,0,0.0,
2196,2086,advantage discoveredAttack discoveredCheck exposedKing middlegame veryLong,49,44,c7f4,True,0.4850467596389161,1,-0.04570474475622177,c7f4,True,0.9757142663002014,4.1116862000199035,0,0.0,
2198,2147,advantage fork interference intermezzo long middlegame,51,43,a8d8,False,0.058181832985500795,4,-0.13070033490657806,c5d3,True,0.8642857074737549,4.93516140000429,0,0.0,
2200,2220,advantage attraction discoveredAttack middlegame pin veryLong,36,45,h6g7,True,0.8162154289165533,1,0.026042887941002846,h6g7,True,0.9657142758369446,7.116954300086945,0,0.0,
2202,2139,blindSwineMate clearance endgame mate mateIn2 quietMove short,55,22,a4a3,False,0.005531899301907046,5,0.1349310725927353,a4a3,False,0.0,4.821088400087319,0,0.0,
2204,2060,advancedPawn bishopEndgame crushing endgame hangingPiece long promotion,100,18,e4b7,True,0.6230551036022184,1,-0.06528851389884949,e4b7,True,0.9642857313156128,4.168267900007777,0,0.0,
2206,2256,advantage clearance long middlegame sacrifice,28,49,a1d1,False,0.0004284869628615182,21,-0.0367269404232502,c2a4,False,0.0,5.74678559997119,0,0.0,
2208,1927,advantage fork opening short,25,30,f8e7,False,0.03418337067470178,4,-0.03550717607140541,d8d5,True,0.8514285683631897,5.62660479999613,0,0.0,
2210,2098,crushing middlegame pin short,50,43,e1e6,False,0.23448707994650736,2,-0.7971109747886658,h6g5,True,0.8157142996788025,6.546923600020818,0,0.0,
2212,1926,advantage defensiveMove middlegame pin veryLong,57,4,g8f7,False,0.3215269054053679,2,-0.22030697762966156,g8h7,True,0.7671428322792053,6.614488099934533,0,0.0,
2214,2266,crushing discoveredAttack long middlegame,47,35,f2e2,False,0.29188395065706635,2,-0.9026569724082947,c8b7,True,0.9742857217788696,4.810506899957545,0,0.0,
2216,2083,advancedPawn advantage discoveredAttack endgame fork long master,66,38,b1f1,False,0.036785103824424265,8,-0.5460675358772278,f6f7,True,0.8728571534156799,4.904297900036909,0,0.0,
2218,2010,advantage attraction endgame fork sacrifice veryLong,65,34,c2e3,True,0.295940591018296,1,-0.6055317521095276,e5a5,False,0.03999999910593033,7.232071100035682,0,0.0,
2220,2226,crushing deflection endgame fork long,42,45,e5d6,False,0.006886968703827509,10,0.8243861198425293,e5d6,False,0.0,6.144801599904895,0,0.0,
2222,2089,endgame long mate mateIn3 queenEndgame,111,28,f5d3,False,0.07711624250295188,2,-0.04885268583893776,f5f1,True,0.8142856955528259,1.4899050999665633,0,0.0,
2224,2025,advancedPawn advantage attraction deflection master middlegame queensideAttack short,53,33,b6e3,False,0.01578752635619423,6,0.5402014255523682,c3c2,True,0.5742856860160828,6.739990400034003,0,0.0,
2226,2068,advantage middlegame pin sacrifice short,51,46,g6f5,False,0.03730614258936832,6,0.28853827714920044,g6f5,False,0.10571428388357162,6.36366040003486,0,0.0,
2228,2061,endgame exposedKing long mate mateIn3,107,27,d4f3,True,0.39366103799306906,1,-0.9379768967628479,d4f3,True,0.977142870426178,0.43908340006601065,0,0.0,
2230,1967,advantage capturingDefender deflection endgame intermezzo long sacrifice,57,35,d2c2,False,0.22843039044980196,2,0.02083744667470455,a4c2,True,0.9700000286102295,4.956916900002398,0,0.0,
2232,2126,crushing deflection long middlegame pin,51,37,f8f3,False,0.2978811088509428,2,0.1432715356349945,h4h2,True,0.9714285731315613,4.9902886999771,0,0.0,
2234,2215,advantage defensiveMove endgame hangingPiece quietMove veryLong,80,36,a6c8,True,0.6234437735749628,1,-0.6523715257644653,a6c8,True,0.9857142567634583,6.538177700014785,0,0.0,
2236,2038,advancedPawn crushing endgame long promotion sacrifice,64,22,c2c3,False,0.07880451696095407,5,0.16157923638820648,c2c3,False,0.004285714123398066,4.493009100086056,0,0.0,
2238,2317,advantage long middlegame pin quietMove,52,41,e1e3,True,0.7583965205319297,1,-0.5131388902664185,e1e3,True,0.9885714054107666,4.361068999976851,0,0.0,
2240,2250,advantage endgame fork short,118,33,f1f4,False,0.08193342230053272,5,-0.04953942447900772,d5b5,True,0.9371428489685059,6.0598880999023095,0,0.0,
2242,1957,advantage fork long middlegame,27,3,c8e6,True,0.7040575963541771,1,-0.20709727704524994,c8e6,True,0.991428554058075,4.5560370000312105,0,0.0,
2244,2179,advantage defensiveMove fork long opening,17,29,f5g6,False,0.3486944037452655,2,0.05439652502536774,a8c8,True,0.9657142758369446,4.191429500002414,0,0.0,
2246,1972,crushing discoveredAttack long middlegame,54,28,b5c6,True,0.9742566323395968,1,-0.9773226976394653,b5c6,True,0.9985714554786682,4.5752662000013515,0,0.0,
2248,2041,advantage intermezzo master opening pin veryLong,20,37,f4g4,False,0.2662323150196266,2,-0.4761858284473419,f4e5,False,0.10000000149011612,5.39883479999844,0,0.0,
2250,2273,advantage fork middlegame veryLong,39,38,a8d8,False,0.23785721686614006,2,0.3319956362247467,f5h4,True,0.9585714340209961,5.329097900073975,0,0.0,
2252,1959,advantage clearance middlegame pin veryLong,69,32,e3h3,True,0.9121892912498915,1,-0.8476493954658508,e3h3,True,0.9957143068313599,6.999525699997321,0,0.0,
2254,1940,advantage middlegame pin short,61,39,e7d6,True,0.42864498636192355,1,-0.49232932925224304,e7d6,True,0.9714285731315613,5.655294300056994,0,0.0,
2256,1975,advantage deflection endgame master short,78,37,c1h6,False,0.010813245488277716,10,-0.5581963062286377,c1e3,False,0.2199999988079071,6.028872899943963,0,0.0,
2258,2177,advantage deflection endgame short,91,38,g4g1,False,0.005174020737636416,9,-0.09475640952587128,g4g1,False,0.0,6.652364799985662,0,0.0,
2260,1922,collinearMove crushing discoveredAttack discoveredCheck kingsideAttack middlegame short,49,33,g2g4,True,0.14790384513338767,1,0.49290773272514343,a8g8,False,0.058571428060531616,8.396573000005446,0,0.0,
2262,1901,advantage endgame fork master short,65,46,d5c4,False,0.07837133016861586,3,0.3320729434490204,d3e1,True,0.854285717010498,5.8664673999883235,0,0.0,
2264,2075,crushing kingsideAttack middlegame pin sacrifice short,42,60,e1e8,False,0.0024520353902206266,5,0.5689699053764343,d6c5,False,0.0,5.789505399996415,0,0.0,
2266,1947,advantage discoveredCheck doubleCheck kingsideAttack long opening,24,44,e2c4,True,0.8960895168852956,1,-0.5068640112876892,e2c4,True,0.9971428513526917,5.184481400065124,0,0.0,
2268,2018,advantage deflection middlegame short,56,39,e6g5,False,0.04533904486777367,4,-0.39598697423934937,h2h6,True,0.8171428442001343,5.882098000030965,0,0.0,
2270,2138,advantage fork long middlegame pin,41,33,g7g6,False,0.1964567538034729,2,-0.7883800268173218,a5a3,True,0.9700000286102295,5.209852700005285,0,0.0,
2272,2317,mate mateIn2 middlegame short,34,48,h4g4,True,0.45123393812883467,1,0.26320284605026245,h4g4,True,0.9728571176528931,0.7079731998965144,0,0.0,
2274,2331,advantage collinearMove deflection discoveredAttack discoveredCheck fork middlegame sacrifice veryLong,56,35,h6f5,False,0.30137496848593387,2,-0.3100111782550812,f2f7,True,0.977142870426178,6.124383999966085,0,0.0,
2276,2291,advantage endgame long pin,69,30,c3c1,False,0.0008483861667577796,22,-0.7420132756233215,c3c1,False,0.0,6.18988660001196,0,0.0,
2278,2232,crushing exposedKing fork long master middlegame,46,50,e5f7,False,0.20852595138594548,2,-0.8046695590019226,e5g6,True,0.8528571724891663,6.582062299945392,0,0.0,
2280,2253,advantage middlegame quietMove sacrifice veryLong,48,42,e4f2,False,0.05908909775666489,4,-0.3408760130405426,e4f6,True,0.9228571653366089,0.9517325001070276,0,0.0,
2282,2055,advantage long middlegame sacrifice,54,40,e2f2,False,0.009001040467141974,15,-0.29685354232788086,e2f2,False,0.0,7.045467599993572,0,0.0,
2284,2257,advantage endgame pin short,72,39,e5d4,False,0.21993395000542282,2,-0.07637829333543777,e5d4,False,0.1014285683631897,4.392990899970755,0,0.0,
2286,2164,crushing discoveredAttack discoveredCheck fork long middlegame sacrifice,46,44,e2f3,False,0.0011807101103648108,12,-0.4347125291824341,c3c4,False,0.0,5.340783399995416,0,0.0,
2288,2202,advantage capturingDefender master masterVsMaster middlegame short,42,31,e5e1,False,0.0016331160699429143,7,0.09722953289747238,e5e2,False,0.0,4.679519099998288,0,0.0,
2290,2132,crushing middlegame pin quietMove short,53,29,h8e8,False,0.13640430354561658,3,-0.7836085557937622,c7a5,False,0.22714285552501678,5.375261400011368,0,0.0,
2292,1934,advantage discoveredAttack master middlegame short,46,40,g4g5,False,0.0008770888245810083,12,-0.7128368616104126,g4g5,False,0.0,6.954329299973324,0,0.0,
2294,2050,advantage interference middlegame short,45,43,c8a6,True,0.8629048074133965,1,-0.9399577975273132,c8a6,True,0.9928571581840515,7.229946599924006,0,0.0,
2296,2172,advantage endgame long pin,64,39,g2g4,False,0.021368598210952817,10,-0.354021817445755,e3d2,False,0.0071428571827709675,4.694526599952951,0,0.0,
2298,1982,advantage defensiveMove fork long middlegame pin,57,46,e8e3,False,0.2085957934282069,2,-0.5297368168830872,e8e1,True,0.9085714221000671,6.205621300032362,0,0.0,
2300,2333,advancedPawn crushing deflection endgame promotion rookEndgame veryLong,88,22,d6d7,False,0.010900373013191899,4,0.2701385021209717,d6d7,False,0.0028571428265422583,4.273273200029507,0,0.0,
2302,2069,advantage fork middlegame veryLong,49,43,d5g2,True,0.5800596223049371,1,0.07191847264766693,d5g2,True,0.6299999952316284,6.024582899990492,0,0.0,
2304,2307,advantage endgame fork short,66,38,d8d6,True,0.4424890113748267,1,-0.09308862686157227,d8d6,True,0.9057142734527588,5.080154899973422,0,0.0,
2306,2064,advantage endgame long pin quietMove,57,24,b2a2,False,0.2200427426904749,2,-0.8324533700942993,g8c8,True,0.7028571367263794,8.299163899966516,0,0.0,
2308,1917,crushing endgame fork short,85,34,b2c3,False,0.08403242830317725,2,0.5241169333457947,b2a3,True,0.9328571557998657,4.389250900014304,0,0.0,
2310,2099,advantage endgame fork long pin sacrifice,65,28,g6h5,False,0.2692333167894452,2,-0.8099806904792786,d5f3,True,0.9671428799629211,5.577679599984549,0,0.0,
2312,2005,crushing discoveredAttack discoveredCheck exposedKing long middlegame,44,34,g7f6,False,0.0073153138453284335,11,0.10053249448537827,g7f6,False,0.0,4.7620348000200465,0,0.0,
2314,2028,advancedPawn advantage discoveredAttack discoveredCheck long middlegame,74,52,f1f8,False,0.3445241987746302,2,-0.8943857550621033,d5d6,True,0.977142870426178,5.423789900029078,0,0.0,
2316,2260,crushing fork middlegame pin veryLong,18,27,a3c5,False,0.09454576708010955,2,-0.09646864235401154,e2b5,True,0.9528571367263794,5.617923800018616,0,0.0,
2318,1980,crushing hangingPiece master middlegame short,54,2,g1g2,True,0.980027694713484,1,-0.14676116406917572,g1g2,True,0.9985714554786682,4.990580199984834,0,0.0,
2320,2149,advantage attraction endgame sacrifice skewer veryLong,67,30,f7g6,False,0.00017821612025619848,15,0.6858035326004028,f7g6,False,0.0,6.647777899983339,0,0.0,
2322,2256,advantage discoveredAttack long middlegame,48,34,a3b4,True,0.5599375405598184,1,-0.9772141575813293,a3b4,True,0.9742857217788696,5.6168168999720365,0,0.0,
2324,2333,advantage hangingPiece opening short,13,3,e8f7,True,0.9913413178614656,1,0.20786552131175995,e8f7,True,1.0,5.534502399968915,0,0.0,
2326,2087,crushing middlegame pin short,40,44,d5f6,True,0.5352555144255482,1,-0.283107191324234,d5f6,True,0.9614285826683044,5.455430299974978,0,0.0,
2328,2098,attraction exposedKing kingsideAttack long mate mateIn3 middlegame,28,41,h6g7,True,0.5692402496102069,1,-0.20610077679157257,h6g7,True,0.9842857122421265,0.5838372999569401,0,0.0,
2330,2111,crushing deflection endgame short,58,22,h4f5,False,0.3356297128513565,2,0.32501035928726196,h4g6,True,0.904285728931427,6.178012999938801,0,0.0,
2332,2200,crushing deflection endgame exposedKing long,58,41,h2h3,False,0.21174721332533264,2,-0.15728051960468292,c3e5,True,0.9442856907844543,4.775781000033021,0,0.0,
2334,2072,advantage discoveredAttack discoveredCheck endgame short,96,2,h5g5,True,0.8510104182995959,1,0.0666235089302063,h5g5,True,0.9800000190734863,3.9469705999363214,0,0.0,
2336,2012,mate mateIn2 middlegame short,65,26,b6d5,True,0.3306385285336321,1,-0.9514021277427673,b6d5,True,0.9828571677207947,0.3575457000406459,0,0.0,
2338,2075,advantage middlegame pin short,80,37,d3d7,False,0.06595051712218411,7,-0.26642903685569763,h4g6,True,0.8142856955528259,7.035726299975067,0,0.0,
2340,2106,cornerMate mate mateIn2 middlegame short,70,29,d1d8,False,0.06416469353307551,3,-0.7635672092437744,d1d8,False,0.0028571428265422583,4.526565600070171,0,0.0,
2342,2125,advancedPawn advantage deflection endgame long promotion,74,10,c5d4,False,0.16905005401420578,2,-0.0974184200167656,c5d4,False,0.025714285671710968,5.478390900068916,0,0.0,
2344,2173,crushing endgame fork long pin,87,24,c3a5,False,0.02596404933525213,4,-0.6166368722915649,c3d2,False,0.0028571428265422583,6.306735599995591,0,0.0,
2346,2071,bishopEndgame crushing endgame quietMove trappedPiece veryLong,85,10,g7h7,False,0.03276638532875026,2,-0.39962825179100037,a7a5,True,0.8442857265472412,9.098323899903335,0,0.0,
2348,2132,attraction crushing middlegame short,33,41,c6g2,True,0.6856990472266409,1,-0.06384329497814178,c6g2,True,0.9800000190734863,4.8599050000775605,0,0.0,
2350,1995,crushing discoveredAttack fork middlegame veryLong,38,35,f4e5,True,0.9212082117017153,1,0.14768870174884796,f4e5,True,0.9942857027053833,4.742392900050618,0,0.0,
2352,1921,advantage long middlegame pin,33,45,f6e4,True,0.7884379923010902,1,-0.1960110366344452,f6e4,True,0.9900000095367432,4.359549300046638,0,0.0,
2354,2177,advantage discoveredAttack long middlegame,40,35,d1d7,False,0.0074922134651236654,2,-0.06006544083356857,d1d7,False,0.0,5.252490799990483,0,0.0,
2356,2105,crushing endgame hangingPiece master rookEndgame short,85,8,d3e4,True,0.9487245500912198,1,-0.3502756655216217,d3e4,True,0.9957143068313599,4.809571100049652,0,0.0,
2358,2027,crushing endgame long sacrifice skewer,51,32,h6g7,False,0.0002593601874928313,8,-0.45445844531059265,h6g7,False,0.0,5.250241800094955,0,0.0,
2360,2318,kingsideAttack long mate mateIn3 middlegame,36,48,d5e7,False,0.04268627762938535,2,0.06693828850984573,d5e7,False,0.0028571428265422583,6.143989400006831,0,0.0,
2362,1970,crushing endgame fork long,75,31,a3d6,False,0.3400262773011452,2,-0.38781020045280457,f8d6,True,0.7842857241630554,4.4077501000138,0,0.0,
2364,2025,crushing deflection endgame long,65,29,c6f3,False,0.07366622638031436,3,-0.9088011384010315,g7g2,True,0.5299999713897705,5.892447500023991,0,0.0,
2366,1949,kingsideAttack master masterVsMaster mate mateIn2 middlegame pin short,30,40,h6h7,False,0.0182388632730329,3,-0.31591764092445374,h5g6,True,0.6828571557998657,2.318621200043708,0,0.0,
2368,2098,advantage endgame fork short,62,42,d5e5,False,0.18665479524150602,3,-0.8034324645996094,d5b7,True,0.9671428799629211,7.11923830001615,0,0.0,
2370,2097,long mate mateIn3 middlegame operaMate sacrifice,55,27,h5h3,True,0.24541448353333428,1,-0.14465059340000153,h5h3,True,0.977142870426178,0.45544980000704527,0,0.0,
2372,2100,advantage middlegame sacrifice short,27,45,h7h6,False,0.0005553046964515182,21,-0.25694912672042847,h7h6,False,0.0,4.394777200068347,0,0.0,
2374,2013,attraction crushing kingsideAttack middlegame sacrifice short,43,34,d8h4,False,0.021154418652713326,4,-0.6603963971138,d8h4,False,0.0014285714132711291,5.837170499959029,0,0.0,
2376,2292,crushing endgame long skewer,150,25,b6b5,False,0.003879679171419974,15,0.05404768884181976,b6b5,False,0.0,4.417707799933851,0,0.0,
2378,2346,advantage long middlegame trappedPiece,42,41,h1g1,True,0.798239565179934,1,-0.4506811201572418,h1g1,True,0.977142870426178,6.518895599991083,0,0.0,
2380,2126,crushing discoveredAttack kingsideAttack long middlegame,44,47,e6d7,True,0.6328092444483301,1,-0.07539072632789612,e6d7,True,0.9742857217788696,5.476259799906984,0,0.0,
2382,1952,mate mateIn2 middlegame sacrifice short,63,41,b3b2,False,0.177495868009447,2,0.2590741217136383,b3a3,True,0.9728571176528931,0.6217049999395385,0,0.0,
2384,2338,advantage clearance middlegame pin short,29,49,b4b5,True,0.2289093675176748,1,-0.07984934747219086,b4b5,True,0.9585714340209961,6.6700029000639915,0,0.0,
2386,2069,advantage deflection fork long middlegame sacrifice,37,50,e5c5,False,0.19148426574712316,2,-0.3300343155860901,f8f2,True,0.954285740852356,6.6355704999295995,0,0.0,
2388,2018,advantage capturingDefender discoveredAttack middlegame short,30,35,h2h3,False,0.03007892339227877,5,-0.11040761321783066,f3e5,True,0.8514285683631897,5.683754099998623,0,0.0,
2390,2072,crushing hangingPiece master middlegame short superGM,29,36,h8h7,True,0.8749517905394828,1,0.3204222023487091,h8h7,True,0.991428554058075,5.2474119999678805,0,0.0,
2392,2064,advantage discoveredAttack discoveredCheck interference long middlegame,46,44,b3c4,False,0.29669999338711445,2,-0.839971661567688,b3a4,False,0.33000001311302185,4.780677500064485,0,0.0,
2394,2178,advantage attraction fork long middlegame,43,40,h4f6,False,0.002598536320837234,10,-0.6856638193130493,d4f2,False,0.0,6.0086671999888495,0,0.0,
2396,2110,long mate mateIn3 middlegame pillsburysMate sacrifice,55,36,e5d3,False,0.04676651046406764,4,-0.8184541463851929,e5c6,True,0.7914285659790039,1.2751583999488503,0,0.0,
2398,2277,crushing endgame sacrifice short,78,2,g1h2,True,0.7326900927104648,1,0.5127241611480713,g1h2,True,0.9900000095367432,5.508310200064443,0,0.0,
2400,2175,crushing deflection endgame queensideAttack short,60,26,a7a8,True,0.6549047929127446,1,0.3275882303714752,a7a8,True,0.9557142853736877,5.91768559999764,0,0.0,
2402,2169,crushing endgame fork long,60,26,d8e8,False,0.15219154157647574,2,0.37073424458503723,b6c5,True,0.9457142949104309,4.342243000050075,0,0.0,
2404,1965,crushing deflection endgame master short,78,34,d4c4,False,0.000421335232954952,22,0.3817216157913208,d4d2,False,0.0,5.626114399987273,0,0.0,
2406,2308,advantage defensiveMove hangingPiece middlegame short,33,42,e6d5,True,0.45470224385538804,1,-0.1329214870929718,e6d5,True,0.9571428298950195,6.16885200003162,0,0.0,
2408,1916,attraction crushing master middlegame sacrifice short,21,40,g4h6,False,0.0007965678264056523,7,-0.40711867809295654,g4h6,False,0.0,5.317138300044462,0,0.0,
2410,2089,attraction mate mateIn5 middlegame sacrifice veryLong,69,32,b4a5,False,0.022544521606764432,6,-0.9325154423713684,b4a5,False,0.03999999910593033,5.374572000000626,0,0.0,
2412,2016,crushing endgame long skewer,82,23,f6e5,False,0.036080333903720875,7,-0.591314435005188,f6e6,False,0.004285714123398066,4.9315381000051275,0,0.0,
2414,2093,advantage middlegame short trappedPiece,23,41,e8e7,False,0.19551048373930333,3,-0.23087799549102783,c7c6,True,0.9742857217788696,4.448143200017512,0,0.0,
2416,1988,crushing deflection endgame short,83,19,a2a1,True,0.8735621756732639,1,0.6244049668312073,a2a1,True,0.991428554058075,3.573184799985029,0,0.0,
2418,1950,crushing endgame rookEndgame short skewer,71,19,b2b4,True,0.4526629874165104,1,-0.15218250453472137,b2b4,True,0.9571428298950195,6.142586600035429,0,0.0,
2420,2083,crushing middlegame sacrifice short,31,42,e8c8,False,0.0061489865790696685,10,-0.5691722631454468,e8c8,False,0.0,6.952967300079763,0,0.0,
2422,1904,advantage deflection middlegame short,19,46,e6d5,False,0.14313213023244134,3,0.5849522948265076,b6a5,True,0.9528571367263794,5.772845999919809,0,0.0,
2424,2208,crushing fork middlegame short,57,32,f4g4,False,0.19909037140221653,2,0.3067958950996399,f6g4,True,0.9285714030265808,4.858577499981038,0,0.0,
2426,2085,advantage discoveredAttack long middlegame,26,48,e5f6,False,0.015468499004370972,6,-0.24142949283123016,e5f6,False,0.0071428571827709675,6.399643399985507,0,0.0,
2428,2334,advantage hangingPiece middlegame veryLong,42,38,a5e5,True,0.5528109563075514,1,0.2687630355358124,a5e5,True,0.954285740852356,6.982254000031389,0,0.0,
2430,2135,clearance crushing middlegame sacrifice veryLong,54,38,d1d5,True,0.22836234632180785,1,0.11014916747808456,d1d5,True,0.9599999785423279,1.858597100013867,0,0.0,
2432,2013,advantage endgame long pin,61,26,e8e1,True,0.2849274987169128,1,-0.9640039205551147,e8e1,True,0.9757142663002014,1.3579207999864593,0,0.0,
2434,2235,mate mateIn2 middlegame sacrifice short,36,41,e1e5,True,0.23308333462398764,1,0.39774078130722046,e1e5,True,0.9628571271896362,0.3317746000830084,0,0.0,
2436,2121,advantage endgame long pin,51,32,f7f3,True,0.40608120855971686,1,-0.9219124913215637,f7f3,True,0.9828571677207947,3.4412831000518054,0,0.0,
2438,1974,crushing interference long middlegame sacrifice,49,32,d8d4,True,0.5488312528134092,1,-0.8367072343826294,d8d4,True,0.9842857122421265,5.449540600064211,0,0.0,
2440,1921,advantage discoveredAttack middlegame pin short,45,43,f5e4,True,0.24034054142559977,1,-0.033190760761499405,f5e4,True,0.9728571176528931,4.2154346000170335,0,0.0,
2442,2265,crushing discoveredAttack discoveredCheck interference kingsideAttack long middlegame,42,33,f5g6,True,0.3961396984517135,1,-0.6957318782806396,f5g6,True,0.9728571176528931,6.718301500077359,0,0.0,
2444,2052,mate mateIn2 middlegame short,57,28,d8b6,True,0.386360293878188,1,0.2946913540363312,d8b6,True,0.9742857217788696,0.8770858000498265,0,0.0,
2446,2089,advantage defensiveMove kingsideAttack middlegame sacrifice veryLong,46,43,e2g4,False,0.007450927691521217,10,0.11624936014413834,h2h4,False,0.0,6.001377400010824,0,0.0,
2448,1962,advancedPawn crushing deflection endgame exposedKing promotion rookEndgame veryLong,89,13,e4e3,True,0.47383458318067545,1,0.22774071991443634,e4e3,True,0.6385714411735535,4.56884279998485,0,0.0,
2450,2235,advantage capturingDefender intermezzo long opening sacrifice,31,37,g5f4,False,0.001454886549930154,12,-0.5658631324768066,c5c4,False,0.0,5.403421299997717,0,0.0,
2452,2226,crushing deflection middlegame queensideAttack short,38,46,c4a4,False,0.1073394243867698,4,-0.692001461982727,d4a7,True,0.9599999785423279,4.6665101000107825,0,0.0,
2454,2188,crushing endgame fork long master,55,41,f3f4,False,0.083732188411905,3,0.11057594418525696,f3c3,True,0.918571412563324,4.419593600090593,0,0.0,
2456,1986,crushing discoveredAttack discoveredCheck endgame long sacrifice,69,27,c5b4,False,0.001746223536479349,21,0.27992433309555054,c8c7,False,0.0,6.394541800022125,0,0.0,
2458,2134,crushing discoveredAttack middlegame short,35,40,d8h4,False,0.004931221140016319,9,-0.7366634607315063,c8g4,False,0.0,5.620186400017701,0,0.0,
2460,2123,advantage defensiveMove hangingPiece middlegame short,39,27,e3f4,False,0.18357507865442158,2,-0.4916827976703644,e3d2,True,0.7799999713897705,5.86034270003438,0,0.0,
2462,2141,endgame long mate mateIn3 sacrifice,73,33,a4d4,False,0.015158725582084436,4,0.35145723819732666,a4d4,False,0.0057142856530845165,4.946444100001827,0,0.0,
2464,2203,crushing long middlegame pin,42,50,c3d5,True,0.5352989540313244,1,-0.31795892119407654,c3d5,True,0.9828571677207947,4.57151859998703,0,0.0,
2466,1907,attraction mate mateIn2 middlegame pin sacrifice short,50,45,f7c7,False,0.0075721394337700185,5,-0.6191794276237488,d3e5,False,0.0,5.331300799967721,0,0.0,
2468,2210,crushing discoveredAttack discoveredCheck endgame fork long,62,21,c8d7,False,0.011000890662777228,9,-0.10773009061813354,c8a6,False,0.0028571428265422583,4.484812199953012,0,0.0,
2470,1931,kingsideAttack mate mateIn2 middlegame short,43,36,c5f2,True,0.8718771130333824,1,-0.7581990361213684,c5f2,True,0.9942857027053833,0.38932820002082735,0,0.0,
2472,2024,crushing exposedKing fork middlegame sacrifice veryLong,35,39,g4h2,False,0.011959140757281859,5,-0.7325382232666016,h5h4,False,0.004285714123398066,5.836432300042361,0,0.0,
2474,2051,attraction discoveredCheck doubleCheck kingsideAttack long mate mateIn3 middlegame sacrifice,28,47,h6e3,False,0.047135903647412825,5,-0.5611085891723633,h6g7,True,0.904285728931427,1.2957185000414029,0,0.0,
2476,2070,advantage discoveredAttack middlegame veryLong,25,34,a8c8,False,0.34224512324916107,2,-0.8739772439002991,c6a5,True,0.9399999976158142,5.388708399957977,0,0.0,
2478,2148,crushing endgame exposedKing sacrifice veryLong,70,4,e5c5,True,0.7411809266615044,1,-0.46191906929016113,e5c5,True,0.9900000095367432,4.2343666999368,0,0.0,
2480,2055,intermezzo kingsideAttack long mate mateIn3 middlegame sacrifice,37,52,h4g5,False,0.017161322393775137,9,0.0396844781935215,e5f3,True,0.6700000166893005,2.6062416000058874,0,0.0,
2482,2125,advantage hangingPiece middlegame short,37,41,d8d3,True,0.8302936696491269,1,0.7948250770568848,d8d3,True,0.9828571677207947,5.603036000044085,0,0.0,
2484,2136,crushing long middlegame sacrifice,55,41,e6e2,False,0.00019391534619180096,32,0.31940802931785583,e6f5,False,0.0,5.429374799947254,0,0.0,
2486,2176,crushing deflection endgame long rookEndgame,123,19,c3c4,False,0.2333978517534869,2,0.08199469745159149,f7f5,True,0.9399999976158142,5.715060400078073,0,0.0,
2488,2019,attraction crushing fork middlegame veryLong,48,34,a7a8,True,0.3450274594277678,1,-0.35374271869659424,a7a8,True,0.9371428489685059,6.660653900005855,0,0.0,
2490,2060,discoveredAttack mate mateIn5 middlegame pin sacrifice veryLong,50,33,h5g6,False,0.19232832616435924,3,0.3738560974597931,f5h6,True,0.808571457862854,4.855598199996166,0,0.0,
2492,2093,crushing discoveredAttack endgame master veryLong,78,32,e5e8,True,0.4959606646035961,1,0.5360873937606812,e5e8,True,0.9571428298950195,5.129573100013658,0,0.0,
2494,2109,crushing middlegame sacrifice short,66,40,g1h1,False,0.06421874050798129,5,-0.10900482535362244,e4e5,True,0.949999988079071,4.751556999981403,0,0.0,
2496,2291,crushing endgame hangingPiece long,78,15,f4f3,True,0.6106275867736661,1,-0.32299530506134033,f4f3,True,0.9842857122421265,6.243009599973448,0,0.0,
2498,2052,advancedPawn bishopEndgame capturingDefender crushing endgame veryLong,90,6,e4f4,False,0.10227968565543316,3,-0.7977238893508911,g4g5,True,0.9285714030265808,7.1452857999829575,0,0.0,
2500,1163,endgame mate mateIn2 short,61,37,b4b3,True,0.6421569121872546,1,-0.24349844455718994,b4b3,True,0.9900000095367432,0.3245136000914499,0,0.0,
2502,1434,backRankMate master mate mateIn2 middlegame sacrifice short,44,28,d2f4,False,0.14042657732118524,2,-0.9298364520072937,d2d8,True,0.9728571176528931,0.4966877999249846,0,0.0,
2504,1011,kingsideAttack mate mateIn2 middlegame short,59,31,g5f3,True,0.8993341911548787,1,-0.009103730320930481,g5f3,True,0.9957143068313599,0.23793600010685623,0,0.0,
2506,1154,mate mateIn1 middlegame oneMove,40,40,h6g7,True,0.88676600348021,1,0.5950691103935242,h6g7,True,0.991428554058075,0.2759246000787243,0,0.0,
2508,1266,crushing endgame master pin short,69,34,d6e5,False,0.17662220207595816,3,-0.37865057587623596,h5g3,True,0.9642857313156128,3.3619556999765337,0,0.0,
2510,1343,advantage attraction endgame exposedKing fork long,45,37,e8e1,True,0.5460746674519464,1,-0.8425843119621277,e8e1,True,0.977142870426178,5.666806299937889,0,0.0,
2512,1401,endgame mate mateIn2 operaMate short,113,27,c3h3,True,0.8742987962598854,1,-0.2615177035331726,c3h3,True,0.9928571581840515,0.42705459997523576,0,0.0,
2514,1181,crushing discoveredAttack discoveredCheck endgame master short,107,25,e5e4,True,0.35776378642497214,1,-0.33600762486457825,e5e4,True,0.9614285826683044,5.5729378999676555,0,0.0,
2516,1344,kingsideAttack long mate mateIn3 middlegame sacrifice,49,36,h5h2,True,0.7961534282247159,1,-0.9655367732048035,h5h2,True,0.9285714030265808,1.9542708999942988,0,0.0,
2518,1212,mate mateIn1 middlegame oneMove,22,47,e4c5,True,0.3876851396693989,1,0.5283191204071045,e4c5,True,0.9585714340209961,0.5508642999920994,0,0.0,
2520,1025,advantage endgame master short skewer,35,21,a8b8,False,0.17118130176047025,2,-0.5018868446350098,a8a1,True,0.9671428799629211,5.041139699984342,0,0.0,
2522,1158,mate mateIn1 middlegame oneMove,63,46,c1e1,True,0.3624782441595814,1,-0.5319799780845642,c1e1,True,0.977142870426178,0.2437500999076292,0,0.0,
2524,1217,master mate mateIn1 middlegame oneMove,42,39,b7d7,True,0.5518183915454067,1,0.26552993059158325,b7d7,True,0.9857142567634583,0.3381721000187099,0,0.0,
2526,1217,endgame fork mate mateIn2 short,51,24,f6f2,True,0.6924349335016607,1,0.013268021866679192,f6f2,True,0.9928571581840515,1.2657336000120267,0,0.0,
2528,1047,endgame mate mateIn2 short,64,38,g4h5,True,0.3373024262226153,1,-0.4835556149482727,g4h5,True,0.9742857217788696,0.32600150001235306,0,0.0,
2530,1080,advancedPawn advantage deflection endgame pin promotion rookEndgame short,84,15,f1e2,False,0.00956672893329758,13,-0.1758510321378708,a7a8,False,0.0014285714132711291,5.002634800039232,0,0.0,
2532,1225,hangingPiece kingsideAttack master masterVsMaster mate mateIn1 middlegame oneMove,41,55,d3f1,True,0.6562060584500489,1,0.32538843154907227,d3f1,True,0.9785714149475098,0.3123167000012472,0,0.0,
2534,1424,advantage endgame fork long,55,38,e7e2,False,0.23031153841126684,2,-0.7429877519607544,b2b1,True,0.9057142734527588,4.996090499917045,0,0.0,
2536,1378,advantage fork middlegame pin short,32,34,b7d8,False,0.37263237964992346,2,-0.6372165679931641,d1h5,True,0.9814285635948181,4.693603799911216,0,0.0,
2538,1375,advantage master middlegame pin queensideAttack short,53,34,b3a4,False,0.014709169993478446,5,0.019308798015117645,c4a3,True,0.5185714364051819,4.749814299982972,0,0.0,
2540,1315,mate mateIn1 middlegame oneMove,34,52,c2h7,True,0.2779951759118216,1,-0.09885921329259872,c2h7,True,0.9742857217788696,0.2602176000364125,0,0.0,
2542,1013,advantage endgame fork long,85,14,g7g5,False,0.16686938827655767,2,-0.7295156121253967,e5c4,True,0.9657142758369446,7.061878100037575,0,0.0,
2544,1137,deflection kingsideAttack mate mateIn2 middlegame short,23,35,e1f2,True,0.4472750077850677,1,0.3649557828903198,e1f2,True,0.9800000190734863,0.3855440999614075,0,0.0,
2546,1246,kingsideAttack mate mateIn1 middlegame oneMove,19,48,h5f3,False,0.4023068095877735,2,0.7341815233230591,h5h2,True,0.9685714244842529,0.34574789996258914,0,0.0,
2548,1340,crushing fork opening short,18,36,d4e5,True,0.9575457984336181,1,0.319802850484848,d4e5,True,0.9957143068313599,4.505324399913661,0,0.0,
2550,1005,master mate mateIn1 middlegame oneMove pin,36,37,c3c4,False,0.13529198350448154,2,0.05217822641134262,e1e8,True,0.9742857217788696,0.4380559999262914,0,0.0,
2552,1283,advantage fork long middlegame,36,38,d5e7,True,0.4792987649431566,1,-0.9299566745758057,d5e7,True,0.9814285635948181,6.178983799996786,0,0.0,
2554,1086,crushing endgame long skewer,61,38,a2a1,True,0.4372418596989877,1,-0.32135701179504395,a2a1,True,0.9757142663002014,3.3321913999971002,0,0.0,
2556,1278,mate mateIn1 middlegame oneMove,46,27,g1g4,False,0.2551826539977618,2,-0.24292366206645966,h4h7,True,0.9614285826683044,0.4410554999485612,0,0.0,
2558,1071,crushing deflection endgame master short skewer,96,14,h8h6,True,0.9665632785471016,1,0.051747050136327744,h8h6,True,0.9985714554786682,4.864838600042276,0,0.0,
2560,1322,mate mateIn1 middlegame oneMove,35,39,d5b7,False,0.012002743749214903,9,-0.49216097593307495,d5e4,False,0.3385714292526245,4.228698400082067,0,0.0,
2562,1283,advantage long middlegame pin,25,43,g6g4,False,0.12166397147616576,4,-0.3540007770061493,h5f3,True,0.9657142758369446,4.8694048000033945,0,0.0,
2564,1293,advancedPawn advantage endgame sacrifice short,56,19,d4d5,False,0.08528667836857139,5,-0.9691793322563171,c1c6,True,0.6157143115997314,4.596591199981049,0,0.0,
2566,1422,endgame long mate mateIn3,51,27,d2a2,False,0.1293453648329257,2,-0.15241776406764984,d3e5,True,0.9571428298950195,0.8309659999795258,0,0.0,
2568,1435,endgame mate mateIn1 oneMove,57,37,d8d4,False,0.2265279701991219,2,0.1708223819732666,d8g8,True,0.9585714340209961,0.4650484999874607,0,0.0,
2570,1363,endgame mate mateIn2 short,40,33,g8g7,True,0.9704672979622132,1,0.1969759464263916,g8g7,True,0.9957143068313599,0.38619570003356785,0,0.0,
2572,1254,endgame mate mateIn2 pin short,73,30,b3h3,True,0.8170425618925021,1,0.0630870908498764,b3h3,True,0.9728571176528931,0.35259669995866716,0,0.0,
2574,1265,crushing master middlegame pin short,29,36,f8h6,True,0.5827887639468612,1,-0.6976471543312073,f8h6,True,0.9857142567634583,4.86719199991785,0,0.0,
2576,1055,advantage attraction deflection endgame long,70,12,f4g5,True,0.6164463340838249,1,-0.9547537565231323,f4g5,True,0.9842857122421265,4.673493699985556,0,0.0,
2578,1335,crushing endgame master masterVsMaster short skewer,96,24,h7h6,True,0.5384910658434684,1,-0.8343248963356018,h7h6,True,0.9842857122421265,4.6226064999355,0,0.0,
2580,1294,mate mateIn1 oneMove opening,23,45,d6d1,True,0.8208124845894548,1,-0.3870227038860321,d6d1,True,0.9942857027053833,0.1380250999936834,0,0.0,
2582,1247,endgame long mate mateIn3 rookEndgame,77,25,f8f4,True,0.31153431983880864,1,-0.04726757854223251,f8f4,True,0.9714285731315613,0.46062819997314364,0,0.0,
2584,1438,advantage endgame fork short,72,37,f4c7,False,0.2788671957452813,2,-0.647996723651886,f4f6,True,0.9785714149475098,4.172950799926184,0,0.0,
2586,1127,attraction crushing deflection endgame master masterVsMaster sacrifice short,51,36,g2h2,False,0.014288569936890944,12,0.41279008984565735,g2g5,False,0.0028571428265422583,6.404321699985303,0,0.0,
2588,1361,advantage capturingDefender intermezzo opening short,20,49,d4c6,True,0.8513004730896219,1,-0.0522763729095459,d4c6,True,0.991428554058075,4.588604600052349,0,0.0,
2590,1053,backRankMate mate mateIn2 middlegame short,53,49,b2e5,False,0.12633154673470634,3,0.0009209361742250621,b2b1,True,0.9557142853736877,0.5741720000514761,0,0.0,
2592,1225,endgame mate mateIn1 oneMove,66,35,f3c6,True,0.6981127227611302,1,0.32354238629341125,f3c6,True,0.9871428608894348,0.18926000001374632,0,0.0,
2594,1430,advantage fork middlegame short,33,43,b8b6,False,0.0027129487735160648,7,-0.1800541877746582,b8b6,False,0.0,5.247049600002356,0,0.0,
2596,1075,master mate mateIn1 middlegame oneMove,41,38,f3g2,True,0.719165912995591,1,0.5863051414489746,f3g2,True,0.9857142567634583,0.26525739999487996,0,0.0,
2598,1302,endgame mate mateIn1 oneMove,72,28,a6f6,True,0.5372499330200078,1,-0.03428984433412552,a6f6,True,0.9842857122421265,0.32042989996261895,0,0.0,
2600,1106,advancedPawn crushing endgame fork veryLong,88,18,f3e3,False,0.1930867254602774,2,-0.7443339824676514,c6c7,True,0.9728571176528931,5.421924800029956,0,0.0,
2602,1183,backRankMate endgame long mate mateIn3 sacrifice,51,49,h4f2,True,0.5510795884709747,1,-0.9439136981964111,h4f2,True,0.9471428394317627,3.173113099997863,0,0.0,
2604,1061,endgame mate mateIn2 short,86,31,e6e1,False,0.19792125484671516,2,-0.4447188973426819,c2c3,True,0.9742857217788696,0.3713366000447422,0,0.0,
2606,1265,crushing fork long middlegame,13,46,d4c4,False,0.2155640134551674,3,0.7548280358314514,d4f2,True,0.9685714244842529,4.32851129991468,0,0.0,
2608,1397,advantage fork opening short,19,43,d6f4,False,0.1627045786113877,3,-0.6015104651451111,d8g5,True,0.9728571176528931,5.771247699973173,0,0.0,
2610,1278,deflection kingsideAttack long mate mateIn3 middlegame pillsburysMate,42,37,h5f7,True,0.8577739436704576,1,-0.3627820611000061,h5f7,True,0.9928571581840515,0.3894618999911472,0,0.0,
2612,1407,crushing master middlegame short trappedPiece,26,40,f1e1,False,0.14837117377189524,3,-0.3973240852355957,e2d3,True,0.9700000286102295,4.477356699993834,0,0.0,
2614,1163,advancedPawn attraction endgame mate mateIn2 promotion rookEndgame short,88,12,g7g8,True,0.6942550451465758,1,0.016501745209097862,g7g8,True,0.9885714054107666,0.26281399989966303,0,0.0,
2616,1116,endgame mate mateIn2 short,60,28,e7f7,False,0.26585434829054433,2,-0.5030026435852051,b4b5,True,0.977142870426178,0.2991234000073746,0,0.0,
2618,1408,advantage fork middlegame short,50,32,c3e4,True,0.9787063818120972,1,0.22947250306606293,c3e4,True,0.9971428513526917,5.750019299914129,0,0.0,
2620,1034,clearance mate mateIn2 middlegame sacrifice short,83,34,h5g3,True,0.5600392832124119,1,-0.9844256639480591,h5g3,True,0.9857142567634583,0.30158279999159276,0,0.0,
2622,1012,kingsideAttack master mate mateIn1 middlegame oneMove,37,39,g6g2,True,0.9516033445362974,1,-0.42150938510894775,g6g2,True,0.9971428513526917,0.108786900062114,0,0.0,
2624,1089,attraction endgame long mate mateIn3 sacrifice,70,27,d2e3,False,0.0031940492255060123,18,-0.25268203020095825,d2f4,False,0.0,7.072095799958333,0,0.0,
2626,1052,crushing discoveredAttack kingsideAttack middlegame short,37,42,e7f8,False,0.02990334729980042,8,-0.8289809226989746,d6h2,True,0.8557142615318298,4.636576800025068,0,0.0,
2628,1027,mate mateIn1 middlegame oneMove,67,38,f2g2,True,0.9868471634926187,1,0.8155975937843323,f2g2,True,0.9985714554786682,0.0527604001108557,0,0.0,
2630,1235,advantage middlegame pin short,35,38,g6h6,False,0.17562232928309587,3,-0.6826076507568359,c6f3,True,0.9671428799629211,5.68470880005043,0,0.0,
2632,1025,endgame master mate mateIn1 oneMove,70,36,f6h8,True,0.9159680467352779,1,0.716799795627594,f6h8,True,0.9942857027053833,0.13697510003112257,0,0.0,
2634,1155,mate mateIn1 oneMove opening,23,42,h7h5,False,0.2550865095696461,2,0.16955743730068207,d4f3,True,0.9142857193946838,0.7053226999705657,0,0.0,
2636,1083,mate mateIn2 opening short,19,42,e7e3,True,0.9419522207485292,1,-0.27795037627220154,e7e3,True,0.9971428513526917,0.34453550004400313,0,0.0,
2638,1082,backRankMate mate mateIn2 middlegame sacrifice short,56,30,d2d8,True,0.33089067090113394,1,-0.7547572255134583,d2d8,True,0.9828571677207947,0.2662710000295192,0,0.0,
2640,1060,blindSwineMate endgame exposedKing long mate mateIn3,64,23,g1h1,True,0.27223072034473716,1,-0.9978398680686951,g1h1,True,0.9014285802841187,1.1231151000829414,0,0.0,
2642,1398,crushing kingsideAttack long middlegame sacrifice,30,43,d1f3,False,0.09643244222294475,4,-0.07920990139245987,d3h7,True,0.9357143044471741,4.637342600035481,0,0.0,
2644,1025,crushing endgame fork master short,72,29,c3c4,False,0.1619748261693004,2,0.12005006521940231,d6e8,True,0.9528571367263794,4.4423466000007465,0,0.0,
2646,1138,endgame long mate mateIn3,71,32,e8e1,True,0.4348574869971124,1,-0.5671374201774597,e8e1,True,0.9842857122421265,0.4615365999052301,0,0.0,
2648,1220,advantage fork middlegame short,34,42,d1b3,True,0.7068702243517576,1,-0.5655975341796875,d1b3,True,0.9871428608894348,6.052656800020486,0,0.0,
2650,1115,advantage fork middlegame short,20,39,g4g7,True,0.9405962538430809,1,-0.28301259875297546,g4g7,True,0.9971428513526917,5.9949189000763,0,0.0,
2652,1144,crushing discoveredAttack endgame rookEndgame short,82,14,f1f2,False,0.011496788480351223,8,-0.01300690695643425,f1f2,False,0.2928571403026581,4.3224844000069425,0,0.0,
2654,1083,advantage endgame fork short,63,15,d2d3,False,0.1718586375873859,2,-0.9599664211273193,c2e1,True,0.9700000286102295,4.560234300093725,0,0.0,
2656,1416,anastasiaMate attraction kingsideAttack long mate mateIn3 middlegame sacrifice,49,39,e6h6,False,0.0025482517017968213,15,-0.7366117238998413,e6h6,False,0.0,6.61023559991736,0,0.0,
2658,1289,mate mateIn1 middlegame oneMove,29,41,b5f1,True,0.8451591309737106,1,-0.18856528401374817,b5f1,True,0.9942857027053833,0.12437780003529042,0,0.0,
2660,1296,mate mateIn1 middlegame oneMove,35,42,d5h1,True,0.9770750929470302,1,-0.11312918365001678,d5h1,True,0.9985714554786682,0.06095579999964684,0,0.0,
2662,1402,advancedPawn attraction crushing endgame long promotion,107,18,d5c5,True,0.4450903049641623,1,-0.5637133717536926,d5c5,True,0.8557142615318298,6.0512701000552624,0,0.0,
2664,1239,endgame mate mateIn2 short,47,35,a8g8,True,0.8071088644254198,1,-0.9103339314460754,a8g8,True,0.9957143068313599,0.5353705000597984,0,0.0,
2666,1164,mate mateIn1 middlegame oneMove,55,43,f4h2,True,0.7292228731537667,1,-0.7419497966766357,f4h2,True,0.9871428608894348,0.19520159997045994,0,0.0,
2668,1124,endgame mate mateIn1 oneMove,81,24,e4g3,True,0.32251457729639377,1,0.4788498878479004,e4g3,True,0.9671428799629211,0.32381930004339665,0,0.0,
2670,1024,crushing discoveredAttack opening short,14,41,b1c3,False,0.0065346011087955005,7,-0.03781380131840706,b1c3,False,0.0,4.907907800050452,0,0.0,
2672,1005,crushing discoveredAttack opening short,24,40,a1b1,False,0.13215575286060904,4,-0.7376310229301453,d3h7,True,0.9714285731315613,3.9619033000199124,0,0.0,
2674,1227,advantage fork opening short,17,25,c6d4,True,0.3183936059358537,1,-0.8880384564399719,c6d4,True,0.9800000190734863,2.861674200044945,0,0.0,
2676,1157,advantage discoveredAttack middlegame short,56,25,b4a5,False,0.047978199348488126,3,-0.2654353976249695,a2f7,True,0.795714259147644,5.554831600049511,0,0.0,
2678,1254,crushing fork middlegame short,50,40,h6f6,True,0.7947897428151208,1,-0.6337738037109375,h6f6,True,0.9871428608894348,7.750772200059146,0,0.0,
2680,1110,attackingF2F7 mate mateIn1 oneMove opening,24,36,f3f7,True,0.8907097722262848,1,-0.32063964009284973,f3f7,True,0.9942857027053833,0.1599974000127986,0,0.0,
2682,1218,endgame mate mateIn1 oneMove,56,35,g6g7,True,0.8909802812419422,1,0.950413167476654,g6g7,True,0.9928571581840515,0.1909272000193596,0,0.0,
2684,1206,crushing discoveredAttack middlegame short,34,34,a1c1,False,0.008617208413791308,9,-0.4072103202342987,g1g2,False,0.0,5.163260500063188,0,0.0,
2686,1278,advantage fork middlegame short,66,34,d5f6,True,0.5527606153667064,1,-0.9328122735023499,d5f6,True,0.9157142639160156,6.97674770001322,0,0.0,
2688,1024,endgame mate mateIn1 oneMove rookEndgame,86,25,h5h8,True,0.5208550115561765,1,-0.10308932512998581,h5h8,True,0.9814285635948181,0.2935560999903828,0,0.0,
2690,1242,crushing endgame fork master short,81,19,e3g4,True,0.9239288343954922,1,-0.43742552399635315,e3g4,True,0.9957143068313599,4.531348199932836,0,0.0,
2692,1123,advantage attraction fork long master middlegame,52,44,e6e8,True,0.26752738798689807,1,-0.6178690195083618,e6e8,True,0.977142870426178,4.05333869997412,0,0.0,
2694,1285,crushing endgame fork pin short,123,17,h2e2,True,0.4352106032216266,1,0.11163317412137985,h2e2,True,0.9700000286102295,4.975214699981734,0,0.0,
2696,1030,backRankMate endgame mate mateIn2 short,48,27,d5e5,False,0.06872350131549627,3,0.10863073915243149,d5d8,True,0.9457142949104309,0.637412799987942,0,0.0,
2698,1209,advantage deflection endgame long,50,37,g3g6,True,0.4200339542304187,1,0.04653210937976837,g3g6,True,0.9557142853736877,5.694317999994382,0,0.0,
2700,1131,endgame mate mateIn1 oneMove,43,37,g2e4,True,0.572290219788182,1,0.10035798698663712,g2e4,True,0.9842857122421265,0.24162169999908656,0,0.0,
2702,1299,crushing fork middlegame short,41,36,d6f8,False,0.039245504498238215,4,0.05244404450058937,f7f5,True,0.7942857146263123,5.249905299977399,0,0.0,
2704,1255,crushing discoveredAttack kingsideAttack long middlegame,38,47,d3c4,False,0.000689779368878735,29,-0.15841828286647797,b4e1,False,0.0,5.032386900042184,0,0.0,
2706,1076,endgame mate mateIn1 oneMove rookEndgame,99,29,f7f1,False,0.006253588245317009,8,-0.6441973447799683,e1e4,False,0.0,5.047258500009775,0,0.0,
2708,1190,crushing endgame pin short,58,42,d3c4,True,0.4754574830541454,1,-0.6138307452201843,d3c4,True,0.9828571677207947,4.233502799994312,0,0.0,
2710,1056,endgame mate mateIn2 short,74,33,e6e7,True,0.9044430377824599,1,0.508594810962677,e6e7,True,0.9985714554786682,0.1912514999276027,0,0.0,
2712,1064,attraction crushing fork long middlegame,49,42,c5b3,True,0.42368080382729545,1,-0.05521845072507858,c5b3,True,0.9714285731315613,4.2582441999111325,0,0.0,
2714,1060,advancedPawn attraction crushing endgame promotion rookEndgame veryLong,82,19,b2c2,False,0.12565133275302084,3,-0.7120850682258606,b7b8,True,0.9657142758369446,5.779016999993473,0,0.0,
2716,1244,mate mateIn2 middlegame pillsburysMate short,54,33,g2h2,False,0.3638580892133639,2,-0.42446067929267883,a1h1,True,0.9814285635948181,0.35004169994499534,0,0.0,
2718,1228,endgame mate mateIn2 short,62,22,e3f3,False,0.16013819974200938,2,-0.6784254312515259,e3e8,True,0.9100000262260437,0.6264014999615029,0,0.0,
2720,1342,long mate mateIn3 middlegame queensideAttack xRayAttack,50,41,e1e5,False,0.002555239434707684,20,-0.17702551186084747,f8f7,False,0.0,9.736208499991335,0,0.0,
2722,1016,attraction endgame long mate mateIn3 sacrifice,84,23,e1e2,False,0.00477162646409608,13,-0.3267422318458557,h1h3,False,0.0,4.51991110004019,0,0.0,
2724,1051,advancedPawn crushing endgame hangingPiece long master promotion,116,4,d3d2,True,0.7745784619740307,1,-0.9029194712638855,d3d2,True,0.9957143068313599,4.721355700050481,0,0.0,
2726,1314,endgame kingsideAttack mate mateIn2 pin sacrifice short,45,40,d4f2,True,0.5976105374331822,1,-0.5967294573783875,d4f2,True,0.9828571677207947,0.3772698000539094,0,0.0,
2728,1170,crushing discoveredCheck doubleCheck endgame fork short,56,41,g6f8,True,0.7578028417406278,1,-0.6682515144348145,g6f8,True,0.9871428608894348,4.0634273999603465,0,0.0,
2730,1327,kingsideAttack mate mateIn1 middlegame oneMove,36,43,c3g7,True,0.9921025548372034,1,0.4171295464038849,c3g7,True,0.9985714554786682,0.0637107000220567,0,0.0,
2732,1145,endgame master mate mateIn1 oneMove,82,27,f4f5,True,0.7696626721970073,1,-0.6249082684516907,f4f5,True,0.9885714054107666,0.1988033999223262,0,0.0,
2734,1432,crushing deflection long middlegame,46,40,b3e6,True,0.7720809249864218,1,0.25040674209594727,b3e6,True,0.991428554058075,5.587506200070493,0,0.0,
2736,1389,crushing middlegame pin short,35,32,g8g6,False,0.25117685674468426,2,-0.9972976446151733,e6h3,True,0.9757142663002014,5.31157790008001,0,0.0,
2738,1216,crushing endgame fork short,54,26,g1f2,False,0.07412622682849318,2,-0.18950201570987701,f4h4,True,0.9285714030265808,4.940689299954101,0,0.0,
2740,1105,backRankMate endgame mate mateIn2 sacrifice short,50,34,c6a6,False,0.0019190956016123834,12,-0.7216906547546387,c6d7,False,0.0,5.747903499985114,0,0.0,
2742,1176,kingsideAttack mate mateIn1 middlegame oneMove,53,39,c6g2,True,0.7801506157266819,1,0.9379794001579285,c6g2,True,0.9871428608894348,0.1560693000210449,0,0.0,
2744,1032,kingsideAttack long mate mateIn3 middlegame,47,34,g6h5,True,0.6122147704227705,1,-0.3588780462741852,g6h5,True,0.9671428799629211,0.800750800059177,0,0.0,
2746,1258,endgame mate mateIn2 short,90,13,a7a8,True,0.718859793451943,1,0.002617528196424246,a7a8,True,0.9900000095367432,0.24064959993120283,0,0.0,
2748,1017,crushing discoveredAttack middlegame short,36,33,a3e7,False,0.00940269172351238,16,0.8464230298995972,c2b1,False,0.0,6.029472999973223,0,0.0,
2750,1407,crushing deflection discoveredAttack discoveredCheck kingsideAttack middlegame veryLong,38,34,d2f3,False,0.15775309543196372,2,-0.7919867634773254,h7g6,True,0.9685714244842529,4.678691399982199,0,0.0,
2752,1207,crushing discoveredAttack middlegame short,61,35,a7b7,False,0.0051752629134649815,19,-0.8451497554779053,a7b7,False,0.0,6.668772800010629,0,0.0,
2754,1041,endgame mate mateIn1 oneMove,95,20,b7b5,True,0.628577163748498,1,-0.9220457673072815,b7b5,True,0.9871428608894348,0.1922481000656262,0,0.0,
2756,1064,mate mateIn1 middlegame oneMove,55,45,h4h3,True,0.5713257901424711,1,0.2654592990875244,h4h3,True,0.9757142663002014,0.33150109997950494,0,0.0,
2758,1003,endgame mate mateIn1 oneMove queensideAttack,47,36,b5d3,False,0.24606863067101487,3,0.9212133884429932,b5b2,True,0.8614285588264465,0.9202825999818742,0,0.0,
2760,1224,advancedPawn advantage deflection endgame pin promotion rookEndgame short,144,18,g3g2,False,0.015490339290062173,13,-0.20214009284973145,e7e6,True,0.4099999964237213,5.6617736999178305,0,0.0,
2762,1164,mate mateIn2 middlegame short,46,42,h5h6,False,0.03786610835138544,4,0.10898903012275696,d5f6,True,0.954285740852356,0.5397500999970362,0,0.0,
2764,1209,endgame mate mateIn2 operaMate short,86,27,f7f8,True,0.555493363233624,1,-0.9223906993865967,f7f8,True,0.9800000190734863,0.5612188000231981,0,0.0,
2766,1401,advantage capturingDefender intermezzo master middlegame short,39,35,g7e5,False,0.03022109578673929,6,-0.8252250552177429,d5f3,True,0.8514285683631897,5.934699299978092,0,0.0,
2768,1105,advancedPawn bishopEndgame crushing deflection endgame short,84,6,f4e5,False,0.13334608612431234,4,-0.8956397175788879,h6h7,True,0.9585714340209961,5.35622690001037,0,0.0,
2770,1045,endgame mate mateIn2 short,56,39,e8g6,True,0.9578377081133782,1,-0.14734971523284912,e8g6,True,0.9957143068313599,0.24063090002164245,0,0.0,
2772,1220,crushing endgame fork short,97,23,f7f8,False,0.15150787752067776,4,-0.8099671602249146,f6g4,True,0.9785714149475098,4.336860200040974,0,0.0,
2774,1312,advantage endgame short trappedPiece,57,21,f8h8,True,0.3501527874548472,1,-0.9300325512886047,f8h8,True,0.9800000190734863,5.287866499973461,0,0.0,
2776,1113,deflection discoveredAttack endgame mate mateIn2 queensideAttack short,67,32,d4b2,True,0.39586399314432386,1,-0.028856627643108368,d4b2,True,0.9742857217788696,0.32003469998016953,0,0.0,
2778,1349,mate mateIn1 oneMove opening,18,41,e4d6,True,0.45425751149673155,1,-0.0983659103512764,e4d6,True,0.9800000190734863,0.34839679999276996,0,0.0,
2780,1123,dovetailMate mate mateIn1 oneMove opening,18,37,e2e6,True,0.5580661066408636,1,0.4170108735561371,e2e6,True,0.9685714244842529,0.3736691999947652,0,0.0,
2782,1291,crushing endgame fork short,80,31,d8e7,False,0.27435354050748745,2,-0.3643627464771271,b2a4,True,0.977142870426178,4.328229199978523,0,0.0,
2784,1086,arabianMate endgame master mate mateIn2 short,70,32,c7c8,True,0.9614597556229719,1,-0.17316116392612457,c7c8,True,0.9957143068313599,0.18910259997937828,0,0.0,
2786,1253,mate mateIn1 middlegame oneMove,34,40,g4g7,True,0.9029699342957076,1,0.4439485967159271,g4g7,True,0.9957143068313599,0.1366330999881029,0,0.0,
2788,1403,advantage discoveredAttack middlegame short,28,45,d5e3,False,0.008155826581639948,5,-0.07924017310142517,b5c6,False,0.0,5.009504699963145,0,0.0,
2790,1206,clearance kingsideAttack mate mateIn2 middlegame sacrifice short,34,45,a1d1,False,0.16657717750263926,2,-0.47860562801361084,a1d1,False,0.018571428954601288,5.500157699920237,0,0.0,
2792,1294,advantage fork middlegame veryLong,34,44,c6c8,True,0.5121218646033476,1,0.6218818426132202,c6c8,True,0.9671428799629211,4.612343600019813,0,0.0,
2794,1228,crushing endgame hangingPiece master short,122,16,b1b5,True,0.4903960404150859,1,-0.593367874622345,b1b5,True,0.9757142663002014,7.533055000007153,0,0.0,
2796,1219,mate mateIn2 middlegame short,61,33,g7g3,True,0.7618377263052711,1,-0.9927164912223816,g7g3,True,0.991428554058075,0.2600217000581324,0,0.0,
2798,1329,crushing endgame hangingPiece long quietMove rookEndgame,100,15,g6h7,True,0.9300420766452103,1,0.1679837554693222,g6h7,True,0.9957143068313599,7.433261000085622,0,0.0,
2800,1021,mate mateIn1 middlegame oneMove,56,35,e5f7,True,0.6814841544908813,1,-0.8446505665779114,e5f7,True,0.9900000095367432,0.13747700001113117,0,0.0,
2802,1127,crushing fork middlegame short,39,38,f8f3,True,0.5113368349498805,1,-0.5095189213752747,f8f3,True,0.9842857122421265,4.026435100007802,0,0.0,
2804,1102,advantage discoveredAttack endgame long,64,29,g2g4,False,0.03591411945976572,6,-0.9652357697486877,d6f5,True,0.8971428275108337,6.13471610005945,0,0.0,
2806,1265,endgame mate mateIn1 oneMove,74,32,d8f6,True,0.9728373298081853,1,0.15732501447200775,d8f6,True,0.9971428513526917,0.10665890004020184,0,0.0,
2808,1418,endgame mate mateIn2 short,57,38,e4f4,False,0.3510521446653118,2,0.01220758631825447,g7g5,True,0.977142870426178,0.4177286000922322,0,0.0,
2810,1268,kingsideAttack mate mateIn2 middlegame short,70,36,d5f6,True,0.6793723936510642,1,0.37154921889305115,d5f6,True,0.9828571677207947,0.30662359995767474,0,0.0,
2812,1093,deflection endgame long mate mateIn3 pin,69,36,e3c1,True,0.6412591018995158,1,-0.5191817879676819,e3c1,True,0.9871428608894348,0.3739609000040218,0,0.0,
2814,1350,advantage discoveredAttack long middlegame,43,32,a8e8,False,0.004156091115233833,14,-0.6502872109413147,g6d6,False,0.0,5.358294300036505,0,0.0,
2816,1130,endgame master mate mateIn1 oneMove rookEndgame,118,20,g3c3,False,0.3147584993679,2,-0.66402667760849,g5h5,True,0.9785714149475098,0.33579649997409433,0,0.0,
2818,1201,endgame mate mateIn1 oneMove,80,28,g3g8,True,0.47673988953647795,1,-0.18021143972873688,g3g8,True,0.9828571677207947,0.3226035999832675,0,0.0,
2820,1271,crushing endgame master short skewer,100,22,c8g8,True,0.9808191683404345,1,0.2385914921760559,c8g8,True,0.9985714554786682,4.2880269000306726,0,0.0,
2822,1256,advantage fork long middlegame,36,45,b3e6,True,0.4895894132154564,1,-0.25140923261642456,b3e6,True,0.9514285922050476,5.776772300014272,0,0.0,
2824,1191,mate mateIn2 middlegame short,55,41,h7h6,False,0.18575718531415575,2,-0.7125605940818787,e6e1,True,0.9714285731315613,0.4435757000464946,0,0.0,
2826,1230,crushing fork master middlegame short,37,34,e7f5,False,0.16023817509276625,2,0.27471330761909485,e5f3,True,0.9428571462631226,4.139397599967197,0,0.0,
2828,1146,crushing fork master middlegame short,31,32,a7a6,False,0.15001995340955765,2,-0.7152787446975708,d7d2,True,0.9700000286102295,4.917014400009066,0,0.0,
2830,1314,advantage endgame fork short,69,28,c4e5,True,0.5523170396339572,1,-0.726145327091217,c4e5,True,0.9828571677207947,5.0136565999127924,0,0.0,
2832,1283,crushing fork middlegame short,50,28,e1e6,True,0.9467632753965672,1,-0.2591552436351776,e1e6,True,0.9971428513526917,3.988545999978669,0,0.0,
2834,1268,advancedPawn crushing endgame fork long,94,12,g2g4,False,0.08283794798112958,4,-0.9715405106544495,f5d6,True,0.9514285922050476,4.932658500038087,0,0.0,
2836,1156,advantage discoveredAttack kingsideAttack middlegame short,40,42,e4f3,False,0.03452092337310505,7,-0.256929486989975,e4h7,True,0.7528571486473083,5.249903199961409,0,0.0,
2838,1003,mate mateIn1 middlegame oneMove,25,44,h6h2,True,0.4142562676367311,1,-0.014242028817534447,h6h2,True,0.977142870426178,0.2602506000548601,0,0.0,
2840,1087,advantage endgame fork short,84,19,d4d5,False,0.03144218503876049,4,-0.0680527538061142,c5e6,True,0.6271428465843201,5.0614424999803305,0,0.0,
2842,1027,advancedPawn crushing discoveredAttack endgame long rookEndgame,117,11,h6g6,False,0.017682200643813824,7,0.03268502652645111,b4b3,True,0.6528571248054504,4.680564199923538,0,0.0,
2844,1386,endgame long mate mateIn3 sacrifice,73,31,g1h1,False,0.03099851893140932,8,-0.0072533851489424706,f3g4,True,0.8728571534156799,0.8149136999854818,0,0.0,
2846,1163,kingsideAttack long master masterVsMaster mate mateIn3 middlegame sacrifice,47,45,e8f8,False,0.00018572906335526386,29,0.11577093601226807,c5c7,False,0.0,4.554324299911968,0,0.0,
2848,1094,crushing endgame master masterVsMaster rookEndgame short skewer,112,17,b8b4,True,0.9530783166502144,1,0.17066851258277893,b8b4,True,0.9957143068313599,3.7965417000232264,0,0.0,
2850,1279,discoveredCheck doubleCheck long mate mateIn3 middlegame sacrifice smotheredMate,67,36,f2d3,False,0.04629014958833011,3,-0.08560425043106079,f2d3,False,0.0014285714132711291,4.572893299977295,0,0.0,
2852,1047,endgame mate mateIn2 queenEndgame short,115,24,e1e7,True,0.4079973144912019,1,-0.4972614049911499,e1e7,True,0.9828571677207947,0.2605861999327317,0,0.0,
2854,1279,crushing discoveredAttack endgame exposedKing long,85,21,a7b6,False,0.2601732425398998,2,-0.4175396263599396,d3d1,True,0.9728571176528931,4.743735200027004,0,0.0,
2856,1092,crushing discoveredAttack endgame short,63,28,b7g2,True,0.6672124145964077,1,-0.05766308307647705,b7g2,True,0.9871428608894348,4.13865330000408,0,0.0,
2858,1182,endgame fork long mate mateIn3,55,31,c4d3,False,0.04259880260491175,2,0.5159809589385986,c4d3,False,0.0014285714132711291,4.15070180001203,0,0.0,
2860,1354,advancedPawn kingsideAttack mate mateIn2 opening short xRayAttack,28,36,g6h7,True,0.35022715044707375,1,-0.5834117531776428,g6h7,True,0.9828571677207947,0.34573369997087866,0,0.0,
2862,1153,advantage fork middlegame short,18,34,a4b5,True,0.9871567248457634,1,0.025933291763067245,a4b5,True,0.9971428513526917,4.4424112000269815,0,0.0,
2864,1259,crushing discoveredCheck doubleCheck middlegame short,35,44,a8f8,False,0.055153613213351424,4,0.007088039070367813,e5d3,True,0.9342857003211975,4.930768099962734,0,0.0,
2866,1232,mate mateIn1 middlegame oneMove,45,50,d2c1,True,0.4460244534140236,1,0.6788380742073059,d2c1,True,0.8700000047683716,0.7142553000012413,0,0.0,
2868,1180,endgame long mate mateIn3,48,40,f6g7,True,0.326635226567571,1,0.13791383802890778,f6g7,True,0.9614285826683044,0.4739920999854803,0,0.0,
2870,1135,mate mateIn1 middlegame oneMove,69,39,e2d2,True,0.5318943130478682,1,-0.37234964966773987,e2d2,True,0.9885714054107666,0.20052929990924895,0,0.0,
2872,1013,endgame mate mateIn1 oneMove operaMate,63,31,b2h2,True,0.4867683172033944,1,-0.48514261841773987,b2h2,True,0.9842857122421265,0.23443179996684194,0,0.0,
2874,1314,endgame mate mateIn1 oneMove,66,34,c8f8,False,0.44461032544200063,2,0.3417671024799347,c8f8,False,0.45428571105003357,0.06208040006458759,0,0.0,
2876,1309,attackingF2F7 mate mateIn1 oneMove opening,16,36,c4f7,True,0.8260557903021978,1,-0.6796330213546753,c4f7,True,0.9942857027053833,0.15264899993781,0,0.0,
2878,1321,advantage defensiveMove hangingPiece opening short,30,2,g1h2,True,0.9508818626845909,1,-0.4468981623649597,g1h2,True,0.9971428513526917,7.509506200090982,0,0.0,
2880,1283,advancedPawn crushing endgame hangingPiece master rookEndgame short,59,20,b8b1,True,0.883550703906309,1,0.8324515223503113,b8b1,True,0.9957143068313599,4.42069790000096,0,0.0,
2882,1256,endgame master mate mateIn1 oneMove,69,21,b2d4,True,0.48243621237308865,1,0.4491021931171417,b2d4,True,0.9742857217788696,0.22300999995786697,0,0.0,
2884,1445,attraction crushing endgame fork long,51,38,h3e6,False,0.02509229540087466,4,-0.38529524207115173,h3e6,False,0.0014285714132711291,6.671733899973333,0,0.0,
2886,1045,crushing endgame fork long queenRookEndgame,98,26,d4d5,True,0.5092112817808696,1,-0.8280380368232727,d4d5,True,0.9828571677207947,6.088344900053926,0,0.0,
2888,1131,backRankMate endgame long mate mateIn3 sacrifice,82,33,e7c7,True,0.4405908879643103,1,0.12390322238206863,g2g4,False,0.44285714626312256,4.860003400011919,0,0.0,
2890,1405,advantage endgame pin short,56,26,f5e7,True,0.4942791692916923,1,-0.9023574590682983,f5e7,True,0.9800000190734863,5.660375199979171,0,0.0,
2892,1203,crushing endgame long skewer,111,23,c1c3,False,0.20627793575923714,3,-0.24122224748134613,c1h6,True,0.9557142853736877,4.359906899975613,0,0.0,
2894,1288,kingsideAttack mate mateIn1 middlegame oneMove,30,43,c3g7,True,0.9423774726034939,1,-0.16531744599342346,c3g7,True,0.9957143068313599,0.10555069998372346,0,0.0,
2896,1345,kingsideAttack mate mateIn2 middlegame sacrifice short xRayAttack,39,42,e8e6,False,0.0004990101677812102,26,-0.10783582925796509,e8e6,False,0.0,5.479379000025801,0,0.0,
2898,1170,crushing discoveredAttack endgame short,69,39,e2e3,False,0.001450753616917557,25,0.07607477158308029,d3e3,False,0.0,5.799182099988684,0,0.0,
2900,1444,crushing hangingPiece middlegame short,62,37,b3c4,True,0.88005539978455,1,0.4770113527774811,b3c4,True,0.9928571581840515,4.192130799987353,0,0.0,
2902,1133,kingsideAttack mate mateIn2 middlegame short,35,42,d2f3,True,0.9393918236894087,1,0.11053932458162308,d2f3,True,0.9957143068313599,0.2254333000164479,0,0.0,
2904,1083,advantage fork middlegame short,54,36,f4f6,True,0.5271979739629731,1,-0.4135904610157013,f4f6,True,0.9814285635948181,4.99728240002878,0,0.0,
2906,1150,advantage endgame fork short,94,21,a4a5,False,0.17758851165766146,2,-0.7863560318946838,f3d4,True,0.9700000286102295,5.49059339996893,0,0.0,
2908,1154,advantage discoveredAttack kingsideAttack long middlegame,49,38,f7g6,False,0.3679243804886632,2,-0.9572552442550659,e5e1,True,0.9700000286102295,5.581279200036079,0,0.0,
2910,1039,endgame mate mateIn2 short,57,33,f6f2,True,0.9138457502822038,1,-0.511583149433136,f6f2,True,0.9971428513526917,0.20260800002142787,0,0.0,
2912,1003,crushing endgame short skewer,86,16,g5g6,False,0.2154810688891576,2,-0.9955024719238281,h5g4,True,0.977142870426178,2.862112700007856,0,0.0,
2914,1282,endgame mate mateIn2 short,58,35,d1d8,True,0.38292425273535075,1,0.3453815281391144,d1d8,True,0.9728571176528931,0.3486975999549031,0,0.0,
2916,1231,crushing discoveredAttack long middlegame,44,46,c6e7,True,0.28650607925365007,1,-0.5763704776763916,c6e7,True,0.949999988079071,5.2303760999348015,0,0.0,
2918,1027,advantage discoveredAttack middlegame short,32,48,a1d1,False,0.03271733820519942,8,-0.9178926944732666,d3g6,True,0.8628571629524231,6.6261252000695094,0,0.0,
2920,1406,advantage deflection endgame long master,77,34,e7b7,True,0.5473889880542183,1,-0.47719523310661316,b2a2,False,0.1371428519487381,5.918670399929397,0,0.0,
2922,1100,crushing endgame fork short,39,41,a8e8,False,0.25818858315736465,2,0.020363008603453636,f3h3,True,0.9628571271896362,4.527345599955879,0,0.0,
2924,1003,endgame epauletteMate mate mateIn2 short,82,31,g7f5,False,0.14596070658180904,2,-0.25494855642318726,e1d1,True,0.9628571271896362,0.42852750001475215,0,0.0,
2926,1273,advantage endgame fork long,72,25,g3f5,True,0.4593907182061212,1,-0.9815585017204285,g3f5,True,0.9714285731315613,5.372464300016873,0,0.0,
2928,1351,advantage endgame fork short,78,18,g5e5,True,0.8780879077186322,1,-0.35783371329307556,g5e5,True,0.9957143068313599,5.098398800007999,0,0.0,
2930,1422,advantage middlegame pin short,34,26,d2f3,False,0.18524723937999174,2,-0.9665062427520752,d2e4,True,0.9785714149475098,4.605060199974105,0,0.0,
2932,1050,crushing endgame fork long master,76,13,f6e7,False,0.020918602694575048,2,-0.4277585446834564,c6c8,True,0.7314285635948181,4.602680300013162,0,0.0,
2934,1379,kingsideAttack mate mateIn2 middlegame short,36,43,f4e5,True,0.7751965330856738,1,0.35722246766090393,f4e5,True,0.9900000095367432,0.39276109996717423,0,0.0,
2936,1153,mate mateIn2 middlegame short,35,37,h4f2,True,0.5636887019562998,1,-0.7237806916236877,h4f2,True,0.9871428608894348,0.3253669999539852,0,0.0,
2938,1256,balestraMate mate mateIn2 middlegame short,43,34,e3d3,False,0.3355714828450642,2,-0.5201976895332336,d7a4,True,0.9800000190734863,0.5659797000698745,0,0.0,
2940,1141,endgame mate mateIn1 oneMove rookEndgame,59,22,c7d6,False,0.01289918350698636,2,0.4086236357688904,c7d6,False,0.40142858028411865,2.8577091000042856,0,0.0,
2942,1122,crushing endgame fork short,64,27,a4c5,True,0.5952926973160279,1,0.15497465431690216,a4c5,True,0.9814285635948181,4.436326000024565,0,0.0,
2944,1326,crushing endgame queenRookEndgame short skewer,75,24,g1e1,True,0.3752207813725223,1,-0.971116304397583,g1e1,True,0.9700000286102295,4.00576099997852,0,0.0,
2946,1336,advancedPawn crushing endgame long trappedPiece,82,19,b5b6,True,0.9211606707969142,1,-0.23922044038772583,b5b6,True,0.9957143068313599,6.847141599981114,0,0.0,
2948,1255,advantage endgame fork master short,108,24,a4a6,False,0.11002449360387474,3,-0.9658665657043457,e2c4,True,0.9714285731315613,5.364143799990416,0,0.0,
2950,1210,endgame mate mateIn1 oneMove,74,24,f8d8,True,0.6415349415399297,1,0.5923026204109192,f8d8,True,0.9842857122421265,0.30507830006536096,0,0.0,
2952,1269,advantage fork long middlegame,74,32,b7c8,True,0.257773590154884,1,-0.828591525554657,b7c8,True,0.9785714149475098,5.022362199961208,0,0.0,
2954,1299,advantage discoveredAttack middlegame short,51,29,c7b6,True,0.44343945301113236,1,-0.1748296320438385,c7b6,True,0.9742857217788696,6.710133600048721,0,0.0,
2956,1050,mate mateIn1 middlegame oneMove,53,37,e6c4,True,0.8866888778876031,1,-0.9568400979042053,e6c4,True,0.9957143068313599,0.09237249998841435,0,0.0,
2958,1307,kingsideAttack mate mateIn2 middlegame short,41,32,h4h1,True,0.9246282985052017,1,0.3481377065181732,h4h1,True,0.9957143068313599,0.34442780003882945,0,0.0,
2960,1082,endgame mate mateIn1 oneMove,73,32,b1e4,True,0.5571514044779668,1,0.3786512017250061,b1e4,True,0.9800000190734863,0.259335600072518,0,0.0,
2962,1167,mate mateIn1 oneMove opening smotheredMate,20,50,d5f6,True,0.6945491457351066,1,0.3321923613548279,d5f6,True,0.9800000190734863,0.26212490000762045,0,0.0,
2964,1075,endgame mate mateIn2 short,65,20,g4f3,False,0.28875413020982826,2,-0.3049207925796509,d2f3,True,0.9785714149475098,0.3524579999502748,0,0.0,
2966,1229,mate mateIn2 middlegame sacrifice short,46,30,f3h3,True,0.6817686398198515,1,-0.8046349287033081,f3h3,True,0.9814285635948181,0.3097867000615224,0,0.0,
2968,1220,advantage fork opening short,16,28,c1d2,False,0.3404921854385563,2,-0.23856684565544128,d1a4,True,0.9614285826683044,4.148999499971978,0,0.0,
2970,1073,mate mateIn2 opening short,13,39,c5f2,True,0.40709960489227265,1,-0.6444651484489441,c5f2,True,0.9599999785423279,2.1039372000377625,0,0.0,
2972,1073,advantage endgame fork short,85,33,d6d5,True,0.8830489169718639,1,-0.42242589592933655,d6d5,True,0.9928571581840515,5.113141200039536,0,0.0,
2974,1340,advantage long middlegame pin,31,31,d8f6,False,0.18482220011875003,2,-0.19050274789333344,f8e8,True,0.9571428298950195,5.281100199907087,0,0.0,
2976,1320,advantage attraction fork long middlegame pin sacrifice,78,50,a6e6,False,0.004051702151973418,24,-0.9836973547935486,a6e6,False,0.0,4.5701135999988765,0,0.0,
2978,1240,advantage endgame master pin short,53,21,f6g4,False,0.25147721418923275,2,-0.7841611504554749,f6e4,True,0.9800000190734863,4.174687199993059,0,0.0,
2980,1379,crushing fork master opening short,19,47,d5c3,False,0.018458837278918096,9,0.11422471702098846,d8h4,True,0.6785714030265808,4.358547999989241,0,0.0,
2982,1143,mate mateIn2 middlegame short,57,27,a7f2,True,0.8051984270339286,1,-0.9818662405014038,a7f2,True,0.9857142567634583,0.23472570010926574,0,0.0,
2984,1070,mate mateIn1 middlegame oneMove,54,38,f5h7,True,0.8740134087938137,1,-0.48854896426200867,f5h7,True,0.9942857027053833,0.1371048999717459,0,0.0,
2986,1179,kingsideAttack mate mateIn1 middlegame oneMove,44,36,h1f1,False,0.20240194693174168,2,-0.836247980594635,d4g7,True,0.9628571271896362,0.3889274999964982,0,0.0,
2988,1210,endgame mate mateIn2 sacrifice short,87,29,d3d4,False,0.45189086960549507,2,0.11630529165267944,b3a3,True,0.977142870426178,0.3766534000169486,0,0.0,
2990,1239,kingsideAttack mate mateIn2 middlegame short,48,32,c2h7,True,0.938162191283242,1,-0.8801150918006897,c2h7,True,0.9957143068313599,0.2787970000645146,0,0.0,
2992,1226,crushing endgame fork queenRookEndgame short,102,15,g4e4,True,0.43871612899390516,1,0.025465920567512512,g4e4,True,0.9728571176528931,4.104741999995895,0,0.0,
2994,1293,advantage hangingPiece middlegame short,57,3,f8f7,True,0.909568649632573,1,-0.2173471301794052,f8f7,True,0.9971428513526917,5.813954300014302,0,0.0,
2996,1165,blindSwineMate endgame mate mateIn1 oneMove,85,27,g2h2,False,0.10730618856560525,2,0.11267995834350586,c2f2,True,0.9557142853736877,0.6953807999379933,0,0.0,
2998,1107,endgame mate mateIn2 short,76,27,g8h8,True,0.9045390666082405,1,0.7326062917709351,g8h8,True,0.9942857027053833,0.3779261000454426,0,0.0,
3000,1375,endgame mate mateIn2 short,109,37,d5h1,False,0.13633106023134797,3,-0.26480352878570557,d5f3,True,0.9714285731315613,0.3379471000516787,0,0.0,
3002,1256,endgame master mate mateIn1 oneMove pin,66,26,d5f7,False,0.04764640984236465,3,0.007113533094525337,b7b8,True,0.9757142663002014,0.32351399993058294,0,0.0,
3004,1286,attraction crushing deflection endgame long,95,38,d1h1,True,0.5490324490224406,1,-0.7120662331581116,d1h1,True,0.9842857122421265,4.3249721000902355,0,0.0,
3006,1022,mate mateIn1 middlegame oneMove,46,48,f7h5,False,0.05271529825391031,5,-0.6358341574668884,c5b6,True,0.9285714030265808,0.501037499983795,0,0.0,
3008,1176,crushing fork long middlegame,49,31,h4f3,True,0.5146601498960779,1,-0.9915941953659058,h4f3,True,0.9842857122421265,5.406062099966221,0,0.0,
3010,1193,crushing endgame interference long rookEndgame,116,12,a7b7,True,0.7164772035251177,1,-0.10344986617565155,a7b7,True,0.9871428608894348,4.424002200015821,0,0.0,
3012,1119,crushing endgame fork short,116,8,g5f6,False,0.3223688724136098,2,-0.9686072468757629,g5e3,True,0.9828571677207947,4.250617300043814,0,0.0,
3014,1227,backRankMate endgame long mate mateIn3 sacrifice,70,27,f2f7,True,0.6494761756708279,1,-0.9868687391281128,f2f7,True,0.9785714149475098,0.6587553999852389,0,0.0,
3016,1138,crushing endgame fork long,68,35,c2c8,True,0.3706726453699096,1,-0.9298829436302185,c2c8,True,0.9800000190734863,5.13815649994649,0,0.0,
3018,1213,advantage hangingPiece middlegame short,44,5,g1f2,False,0.30723191117319654,2,-0.7506810426712036,e4f2,True,0.9757142663002014,4.648719199933112,0,0.0,
3020,1146,endgame master mate mateIn1 oneMove,65,41,d8h8,True,0.8381565498937548,1,-0.8791261315345764,d8h8,True,0.991428554058075,0.1385636000195518,0,0.0,
3022,1085,crushing endgame fork queenRookEndgame short,113,19,d2h6,True,0.4595399142895365,1,-0.24424993991851807,d2h6,True,0.9814285635948181,5.537245300016366,0,0.0,
3024,1216,backRankMate endgame long mate mateIn3 sacrifice,49,37,f5e5,False,0.001826138448359515,19,-0.7485745549201965,f5e5,False,0.0,5.072230200050399,0,0.0,
3026,1414,crushing endgame hangingPiece intermezzo master short,86,8,e3d2,False,0.308285582989844,2,-0.6787687540054321,e7c6,True,0.9742857217788696,5.374314300017431,0,0.0,
3028,1036,mate mateIn1 middlegame oneMove pin,54,44,d1d8,True,0.9372473370702665,1,0.2643543779850006,d1d8,True,0.9957143068313599,0.10610209999140352,0,0.0,
3030,1240,backRankMate mate mateIn1 middlegame oneMove,31,46,e8e1,True,0.8038599541533866,1,0.08339206874370575,e8e1,True,0.9928571581840515,0.16173799999523908,0,0.0,
3032,1295,crushing discoveredAttack endgame master queensideAttack short,58,28,e4f3,False,0.02783016401081771,3,-0.7495760321617126,e4b7,True,0.831428587436676,4.326835399959236,0,0.0,
3034,1166,kingsideAttack mate mateIn2 middlegame short,33,46,d6h2,False,0.296617808253336,2,-0.48360174894332886,h4h2,True,0.9814285635948181,0.29871920007281005,0,0.0,
3036,1308,attraction crushing endgame long,65,30,d4e3,False,0.37090799341889197,2,-0.027568282559514046,h5g3,True,0.9700000286102295,4.801188500015996,0,0.0,
3038,1278,master masterVsMaster mate mateIn1 middlegame oneMove pillsburysMate pin,54,46,h1h5,True,0.3178911558368338,1,0.11136584728956223,h1h5,True,0.9714285731315613,0.289132000063546,0,0.0,
3040,1255,crushing endgame fork short,51,28,f4g2,True,0.648482928024506,1,-0.029949374496936798,f4g2,True,0.9800000190734863,4.350429399986751,0,0.0,
3042,1176,kingsideAttack mate mateIn1 middlegame oneMove,31,41,d5g2,True,0.917357181535329,1,0.2837306559085846,d5g2,True,0.9942857027053833,0.16171799995936453,0,0.0,
3044,1311,endgame mate mateIn1 oneMove queensideAttack,45,22,a4c2,True,0.7511292643167126,1,0.7975984811782837,a4c2,True,0.991428554058075,0.14814319997094572,0,0.0,
3046,1155,crushing fork master middlegame short,49,34,f6d5,False,0.1975422219991082,2,0.15496665239334106,f6e4,True,0.9471428394317627,5.001592400018126,0,0.0,
3048,1399,long mate mateIn3 middlegame sacrifice,46,37,c1b1,False,0.01608579433138097,14,-0.999232828617096,a7f7,True,0.41285714507102966,1.7648058999329805,0,0.0,
3050,1306,backRankMate endgame mate mateIn2 short,46,30,b6d7,False,0.2398459310034714,2,-0.9682505130767822,e5d7,True,0.9757142663002014,0.4676956000039354,0,0.0,
3052,1433,mate mateIn1 middlegame oneMove pin,41,41,e8e1,True,0.46620272134106616,1,0.694825291633606,e8e1,True,0.9614285826683044,0.4785901999566704,0,0.0,
3054,1361,crushing deflection endgame rookEndgame short,100,20,d5d2,True,0.390564787699643,1,0.03304428979754448,d5d2,True,0.9728571176528931,4.532875199918635,0,0.0,
3056,1047,crushing endgame fork hangingPiece short,38,16,f7f8,True,0.9439190130029022,1,0.2927801311016083,f7f8,True,0.9957143068313599,4.488077899906784,0,0.0,
3058,1081,deflection endgame mate mateIn2 short,90,3,c5b5,True,0.8267665951306669,1,-0.9206697940826416,c5b5,True,0.9957143068313599,0.24770210008136928,0,0.0,
3060,1389,endgame mate mateIn1 oneMove rookEndgame,111,17,e4e3,False,0.2625038929685137,2,0.0025753581430763006,g2g1,True,0.9671428799629211,0.3627189000835642,0,0.0,
3062,1314,advantage defensiveMove long middlegame pin,70,35,d1h1,False,0.1164829552982367,2,-0.9820000529289246,f3h4,True,0.9657142758369446,7.390282699954696,0,0.0,
3064,1388,crushing hangingPiece middlegame short,46,5,b2c3,True,0.88407187414722,1,-0.4824717938899994,b2c3,True,0.9957143068313599,4.566804700065404,0,0.0,
3066,1408,crushing deflection endgame long rookEndgame,112,14,g1f1,True,0.905797610755597,1,-0.962451159954071,g1f1,True,0.9971428513526917,4.695626899949275,0,0.0,
3068,1328,endgame mate mateIn1 oneMove,86,16,g7h7,True,0.5874295440844091,1,-0.3848944306373596,g7h7,True,0.9842857122421265,0.28663080011028796,0,0.0,
3070,1045,advantage opening short trappedPiece,18,36,c1g5,True,0.9404062921984329,1,-0.3019186854362488,c1g5,True,0.9957143068313599,5.789115899940953,0,0.0,
3072,1277,endgame master masterVsMaster mate mateIn1 oneMove,77,43,e4g2,True,0.5762173202014576,1,0.9147433042526245,e4g2,True,0.9785714149475098,0.3362235000822693,0,0.0,
3074,1031,clearance mate mateIn2 middlegame short,52,34,g5f7,True,0.680573643260462,1,0.3694601058959961,g5f7,True,0.9885714054107666,0.29929330002050847,0,0.0,
3076,1139,advantage long middlegame pin queensideAttack,47,34,a2a1,True,0.24839700194997336,1,-0.9828226566314697,a2a1,True,0.9471428394317627,5.48602299997583,0,0.0,
3078,1306,kingsideAttack mate mateIn2 middlegame short,54,33,d5f6,True,0.7786872941409141,1,-0.11281242966651917,d5f6,True,0.9885714054107666,0.2917469000676647,0,0.0,
3080,1031,endgame mate mateIn1 oneMove,59,35,e8e1,True,0.7306440743862688,1,0.9619665145874023,e8e1,True,0.9857142567634583,0.29189140000380576,0,0.0,
3082,1025,crushing middlegame pin short,36,37,e4f5,True,0.4250778533793511,1,-0.6205690503120422,e4f5,True,0.9728571176528931,5.446803400060162,0,0.0,
3084,1135,endgame master mate mateIn2 short,78,32,g6e8,False,0.12254182567965355,2,-0.4627308249473572,e1e8,True,0.9742857217788696,0.4552648999961093,0,0.0,
3086,1247,advantage endgame fork short,123,26,b1a1,False,0.030540446739459295,2,-0.9850537180900574,d3c5,True,0.854285717010498,4.530469199991785,0,0.0,
3088,1308,advantage attraction endgame short,75,25,d3f4,True,0.7131852675052329,1,-0.14019601047039032,d3f4,True,0.9842857122421265,4.881326100090519,0,0.0,
3090,1250,crushing endgame fork long,54,23,e1e6,True,0.9820787241146391,1,-0.5176114439964294,e1e6,True,0.9985714554786682,3.5723392000654712,0,0.0,
3092,1402,mate mateIn1 middlegame oneMove,42,44,f7e8,True,0.38272845527922555,1,0.14816135168075562,f7e8,True,0.9571428298950195,0.41506359993945807,0,0.0,
3094,1118,master mate mateIn1 middlegame oneMove,53,49,e5g3,True,0.9322939796485739,1,0.6192874312400818,e5g3,True,0.9971428513526917,0.10993759997654706,0,0.0,
3096,1160,crushing endgame fork short,78,41,c1c7,True,0.5093424864039479,1,0.621597945690155,c1c7,True,0.9714285731315613,4.205580300069414,0,0.0,
3098,1315,advantage deflection fork long middlegame,62,52,a1a8,True,0.4648457111084358,1,-0.04993978887796402,b4a5,False,0.24571429193019867,5.432988899992779,0,0.0,
3100,1087,endgame hangingPiece mate mateIn2 short,92,30,e7f8,True,0.5430819962300185,1,-0.9871381521224976,e7f8,True,0.9814285635948181,0.32669059990439564,0,0.0,
3102,1102,master mate mateIn1 middlegame oneMove,46,37,g6f7,True,0.6994113183318585,1,0.5549527406692505,g6f7,True,0.8785714507102966,0.28006190003361553,0,0.0,
3104,1030,advantage endgame fork short,60,29,e4d6,False,0.2995795289505541,2,0.4907963275909424,e4f6,True,0.9657142758369446,4.410136800026521,0,0.0,
3106,1078,crushing fork middlegame short,55,33,e5g3,True,0.40869559426551866,1,-0.5754246711730957,e5g3,True,0.9785714149475098,4.129303199937567,0,0.0,
3108,1429,mate mateIn1 middlegame oneMove,72,31,e6f7,True,0.9567658525151523,1,0.09569385647773743,e6f7,True,0.9957143068313599,0.0970509999897331,0,0.0,
3110,1416,advantage opening short trappedPiece,16,35,e1g1,False,0.25832830364305304,2,-0.9297311305999756,d2c3,True,0.9628571271896362,5.790174299967475,0,0.0,
3112,1168,crushing fork middlegame short,54,32,g5f3,False,0.08386584250241068,5,-0.41709160804748535,f1c4,True,0.9457142949104309,5.727585599990562,0,0.0,
3114,1374,attraction crushing endgame fork long sacrifice,52,32,d5e7,False,0.018076966353740658,6,0.17506732046604156,d5e7,False,0.0028571428265422583,5.091321000014432,0,0.0,
3116,1334,mate mateIn2 middlegame short,42,44,g5e6,True,0.7477763129847342,1,-0.01432090625166893,g5e6,True,0.9885714054107666,0.30915800004731864,0,0.0,
3118,1439,endgame mate mateIn2 short,79,34,e3g1,True,0.47492006925995817,1,0.6736868619918823,e3g1,True,0.9599999785423279,0.5382480000844225,0,0.0,
3120,1387,advantage discoveredAttack discoveredCheck endgame master short,115,15,f4g2,False,0.001980779721656256,9,-0.13258673250675201,f4d5,False,0.0,4.106970899971202,0,0.0,
3122,1084,kingsideAttack mate mateIn1 middlegame oneMove,46,30,d4g7,True,0.9069167041685333,1,-0.9495343565940857,d4g7,True,0.9942857027053833,0.10154499998316169,0,0.0,
3124,1367,endgame mate mateIn2 operaMate sacrifice short,62,47,d2f2,False,0.0009032765311716219,10,0.05224078893661499,d2g2,False,0.0,5.854891299968585,0,0.0,
3126,1114,advantage fork middlegame short,46,38,e3e4,True,0.897743072777592,1,-0.831372857093811,e3e4,True,0.9942857027053833,4.192027699900791,0,0.0,
3128,1332,endgame mate mateIn2 short,58,37,h1g1,False,0.17549916686770675,3,-0.30229079723358154,h8h7,True,0.9671428799629211,0.494296699995175,0,0.0,
3130,1017,attackingF2F7 mate mateIn1 oneMove opening,18,37,h4e7,False,0.3155972075598346,2,0.36611878871917725,f3f7,True,0.9385714530944824,0.5395266999257728,0,0.0,
3132,1410,endgame hookMate mate mateIn2 short,78,19,e6b6,False,0.22613849186318224,2,-0.25461676716804504,g3g4,True,0.9599999785423279,0.47278760001063347,0,0.0,
3134,1128,kingsideAttack mate mateIn2 middlegame short,47,28,f8f1,True,0.7460216251467146,1,-0.41672027111053467,f8f1,True,0.9828571677207947,0.26094529998954386,0,0.0,
3136,1186,kingsideAttack mate mateIn2 middlegame short triangleMate,54,32,h6h8,True,0.43360384540026364,1,0.6146211624145508,h6h8,True,0.9842857122421265,0.32315439998637885,0,0.0,
3138,1140,mate mateIn2 middlegame short,27,40,c7g3,True,0.9061145905798492,1,-0.22807930409908295,c7g3,True,0.9957143068313599,0.37115650007035583,0,0.0,
3140,1183,mate mateIn2 middlegame short,58,44,d5f7,True,0.743374470457593,1,-0.03850638493895531,d5f7,True,0.9885714054107666,0.3195162999909371,0,0.0,
3142,1354,kingsideAttack long mate mateIn3 middlegame sacrifice,47,53,g6g3,True,0.7637464098288509,1,-0.1479167640209198,g6g3,True,0.991428554058075,1.5096431000856683,0,0.0,
3144,1178,endgame mate mateIn2 short triangleMate,76,31,e1e8,True,0.8232432686252035,1,-0.016312841325998306,e1e8,True,0.9928571581840515,0.37001050007529557,0,0.0,
3146,1040,crushing fork master middlegame short,69,48,e6e2,True,0.8271332935029568,1,-0.3876872658729553,e6e2,True,0.9900000095367432,4.295979500049725,0,0.0,
3148,1261,crushing fork middlegame short,18,28,f2f3,True,0.8814215119868629,1,0.17971168458461761,f2f3,True,0.9942857027053833,4.646289200056344,0,0.0,
3150,1157,endgame mate mateIn2 short,86,22,e7d8,True,0.2654721585585368,1,-0.982261061668396,e7d8,True,0.9785714149475098,0.2382506999420002,0,0.0,
3152,1251,crushing endgame fork short,89,17,g3g2,False,0.33243539044403975,2,-0.13490700721740723,d2c3,True,0.9428571462631226,4.28785500000231,0,0.0,
3154,1366,advantage endgame skewer veryLong,64,34,c1c4,True,0.4464159117589029,1,-0.686465322971344,c1c4,True,0.9814285635948181,5.946414100006223,0,0.0,
3156,1360,advantage deflection master middlegame short,47,28,f7d5,False,0.0004078587047150771,16,-0.3219875991344452,f7d5,False,0.0,5.390284499968402,0,0.0,
3158,1207,endgame mate mateIn1 oneMove,66,36,g4g5,True,0.28802413758016576,1,-0.5655616521835327,g4g5,True,0.9785714149475098,0.27257329993881285,0,0.0,
3160,1143,endgame mate mateIn1 oneMove,60,34,f7h7,False,0.4104789951591466,2,0.9661751389503479,f7h7,False,0.4571428596973419,0.23222969996277243,0,0.0,
3162,1069,mate mateIn1 middlegame oneMove,47,37,f3f5,False,0.30455745406844364,2,-0.8112834692001343,f3h5,True,0.9800000190734863,0.3708647999446839,0,0.0,
3164,1298,endgame mate mateIn2 short,60,37,h7h8,True,0.5007308309243659,1,-0.24045085906982422,h7h8,True,0.9828571677207947,0.46451670001260936,0,0.0,
3166,1389,crushing deflection fork long middlegame,37,35,h4g3,True,0.6531075070233239,1,0.007361955940723419,h4g3,True,0.9885714054107666,2.695377800031565,0,0.0,
3168,1232,crushing deflection endgame short,70,26,f4f6,False,0.2331987352505722,2,-0.4498724639415741,b6b7,True,0.9642857313156128,5.433322700089775,0,0.0,
3170,1036,kingsideAttack mate mateIn1 middlegame oneMove,32,50,d3h7,True,0.9861175309664448,1,0.13258196413516998,d3h7,True,0.9985714554786682,0.061214799992740154,0,0.0,
3172,1158,endgame fork mate mateIn2 short,58,29,d2e1,False,0.34611607889985135,2,-0.5415970087051392,d2h6,True,0.9785714149475098,0.37576059997081757,0,0.0,
3174,1298,endgame mate mateIn1 oneMove queenEndgame,75,35,d5a2,False,0.20689686974383234,2,0.3725246489048004,d5h1,True,0.954285740852356,0.44534169998951256,0,0.0,
3176,1057,endgame hangingPiece master mate mateIn1 oneMove,59,37,d3f1,True,0.7867642475537235,1,-0.9041525721549988,d3f1,True,0.991428554058075,0.19613200007006526,0,0.0,
3178,1009,crushing endgame fork short,117,22,g4e3,True,0.34290984548657405,1,0.020283034071326256,g4e3,True,0.9614285826683044,4.815546400030144,0,0.0,
3180,1286,endgame master mate mateIn1 oneMove,88,23,f7f8,True,0.6567103558543707,1,0.21032047271728516,f7f8,True,0.9871428608894348,0.23289770004339516,0,0.0,
3182,1072,crushing endgame interference short,59,27,a5a4,True,0.570280351515894,1,-0.9464638829231262,a5a4,True,0.9857142567634583,4.651667800033465,0,0.0,
3184,1315,crushing endgame long quietMove skewer,68,24,d3h3,True,0.7198387952615988,1,0.24181155860424042,d3h3,True,0.9857142567634583,2.3386170999147,0,0.0,
3186,1118,endgame mate mateIn1 oneMove,64,46,d8d7,False,0.14421625612040528,2,0.875795841217041,g4d7,True,0.954285740852356,0.5784043000312522,0,0.0,
3188,1232,backRankMate long mate mateIn3 middlegame sacrifice,39,44,c6e4,False,0.0005158763425969877,24,-0.6807134747505188,c6e4,False,0.0,5.313386199995875,0,0.0,
3190,1008,backRankMate endgame mate mateIn2 short,65,15,e8d8,False,0.030722511129727445,6,-0.995924174785614,e8e1,True,0.8614285588264465,0.8942287999670953,0,0.0,
3192,1072,hangingPiece kingsideAttack mate mateIn1 middlegame oneMove,26,32,h5e8,True,0.9901425572211345,1,-0.7555126547813416,h5e8,True,0.9985714554786682,0.05083189997822046,0,0.0,
3194,1050,advantage endgame pin short,70,29,c5c7,True,0.5143278884271669,1,-0.8684667944908142,c5c7,True,0.9842857122421265,4.795802799984813,0,0.0,
3196,1186,crushing deflection endgame short,86,39,e4g6,False,0.06345502629197296,4,0.20540370047092438,e8h8,True,0.9514285922050476,4.052091600024141,0,0.0,
3198,1027,crushing endgame fork long,103,11,d6c5,True,0.3627270000714545,1,-0.5443788170814514,d6c5,True,0.9728571176528931,3.76509190001525,0,0.0,
3200,1256,backRankMate long mate mateIn3 middlegame sacrifice,52,35,a5c7,True,0.5317459558745157,1,0.5141575932502747,a5c7,True,0.9557142853736877,0.8164489000337198,0,0.0,
3202,1043,crushing fork middlegame short,37,28,h5g3,True,0.6477974685351571,1,-0.7384312748908997,h5g3,True,0.9900000095367432,4.39202320005279,0,0.0,
3204,1160,crushing endgame rookEndgame short skewer,115,18,f6e5,False,0.23830550576651247,2,-0.08145853132009506,a1e1,True,0.9814285635948181,4.71684979996644,0,0.0,
3206,1080,endgame mate mateIn1 oneMove rookEndgame,84,16,d5d6,False,0.4150203934396751,2,0.3780212104320526,a7a8,True,0.9528571367263794,0.4554960000095889,0,0.0,
3208,1080,crushing endgame hangingPiece short,57,33,b8b7,False,0.25005604162673994,3,-0.4840675890445709,f5b1,True,0.977142870426178,3.913550600060262,0,0.0,
3210,1083,crushing endgame fork short,97,15,d6b5,True,0.4372044975303388,1,-0.026926793158054352,d6b5,True,0.9728571176528931,4.564701299997978,0,0.0,
3212,1201,endgame mate mateIn1 oneMove,63,33,d5h1,True,0.6602027234908178,1,-0.8896970748901367,d5h1,True,0.9885714054107666,0.23887469992041588,0,0.0,
3214,1216,advantage hangingPiece long opening,19,27,e7e6,True,0.8053403896134425,1,-0.30596983432769775,e7e6,True,0.9928571581840515,4.715582399978302,0,0.0,
3216,1406,endgame long mate mateIn3,91,28,c1h1,True,0.9228822123047139,1,-0.16356922686100006,c1h1,True,0.9957143068313599,0.3854542999761179,0,0.0,
3218,1312,attraction kingsideAttack mate mateIn2 middlegame sacrifice short,40,42,b2c3,False,0.08787367281723113,2,0.6320672631263733,h5h7,True,0.9371428489685059,0.7444025999866426,0,0.0,
3220,1264,endgame mate mateIn2 short,70,35,c7c8,False,0.28191912465364577,2,0.30591365694999695,c5f8,True,0.9628571271896362,0.45009039994329214,0,0.0,
3222,1056,mate mateIn2 middlegame queensideAttack short,55,31,f7f6,False,0.22294601307466413,2,-0.9962646961212158,a6d3,True,0.9800000190734863,0.2604519999586046,0,0.0,
3224,1060,mate mateIn1 middlegame oneMove,36,40,f7g7,True,0.9166710964981325,1,-0.40551647543907166,f7g7,True,0.9957143068313599,0.13913020002655685,0,0.0,
3226,1284,crushing endgame queenEndgame short skewer,78,26,b5a5,False,0.058451255672603064,4,0.061907727271318436,b5b6,False,0.05999999865889549,3.9045625999569893,0,0.0,
3228,1323,advancedPawn advantage deflection endgame promotion rookEndgame short,102,22,d3e2,False,0.00408929802026167,13,-0.9476620554924011,c7h7,False,0.0,4.608286899980158,0,0.0,
3230,1256,endgame mate mateIn2 pin short,66,21,e7f6,True,0.9078736645343715,1,-0.8963708877563477,e7f6,True,0.9928571581840515,0.3066858999663964,0,0.0,
3232,1301,crushing defensiveMove discoveredAttack fork middlegame veryLong,43,40,d5d4,False,0.059229687306678866,6,-0.9981269836425781,e5f3,True,0.9457142949104309,5.378282699966803,0,0.0,
3234,1065,mate mateIn2 middlegame short,76,36,g2e4,True,0.5578850787461161,1,-0.9635241627693176,g2e4,True,0.9842857122421265,0.3241851000348106,0,0.0,
3236,1250,advantage defensiveMove endgame hangingPiece short,50,5,g1f2,True,0.7403409077999804,1,-0.15685471892356873,g1f2,True,0.9828571677207947,3.8944868999533355,0,0.0,
3238,1030,endgame mate mateIn2 short,68,30,e5d5,False,0.3156343209111091,2,-0.90482097864151,e5e8,True,0.9742857217788696,0.417426300002262,0,0.0,
3240,1267,advantage deflection endgame short,59,42,d5c4,False,0.02389825842182114,5,-0.4075041711330414,d1g1,True,0.8128571510314941,6.849746199906804,0,0.0,
3242,1432,crushing middlegame short skewer,61,33,e4f5,False,0.07164481269506298,5,-0.1295577585697174,h2h1,True,0.9485714435577393,5.160111300065182,0,0.0,
3244,1117,kingsideAttack mate mateIn2 middlegame short,34,37,d1h5,True,0.9450783650643981,1,0.8958564400672913,d1h5,True,0.9957143068313599,0.23725910007487983,0,0.0,
3246,1395,discoveredAttack kingsideAttack mate mateIn2 middlegame sacrifice short,26,45,d3c4,False,0.02775464825138311,2,-0.495688796043396,e4f6,True,0.822857141494751,1.083169599995017,0,0.0,
3248,1056,crushing endgame fork short,102,20,f4e2,False,0.04124867790529036,5,-0.041672483086586,f4h5,True,0.8999999761581421,5.754902600077912,0,0.0,
3250,1175,advantage middlegame short trappedPiece,53,41,e7c5,True,0.4096557156304227,1,-0.9476447105407715,e7c5,True,0.9828571677207947,5.528639000025578,0,0.0,
3252,1101,backRankMate endgame long mate mateIn3 sacrifice,51,32,c6c2,True,0.6846826100794953,1,-0.83779376745224,c6c2,True,0.9928571581840515,0.48053770000115037,0,0.0,
3254,1316,advancedPawn advantage endgame exposedKing fork long,56,27,g5e4,False,0.2438444547675879,3,-0.7093036770820618,h6h7,True,0.9757142663002014,4.882173500023782,0,0.0,
3256,1149,mate mateIn2 middlegame short,38,46,d1f3,True,0.8390620238261373,1,-0.043615467846393585,d1f3,True,0.991428554058075,0.24628050008323044,0,0.0,
3258,1061,endgame mate mateIn1 oneMove,91,19,d6d1,True,0.49723330536355864,1,-0.9883671402931213,d6d1,True,0.9842857122421265,0.24635309993755072,0,0.0,
3260,1083,endgame mate mateIn4 sacrifice veryLong,58,28,e3f3,False,0.002720385088241672,20,-0.38697418570518494,g3f3,False,0.0,4.838715099962428,0,0.0,
3262,1197,endgame mate mateIn1 oneMove,56,31,e7e2,True,0.9419554115764563,1,-0.21572647988796234,e7e2,True,0.9971428513526917,0.10871469997800887,0,0.0,
3264,1172,discoveredCheck doubleCheck kingsideAttack mate mateIn1 oneMove opening,28,41,d5f6,True,0.9457020113099499,1,-0.9339830279350281,d5f6,True,0.9957143068313599,0.11378520005382597,0,0.0,
3266,1040,crushing discoveredAttack kingsideAttack middlegame short,33,47,g7g6,False,0.012215202866915114,4,-0.33774900436401367,g7g6,False,0.0014285714132711291,5.427844799938612,0,0.0,
3268,1038,crushing endgame fork short,86,30,f4f1,False,0.4164248559673042,2,-0.756750762462616,f4d6,True,0.9800000190734863,4.97993650007993,0,0.0,
3270,1355,advantage endgame master short trappedPiece,48,28,f4f5,True,0.7119674372558034,1,-0.9002074003219604,f4f5,True,0.9900000095367432,5.523463399964385,0,0.0,
3272,1358,mate mateIn1 oneMove opening,18,47,c1g5,True,0.42503770745077263,1,-0.4892931580543518,c1g5,True,0.9514285922050476,0.3043914999580011,0,0.0,
3274,1037,endgame mate mateIn2 short,67,34,f8f2,True,0.8415848885633529,1,-0.012966345064342022,f8f2,True,0.9928571581840515,0.24555950006470084,0,0.0,
3276,1320,advancedPawn master mate mateIn2 middlegame sacrifice short,55,42,c8d8,False,0.0326461176390494,9,-0.1668393909931183,g6g3,True,0.8257142901420593,2.0714374999515712,0,0.0,
3278,1275,kingsideAttack mate mateIn1 middlegame oneMove,42,31,c7g7,False,0.4325959352531161,2,0.32156285643577576,g3g7,True,0.977142870426178,0.41933410009369254,0,0.0,
3280,1408,endgame mate mateIn2 short,64,33,f5e6,False,0.0628244926447464,5,0.6221393346786499,e1e8,True,0.927142858505249,0.7467133000027388,0,0.0,
3282,1245,advantage endgame fork short,46,27,h1h7,False,0.23662641622962968,2,0.09416263550519943,g5e6,True,0.9742857217788696,6.215138399973512,0,0.0,
3284,1330,kingsideAttack mate mateIn1 oneMove opening,26,44,c7a8,False,0.06514146819829403,3,0.399361789226532,b3f7,True,0.9428571462631226,0.7375364999752492,0,0.0,
3286,1242,mate mateIn2 middlegame short,54,41,f7f8,True,0.9414925068667481,1,0.46395865082740784,f7f8,True,0.9942857027053833,0.19838660000823438,0,0.0,
3288,1417,advantage attraction endgame fork long,62,44,f7g6,True,0.9186407982103308,1,-0.08953234553337097,f7g6,True,0.991428554058075,5.233291600015946,0,0.0,
3290,1390,crushing endgame master masterVsMaster short skewer,110,24,f8g7,False,0.011297886624644884,5,0.7363342642784119,f8c5,False,0.25285714864730835,5.0202424000017345,0,0.0,
3292,1324,mate mateIn1 middlegame oneMove,33,30,f8b4,True,0.5210073080375328,1,-0.9311687350273132,f8b4,True,0.9857142567634583,0.34152140002697706,0,0.0,
3294,1090,endgame mate mateIn1 oneMove,55,42,g2h2,True,0.7012062623447273,1,0.7277664542198181,g2h2,True,0.9871428608894348,0.3410995000740513,0,0.0,
3296,1033,endgame mate mateIn2 queenRookEndgame short,79,15,g6g5,True,0.6802550573839552,1,-0.7705771327018738,g6g5,True,0.9900000095367432,0.5349492999957874,0,0.0,
3298,1333,mate mateIn2 middlegame queensideAttack short,42,40,h2h3,False,0.22415294377171804,2,-0.6224437952041626,e1e8,True,0.9714285731315613,0.49696680007036775,0,0.0,
3300,1172,mate mateIn1 oneMove opening,22,42,e8b5,True,0.5334600311976793,1,0.29070621728897095,e8b5,True,0.9785714149475098,0.26259629998821765,0,0.0,
3302,1059,endgame master mate mateIn1 oneMove operaMate,60,35,a2a4,False,0.22216953280873072,2,0.9378897547721863,a8d8,True,0.8799999952316284,0.6906797999981791,0,0.0,
3304,1186,crushing middlegame short trappedPiece,36,36,f4f5,True,0.580548443035862,1,0.009563890285789967,f4f5,True,0.9742857217788696,4.505338899907656,0,0.0,
3306,1137,crushing endgame fork short,67,20,h6f4,True,0.8684880499017965,1,-0.7797998189926147,h6f4,True,0.9957143068313599,4.160724600078538,0,0.0,
3308,1102,endgame fork mate mateIn2 short,58,36,f3f8,False,0.09401744920967672,2,0.34864625334739685,f3f7,True,0.954285740852356,1.0352055999683216,0,0.0,
3310,1282,crushing discoveredAttack kingsideAttack middlegame short,39,41,d4d3,False,0.02927148208290702,6,-0.6027035713195801,e5f3,True,0.845714271068573,4.385308200027794,0,0.0,
3312,1237,mate mateIn2 middlegame sacrifice short,56,50,f1f8,True,0.24703984749655553,1,-0.9890364408493042,f1f8,True,0.9814285635948181,0.29810999997425824,0,0.0,
3314,1163,advantage endgame master pin short,74,35,a6d6,True,0.48282909258331924,1,-0.9166003465652466,a6d6,True,0.9842857122421265,4.720312100020237,0,0.0,
3316,1179,mate mateIn2 middlegame queensideAttack short,44,36,b3b4,False,0.06936461355275138,4,-0.945961594581604,f2a7,True,0.9571428298950195,0.6872917999280617,0,0.0,
3318,1027,endgame mate mateIn1 oneMove,73,25,f3h1,True,0.8970394417868982,1,-0.8847113847732544,f3h1,True,0.9928571581840515,0.16597930004354566,0,0.0,
3320,1268,crushing deflection endgame veryLong,50,35,d1h1,True,0.35110993829504694,1,-0.29189473390579224,d1h1,True,0.9700000286102295,4.450273400056176,0,0.0,
3322,1071,advantage middlegame pin short,53,34,c6d4,True,0.35496889573222007,1,-0.9983303546905518,c6d4,True,0.9742857217788696,7.336960000102408,0,0.0,
3324,1125,endgame mate mateIn2 short,54,30,a4a8,True,0.8527956222002413,1,-0.5437965989112854,a4a8,True,0.9928571581840515,0.29950630001258105,0,0.0,
3326,1081,mate mateIn2 middlegame queensideAttack short,48,35,c2c7,True,0.9823991603040977,1,-0.6854657530784607,c2c7,True,0.9985714554786682,0.3293238999322057,0,0.0,
3328,1448,advantage attraction deflection long middlegame,46,33,f1e1,False,0.09715145075509828,4,-0.9205529093742371,d1d7,True,0.9599999785423279,5.0687831999966875,0,0.0,
3330,1225,endgame mate mateIn2 queensideAttack short,74,19,e7e8,True,0.4022312133357149,1,-0.7371257543563843,e7e8,True,0.9814285635948181,0.30223509995266795,0,0.0,
3332,1097,crushing fork opening short,18,34,f1d3,False,0.0026885436431425638,10,0.15105029940605164,f1d3,False,0.0,4.551790099940263,0,0.0,
3334,1275,crushing discoveredAttack endgame short,51,23,f6e5,True,0.5068999904143175,1,-0.2675331234931946,f6e5,True,0.9728571176528931,8.569205000065267,0,0.0,
3336,1186,endgame mate mateIn2 short,92,27,b8f4,True,0.5742740776928507,1,-0.46375977993011475,b8f4,True,0.9828571677207947,0.35982559993863106,0,0.0,
3338,1159,endgame long mate mateIn3 rookEndgame,72,23,g5g6,True,0.312461709192947,1,-0.2999327778816223,g5g6,True,0.9742857217788696,0.5598027999512851,0,0.0,
3340,1180,crushing endgame queenEndgame short skewer,78,28,d5a5,False,0.033067828201301476,4,0.010899677872657776,d5d8,True,0.8614285588264465,4.557069700094871,0,0.0,
3342,1409,endgame mate mateIn2 short,74,28,g8h7,True,0.3801520382830159,1,-0.5868445634841919,g8h7,True,0.9742857217788696,0.3849432999268174,0,0.0,
3344,1169,crushing endgame fork short,61,35,g5f4,False,0.32234109176760767,2,-0.8438353538513184,g5d2,True,0.9557142853736877,5.484602399985306,0,0.0,
3346,1270,advantage deflection endgame pin short,58,43,b1c1,False,0.24372495900262525,2,-0.3803389072418213,f5h6,True,0.9728571176528931,3.851223799982108,0,0.0,
3348,1424,crushing hangingPiece master middlegame short,59,38,d8d5,False,0.2043746097885189,3,0.8434699177742004,f5b1,True,0.949999988079071,3.958758599939756,0,0.0,
3350,1035,kingsideAttack mate mateIn2 middlegame pillsburysMate short,49,38,d8e8,False,0.02053071472848666,3,0.21096102893352509,d8d1,True,0.7142857313156128,1.5790647000540048,0,0.0,
3352,1007,mate mateIn2 middlegame short,71,45,d4f2,True,0.6679613388310369,1,-0.837706983089447,d4f2,True,0.991428554058075,0.30692480003926903,0,0.0,
3354,1385,attraction endgame kingsideAttack long mate mateIn3 sacrifice,51,32,h5g6,False,0.0006605556317846181,25,0.33734339475631714,h5h6,False,0.0,5.100019500008784,0,0.0,
3356,1200,crushing endgame fork short,76,28,f2e4,True,0.49930663825079274,1,-0.2715345323085785,f2e4,True,0.9785714149475098,3.982362400041893,0,0.0,
3358,1052,endgame mate mateIn2 short,62,27,e4h7,True,0.9844567423681054,1,-0.1090179905295372,e4h7,True,0.9971428513526917,0.6377842000219971,0,0.0,
3360,1237,mate mateIn2 middlegame short,26,41,a3a4,True,0.4465447628030957,1,-0.8671389818191528,a3a4,True,0.9871428608894348,0.21654399996623397,0,0.0,
3362,1061,advantage fork opening short,13,26,d8d4,True,0.936908348748,1,-0.6240695714950562,d8d4,True,0.9942857027053833,4.464315199991688,0,0.0,
3364,1071,mate mateIn1 middlegame oneMove,56,33,d5f4,False,0.1917001764106336,2,-0.5076614618301392,d5e7,True,0.9728571176528931,0.28278119990136474,0,0.0,
3366,1374,endgame mate mateIn1 oneMove,90,26,g5g8,True,0.9667557342034669,1,0.3464823067188263,g5g8,True,0.9971428513526917,0.11606739996932447,0,0.0,
3368,1151,deflection endgame mate mateIn2 short,71,34,f6d4,True,0.8857628593710052,1,0.11843304336071014,f6d4,True,0.9957143068313599,0.18477190006524324,0,0.0,
3370,1258,crushing fork middlegame short,64,32,g5e6,True,0.44060378829372304,1,-0.4473227560520172,g5e6,True,0.9842857122421265,4.08446639997419,0,0.0,
3372,1282,endgame mate mateIn1 oneMove pin,73,29,e3a3,False,0.17610898036947575,3,-0.020267285406589508,e3h3,True,0.9700000286102295,0.28499240009114146,0,0.0,
3374,1114,advantage discoveredAttack middlegame short,30,31,f3d4,True,0.8113344604658379,1,-0.39860233664512634,f3d4,True,0.991428554058075,6.811554600019008,0,0.0,
3376,1375,endgame long mate mateIn3 rookEndgame,86,14,h5g6,True,0.6724722737564215,1,-0.13536900281906128,h5g6,True,0.9842857122421265,0.8562250999966636,0,0.0,
3378,1065,crushing endgame rookEndgame short skewer,125,16,g7g5,True,0.3733619525070403,1,0.033605922013521194,g7g5,True,0.9657142758369446,4.306595299975015,0,0.0,
3380,1415,mate mateIn1 middlegame oneMove pin,30,37,a2a3,False,0.1890201206128952,3,0.2710610032081604,c3b5,True,0.954285740852356,0.41248379996977746,0,0.0,
3382,1264,endgame exposedKing long mate mateIn3,73,27,b1g1,True,0.39675563083249216,1,-0.9623377919197083,b1g1,True,0.9785714149475098,0.4612236999673769,0,0.0,
3384,1077,advancedPawn crushing endgame long promotion rookEndgame sacrifice,84,17,b4g4,False,0.14313673481450984,2,0.01950174942612648,b5b6,True,0.7342857122421265,6.3020844999700785,0,0.0,
3386,1188,advantage middlegame short skewer,57,35,d5h1,True,0.8963302479012809,1,-0.3744424879550934,d5h1,True,0.9942857027053833,5.6150026000104845,0,0.0,
3388,1035,crushing endgame rookEndgame short skewer,105,22,f1f4,True,0.38497453450679603,1,-0.802440345287323,f1f4,True,0.9814285635948181,4.921769200009294,0,0.0,
3390,1112,advancedPawn crushing discoveredAttack endgame short,92,12,f6g6,False,0.02429970612449414,7,-0.40574967861175537,c6c7,True,0.7814285755157471,5.156523499987088,0,0.0,
3392,1192,advantage capturingDefender endgame exposedKing fork long,40,34,g1g5,True,0.718922555248084,1,-0.460903137922287,g1g5,True,0.9900000095367432,4.738828900037333,0,0.0,
3394,1387,clearance kingsideAttack long mate mateIn3 middlegame sacrifice,66,35,h4f4,False,0.03664576408977133,4,-0.518915593624115,h4h8,True,0.8928571343421936,1.0454371999949217,0,0.0,
3396,1107,mate mateIn1 oneMove opening,19,53,h4h3,True,0.6039701284125136,1,0.813461184501648,h4h3,True,0.9785714149475098,0.34050270006991923,0,0.0,
3398,1005,mate mateIn1 middlegame oneMove,37,41,d8d2,True,0.7889472619454774,1,0.2810671031475067,d8d2,True,0.9900000095367432,0.17408920009620488,0,0.0,
3400,1189,crushing deflection fork middlegame sacrifice veryLong,47,36,g7g4,False,0.29088253164500333,2,-0.04162701219320297,g7g3,True,0.9685714244842529,2.022923299926333,0,0.0,
3402,1053,mate mateIn2 middlegame short,54,34,f1f8,True,0.7040060674449118,1,0.3349030613899231,f1f8,True,0.9900000095367432,0.342265099985525,0,0.0,
3404,1115,mate mateIn1 middlegame oneMove,59,35,e5h5,True,0.8987978047540702,1,0.42841145396232605,e5h5,True,0.9971428513526917,0.09875560004729778,0,0.0,
3406,1335,advantage endgame long pin,60,44,h5h6,True,0.36318254493684426,1,-0.27638381719589233,h5h6,True,0.9128571152687073,4.664644600008614,0,0.0,
3408,1331,backRankMate fork master mate mateIn2 opening short,24,40,b5c7,True,0.9891646099141809,1,-0.6639604568481445,b5c7,True,0.9985714554786682,0.1522550000809133,0,0.0,
3410,1318,advantage endgame rookEndgame short skewer,95,23,b2f2,True,0.604145113094815,1,0.022686108946800232,b2f2,True,0.9871428608894348,4.064553300035186,0,0.0,
3412,1152,mate mateIn1 middlegame morphysMate oneMove,26,39,c3b4,True,0.6428874686309813,1,0.7135459780693054,c3b4,True,0.9571428298950195,0.2593109000008553,0,0.0,
3414,1446,crushing endgame long pin,56,38,f2e3,False,0.2612461312365554,2,0.5609284043312073,d8f6,True,0.9557142853736877,5.416976600070484,0,0.0,
3416,1226,mate mateIn1 middlegame oneMove,54,36,h5h7,False,0.24714044093447826,2,-0.668536365032196,h5h8,True,0.9742857217788696,0.34710679994896054,0,0.0,
3418,1027,master mate mateIn1 middlegame oneMove,60,42,h5h7,True,0.4836245895548381,1,0.6832497119903564,h5h7,True,0.9800000190734863,0.3050679999869317,0,0.0,
3420,1009,endgame master mate mateIn1 oneMove,64,28,f5h7,True,0.9436923927054719,1,-0.07617374509572983,f5h7,True,0.9957143068313599,0.10713100002612919,0,0.0,
3422,1070,advantage attraction deflection endgame long,61,26,f5e4,True,0.722836394569154,1,-0.6684936285018921,f5e4,True,0.9885714054107666,4.093555900035426,0,0.0,
3424,1375,advantage capturingDefender endgame long pin,66,21,a1e1,True,0.65798013561276,1,-0.9481304883956909,a1e1,True,0.9871428608894348,5.853334899991751,0,0.0,
3426,1148,attackingF2F7 mate mateIn1 middlegame oneMove,34,33,b3f7,True,0.9518768270293501,1,0.8859871625900269,b3f7,True,0.9971428513526917,0.10441760008689016,0,0.0,
3428,1396,deflection mate mateIn4 middlegame veryLong,41,42,e6h3,False,0.19344446154518707,2,-0.9715291857719421,c7c1,True,0.9171428680419922,1.1861535999923944,0,0.0,
3430,1220,kingsideAttack mate mateIn2 middlegame short,53,38,g3h3,True,0.5425282780544354,1,0.8638664484024048,g3h3,True,0.9800000190734863,0.39803879999089986,0,0.0,
3432,1110,crushing endgame fork short,61,23,e4d2,True,0.2943926357449358,1,0.10740344971418381,e4d2,True,0.9642857313156128,3.9997004000470042,0,0.0,
3434,1441,endgame mate mateIn2 operaMate short,47,28,c3d4,False,0.116724527316502,4,-0.41367191076278687,d2d1,True,0.6800000071525574,2.0824284999398515,0,0.0,
3436,1252,endgame mate mateIn1 oneMove rookEndgame,116,15,c7c2,False,0.2808536513147504,2,0.22371552884578705,c7c8,True,0.9457142949104309,0.4777282999129966,0,0.0,
3438,1389,endgame mate mateIn2 queenEndgame short,141,30,e5b8,True,0.7769196833223215,1,-0.39598748087882996,e5b8,True,0.9900000095367432,0.28229170001577586,0,0.0,
3440,1078,crushing endgame fork short,56,33,f3f5,True,0.3086008944289668,1,-0.25659260153770447,f3f5,True,0.9700000286102295,4.062732600024901,0,0.0,
3442,1206,endgame mate mateIn2 short,62,27,a5d8,True,0.9051584643829349,1,-0.2516900300979614,a5d8,True,0.9928571581840515,0.23160339996684343,0,0.0,
3444,1392,crushing deflection endgame long master rookEndgame,70,28,c8c5,False,0.08905293963467197,3,-0.6313216090202332,c8c5,False,0.011428571306169033,6.86861610005144,0,0.0,
3446,1309,crushing fork middlegame short,29,33,d8d4,True,0.5242809702970256,1,-0.1033032089471817,d8d4,True,0.9757142663002014,3.7815595000283793,0,0.0,
3448,1384,crushing hangingPiece long middlegame,49,27,e8e1,True,0.6195883860053489,1,0.1435684859752655,e8e1,True,0.9900000095367432,4.376519599929452,0,0.0,
3450,1174,mate mateIn1 oneMove opening,14,37,d5f6,True,0.7600418195464163,1,-0.13868241012096405,d5f6,True,0.9900000095367432,0.17635289998725057,0,0.0,
3452,1146,advantage attraction kingsideAttack long opening sacrifice,20,35,d3h7,True,0.7821201057806991,1,0.09497532993555069,d3h7,True,0.9857142567634583,4.447365700034425,0,0.0,
3454,1289,kingsideAttack mate mateIn1 middlegame oneMove,40,42,h6h7,True,0.8824731612799535,1,0.9183009266853333,h6h7,True,0.9928571581840515,0.18839980009943247,0,0.0,
3456,1447,advantage discoveredAttack intermezzo long middlegame,48,28,c2g6,True,0.9910213364880485,1,-0.23273923993110657,c2g6,True,0.9985714554786682,6.773565000039525,0,0.0,
3458,1099,crushing endgame fork short,63,32,e4f2,True,0.5877927855232274,1,-0.6412168145179749,e4f2,True,0.9885714054107666,4.226906499941833,0,0.0,
3460,1010,advantage fork long middlegame,52,33,d1d8,True,0.8440885234814324,1,-0.7043603658676147,d1d8,True,0.9957143068313599,4.66869650001172,0,0.0,
3462,1364,advantage fork master middlegame short,40,44,f5e4,False,0.04519385421028738,4,-0.550081193447113,f4e6,True,0.904285728931427,6.890514399972744,0,0.0,
3464,1265,kingsideAttack mate mateIn2 middlegame short,64,41,f7g7,True,0.6414808572722616,1,0.06356025487184525,f7g7,True,0.9871428608894348,0.3803516000043601,0,0.0,
3466,1015,crushing defensiveMove endgame hangingPiece master short,78,31,d6e8,True,0.912683915182714,1,0.4082357883453369,d6e8,True,0.9957143068313599,7.138226600014605,0,0.0,
3468,1169,crushing deflection middlegame short skewer,60,37,g3f4,False,0.27893078377873176,2,0.21933721005916595,d5a8,True,0.9614285826683044,4.675985099980608,0,0.0,
3470,1145,blindSwineMate endgame mate mateIn1 oneMove,64,28,f7f8,False,0.33940950252089785,2,0.37962812185287476,b8f8,True,0.9614285826683044,0.4638144000200555,0,0.0,
3472,1334,endgame mate mateIn1 oneMove rookEndgame,156,9,g7g8,False,0.038380603769356196,2,0.976641833782196,g7g8,False,0.03857142850756645,0.05972829996608198,0,0.0,
3474,1437,attraction endgame mate mateIn2 sacrifice short,53,45,c8c7,False,0.022105471102535534,8,-0.3082418143749237,c2h2,True,0.7442857027053833,1.8888412000378594,0,0.0,
3476,1301,discoveredAttack discoveredCheck mate mateIn2 middlegame queensideAttack short,38,28,b5c3,False,0.07986294765798976,4,-0.5187281370162964,b5d6,True,0.9585714340209961,0.8023696000454947,0,0.0,
3478,1154,mate mateIn2 middlegame operaMate short,39,37,e5h5,True,0.8776653208788124,1,-0.3197483718395233,e5h5,True,0.9957143068313599,0.2949700999306515,0,0.0,
3480,1030,attraction kingsideAttack mate mateIn2 middlegame sacrifice short,34,43,h4h5,False,0.03169503810148877,3,-0.6578325629234314,h4h7,True,0.8614285588264465,1.0140477999811992,0,0.0,
3482,1231,crushing middlegame short skewer,45,38,h1g2,False,0.237216568460724,2,0.4127010405063629,h1h4,True,0.9085714221000671,4.313228000071831,0,0.0,
3484,1061,advantage hangingPiece middlegame short,27,47,h8h4,True,0.9281392933637295,1,-0.09359700977802277,h8h4,True,0.9942857027053833,5.855979899992235,0,0.0,
3486,1266,crushing master middlegame pin short,38,54,d5f5,False,0.01586987211192141,4,0.6427915096282959,e2g4,True,0.427142858505249,5.783821300021373,0,0.0,
3488,1012,advantage fork middlegame short,50,30,g5f7,True,0.7453028700612445,1,-0.4515265226364136,g5f7,True,0.9900000095367432,5.109366099932231,0,0.0,
3490,1145,mate mateIn1 oneMove opening,20,45,h5f7,True,0.4849672031254908,1,0.7364870309829712,h5f7,True,0.9557142853736877,0.42534399998839945,0,0.0,
3492,1392,endgame mate mateIn2 short,47,41,f6f2,True,0.7718349028390521,1,0.31340959668159485,f6f2,True,0.9871428608894348,0.3238062000600621,0,0.0,
3494,1019,crushing discoveredAttack opening short,19,38,d6c5,True,0.7534981591013331,1,-0.18791911005973816,d6c5,True,0.9885714054107666,4.308786700014025,0,0.0,
3496,1160,endgame master mate mateIn1 oneMove,85,40,a6a2,False,0.4149783672121111,2,-0.5800051689147949,d5a2,True,0.9814285635948181,0.26300749997608364,0,0.0,
3498,1113,mate mateIn2 middlegame operaMate sacrifice short,40,39,e2f3,False,0.03423808587520178,3,-0.2877786159515381,e2f3,False,0.0028571428265422583,5.095143000013195,0,0.0,
3500,1051,crushing fork middlegame short,23,32,c8b7,False,0.03674948395763673,4,-0.1032993420958519,c7c5,True,0.8828571438789368,4.343393199960701,0,0.0,
3502,1152,endgame master mate mateIn1 oneMove,50,25,g5g7,False,0.07594893494029979,2,-0.8205690383911133,g5h5,True,0.9614285826683044,0.4691625999985263,0,0.0,
3504,1295,endgame master masterVsMaster mate mateIn1 oneMove,86,34,e8f8,False,0.4100559623663181,2,0.09687243402004242,e8h8,True,0.9685714244842529,0.3848678999347612,0,0.0,
3506,1177,advantage discoveredAttack master middlegame short,38,43,d4g7,True,0.8116404226796378,1,-0.038677114993333817,d4g7,True,0.9900000095367432,4.926470899954438,0,0.0,
3508,1116,master masterVsMaster mate mateIn1 middlegame oneMove,72,37,d4g7,True,0.9665799433090076,1,0.553334653377533,d4g7,True,0.9971428513526917,0.11029270000290126,0,0.0,
3510,1064,advancedPawn mate mateIn2 middlegame promotion short,30,32,d2d8,True,0.5511732269279016,1,-0.04349921643733978,d2d8,True,0.9814285635948181,0.2999773999908939,0,0.0,
3512,1133,crushing kingsideAttack middlegame sacrifice short,35,40,f6g4,False,0.02188087407576998,3,-0.17405904829502106,f6g4,False,0.0028571428265422583,4.091698599979281,0,0.0,
3514,1316,mate mateIn1 middlegame oneMove,42,48,b7c7,True,0.972949128867042,1,0.8536807894706726,b7c7,True,0.9971428513526917,0.10444149991963059,0,0.0,
3516,1129,kingsideAttack long mate mateIn3 middlegame,48,40,e1e8,True,0.9553110505905849,1,-0.13913361728191376,e1e8,True,0.9957143068313599,0.3399930000305176,0,0.0,
3518,1428,endgame mate mateIn2 queenEndgame short swallowstailMate,80,25,f8f4,True,0.3746229269693911,1,-0.30387580394744873,f8f4,True,0.9742857217788696,0.37961790000554174,0,0.0,
3520,1447,advantage endgame fork long,72,36,g3h4,False,0.050254076151003337,7,0.03806142508983612,f5g7,True,0.6100000143051147,3.948609899962321,0,0.0,
3522,1149,advantage fork middlegame short,39,34,g5c5,True,0.818536827346183,1,-0.9578112363815308,g5c5,True,0.9942857027053833,5.193074899958447,0,0.0,
3524,1301,crushing fork middlegame short,55,29,h4g3,True,0.9086517667283273,1,0.021847741678357124,h4g3,True,0.9957143068313599,4.1992852000985295,0,0.0,
3526,1235,crushing endgame fork long,65,36,e6b6,False,0.09947555462150058,2,-0.2883928120136261,f6a1,True,0.9671428799629211,4.200921299983747,0,0.0,
3528,1016,crushing endgame hangingPiece short,87,16,h1d1,True,0.9929460772534963,1,-0.5567699074745178,h1d1,True,0.9985714554786682,5.071524300030433,0,0.0,
3530,1171,mate mateIn2 middlegame operaMate queensideAttack sacrifice short,39,50,c8a8,False,0.08088364299851541,4,-0.8805842399597168,c3c1,True,0.9642857313156128,0.3844140999717638,0,0.0,
3532,1003,advancedPawn crushing endgame hangingPiece master masterVsMaster short,114,4,h7g6,True,0.8376424452258561,1,0.07184606790542603,h7g6,True,0.991428554058075,3.9563629999756813,0,0.0,
3534,1253,advantage middlegame short trappedPiece,36,37,g1h1,True,0.3405403823372343,1,-0.9180898666381836,g1h1,True,0.9742857217788696,6.025877199950628,0,0.0,
3536,1419,endgame mate mateIn2 pin short,71,28,f3d1,False,0.14745106256943705,3,-0.11504755914211273,f5e3,True,0.9685714244842529,0.44551409990526736,0,0.0,
3538,1036,attackingF2F7 mate mateIn1 middlegame oneMove,32,44,d5f7,True,0.9773533088748854,1,0.9644903540611267,d5f7,True,0.9971428513526917,0.09004819998517632,0,0.0,
3540,1126,discoveredAttack kingsideAttack long mate mateIn3 middlegame pillsburysMate,32,43,e1a1,False,0.01248627013845259,10,-0.9045175313949585,e1a1,False,0.0028571428265422583,5.280644900049083,0,0.0,
3542,1090,deflection discoveredAttack discoveredCheck doubleCheck kingsideAttack mate mateIn2 middlegame pin short,51,35,f2h3,True,0.5995222203342141,1,0.39974525570869446,f2h3,True,0.9842857122421265,0.29797970002982765,0,0.0,
3544,1397,endgame mate mateIn4 sacrifice veryLong,41,42,d8b8,False,9.142770638764533e-05,37,0.05685671046376228,h7h6,False,0.0,5.449196700006723,0,0.0,
3546,1261,clearance crushing discoveredAttack discoveredCheck endgame long pin,59,20,f7g7,False,0.3029186458057513,2,-0.14084511995315552,e5e4,True,0.9685714244842529,3.9730635000159964,0,0.0,
3548,1357,advancedPawn advantage endgame promotion sacrifice veryLong,115,15,c4c3,True,0.7077342252753175,1,-0.08087202906608582,c4c3,True,0.9842857122421265,5.863021899946034,0,0.0,
3550,1014,mate mateIn2 middlegame queensideAttack short,40,43,b5a6,True,0.5947111299066293,1,-0.2335750162601471,b5a6,True,0.9814285635948181,0.37922459992114455,0,0.0,
3552,1114,fork mate mateIn2 middlegame short,39,35,d3c3,True,0.9788410498222939,1,-0.24295440316200256,d3c3,True,0.9985714554786682,0.15158689999952912,0,0.0,
3554,1328,advantage endgame fork long,52,33,d1d8,True,0.7986778620908909,1,-0.3238997459411621,d1d8,True,0.991428554058075,4.497059699962847,0,0.0,
3556,1086,endgame kingsideAttack mate mateIn2 short,66,28,h6h7,True,0.4860070995253974,1,0.968580424785614,h6h7,True,0.9728571176528931,0.4633130000438541,0,0.0,
3558,1139,advantage endgame fork short,66,38,d5e5,True,0.7676369095381576,1,-0.9798148274421692,d5e5,True,0.9900000095367432,4.620809699990787,0,0.0,
3560,1409,crushing discoveredAttack long middlegame,27,47,g4f6,False,0.006936404422487437,6,-0.5202860236167908,g4f6,False,0.0,4.999337200075388,0,0.0,
3562,1011,advantage clearance middlegame pin short,64,44,e7f7,True,0.3637123945134931,1,-0.4460781216621399,e7f7,True,0.9728571176528931,4.8405739000299945,0,0.0,
3564,1024,backRankMate endgame long mate mateIn3 sacrifice,62,24,f3f7,True,0.9091610419839983,1,-0.47596660256385803,f3f7,True,0.9957143068313599,0.4622106000315398,0,0.0,
3566,1001,crushing endgame fork short,90,14,d4c6,False,0.15600758396428943,2,-0.28961077332496643,d4f5,True,0.9571428298950195,5.045389299979433,0,0.0,
3568,1279,defensiveMove endgame long mate mateIn3 rookEndgame,64,3,g5g6,True,0.7398499289638787,1,-0.5128577351570129,g5g6,True,0.9928571581840515,0.904861000017263,0,0.0,
3570,1120,advantage fork middlegame short,34,31,d2d5,True,0.8788786226428293,1,-0.04543217271566391,d2d5,True,0.9957143068313599,4.526657300069928,0,0.0,
3572,1023,crushing endgame fork master short,94,44,e5f7,True,0.6619221977773161,1,0.19013239443302155,e5f7,True,0.9814285635948181,4.157173000043258,0,0.0,
3574,1122,endgame mate mateIn2 short,69,20,g1f2,True,0.5214020506200336,1,-0.994905948638916,g1f2,True,0.9814285635948181,0.34341750002931803,0,0.0,
3576,1180,mate mateIn1 oneMove opening,15,31,b2c1,True,0.8207578927519033,1,-0.7856457233428955,b2c1,True,0.9928571581840515,0.1883318000473082,0,0.0,
3578,1111,advantage endgame knightEndgame sacrifice short,102,10,c1e2,True,0.6120860629621951,1,-0.6800076961517334,c1e2,True,0.9885714054107666,6.42533680004999,0,0.0,
3580,1100,kingsideAttack mate mateIn1 middlegame oneMove,35,31,c7h2,True,0.9804882120737709,1,0.43865570425987244,c7h2,True,0.9985714554786682,0.04705140006262809,0,0.0,
3582,1415,advantage exposedKing fork long middlegame,44,39,f6e5,False,0.13501923047379427,3,-0.10407557338476181,h4h8,True,0.9614285826683044,5.327122800052166,0,0.0,
3584,1317,endgame mate mateIn1 oneMove,89,30,e1h1,True,0.9473238035466947,1,-0.5070095658302307,e1h1,True,0.9957143068313599,0.08719949994701892,0,0.0,
3586,1043,advantage endgame hangingPiece short,82,31,b3d4,True,0.7666519530960667,1,-0.579731822013855,b3d4,True,0.991428554058075,5.627466700039804,0,0.0,
3588,1295,endgame mate mateIn2 short vukovicMate,59,27,f2g2,False,0.36344810164688685,2,-0.968229353427887,h5g3,True,0.9785714149475098,0.2959033999359235,0,0.0,
3590,1243,kingsideAttack mate mateIn1 middlegame oneMove,35,45,d5g2,True,0.8199850472610504,1,0.715046226978302,d5g2,True,0.991428554058075,0.1988495000405237,0,0.0,
3592,1290,endgame mate mateIn1 oneMove,81,28,f4c4,False,0.11032401815933812,2,-0.20117667317390442,e2f1,True,0.9599999785423279,0.5036168000660837,0,0.0,
3594,1077,cornerMate kingsideAttack master mate mateIn1 middlegame oneMove,52,41,d6f7,True,0.6716100824376281,1,0.10749846696853638,d6f7,True,0.9871428608894348,0.20521899999585003,0,0.0,
3596,1220,crushing endgame fork short,69,43,d4f2,True,0.8702972961977837,1,-0.7955583930015564,d4f2,True,0.9957143068313599,3.5510098000522703,0,0.0,
3598,1243,advantage discoveredCheck doubleCheck master middlegame short,28,44,h4h5,True,0.783093065756293,1,0.12464487552642822,h4h5,True,0.9585714340209961,5.631817799992859,0,0.0,
3600,1058,attackingF2F7 mate mateIn1 middlegame oneMove,32,43,f3f7,True,0.7734895771326226,1,0.04175654426217079,f3f7,True,0.9885714054107666,0.2104380999226123,0,0.0,
3602,1019,master mate mateIn1 middlegame oneMove queensideAttack,31,40,c7c2,True,0.8372358784676448,1,-0.2682773172855377,c7c2,True,0.9928571581840515,0.21074490004684776,0,0.0,
3604,1070,epauletteMate mate mateIn1 middlegame oneMove,38,53,g1g7,True,0.6901034220333564,1,-0.8149953484535217,g1g7,True,0.9942857027053833,0.12519650009926409,0,0.0,
3606,1165,endgame mate mateIn2 short,62,33,a2f7,True,0.8319882257156254,1,-0.10238730162382126,a2f7,True,0.9900000095367432,0.48214350000489503,0,0.0,
3608,1012,endgame master mate mateIn1 oneMove,78,25,b5b7,True,0.6067460747762424,1,0.6500668525695801,b5b7,True,0.9800000190734863,0.2844211000483483,0,0.0,
3610,1137,endgame long mate mateIn3 operaMate,53,28,d8d1,True,0.7737649102982141,1,-0.777374267578125,d8d1,True,0.991428554058075,0.4640935999341309,0,0.0,
3612,1031,kingsideAttack master mate mateIn1 middlegame oneMove,55,35,d5g2,True,0.5486516368453304,1,0.7532774209976196,d5g2,True,0.9700000286102295,0.4380263000493869,0,0.0,
3614,1202,fork long mate mateIn3 middlegame pin,62,37,g3e5,False,0.44933436334578825,2,0.23504623770713806,e1e8,True,0.9800000190734863,0.9994776000967249,0,0.0,
3616,1177,endgame mate mateIn1 oneMove,65,21,d4f5,True,0.5284374309989007,1,-0.9734228849411011,d4f5,True,0.9871428608894348,0.21602579997852445,0,0.0,
3618,1128,endgame mate mateIn1 oneMove,49,27,d8g8,True,0.780878718029638,1,-0.8911314606666565,d8g8,True,0.9928571581840515,0.19365979998838156,0,0.0,
3620,1199,crushing fork long middlegame,43,37,a8c6,False,0.04890278990754985,7,-0.8249351978302002,g5f3,True,0.9242857098579407,4.715725599904545,0,0.0,
3622,1348,advantage attackingF2F7 deflection opening short,14,49,d1d8,False,0.1484327778636734,3,0.011511169373989105,c4f7,True,0.9714285731315613,4.099999999976717,0,0.0,
3624,1128,master mate mateIn1 middlegame oneMove,46,35,g4g7,True,0.9467584146969902,1,0.9217621088027954,g4g7,True,0.9942857027053833,0.13405969995073974,0,0.0,
3626,1010,advantage discoveredAttack endgame short,49,19,e8e7,False,0.11925454345524862,4,-0.9937759041786194,d8b6,True,0.9728571176528931,4.418870599940419,0,0.0,
3628,1405,advantage long master middlegame skewer,45,36,b4b2,False,0.17134397344955957,2,0.4761851131916046,f6c3,True,0.9714285731315613,4.301428299979307,0,0.0,
3630,1102,attraction mate mateIn4 middlegame pillsburysMate sacrifice veryLong,41,39,d8d3,False,0.080038821824774,2,-0.9821155071258545,h8h2,True,0.9614285826683044,0.6728039000881836,0,0.0,
3632,1345,advantage deflection endgame short,73,41,d3d1,False,0.02317768143945748,4,-0.8724079132080078,a1f1,True,0.7742857336997986,4.764022600022145,0,0.0,
3634,1274,advantage hangingPiece intermezzo master middlegame short,35,33,d4e3,True,0.6312487166686337,1,-0.4573056101799011,d4e3,True,0.9885714054107666,5.089183300035074,0,0.0,
3636,1062,kingsideAttack master mate mateIn1 middlegame oneMove,45,40,d6h2,True,0.8364582269396237,1,0.5384196043014526,d6h2,True,0.991428554058075,0.19709459994919598,0,0.0,
3638,1133,backRankMate endgame long mate mateIn3,65,16,b3b1,True,0.37832183833928223,1,-0.9795969128608704,b3b1,True,0.9800000190734863,0.4137263000011444,0,0.0,
3640,1036,backRankMate endgame mate mateIn2 sacrifice short,95,42,c2c1,True,0.7074964654824725,1,-0.30908894538879395,c2c1,True,0.9900000095367432,0.2940720000769943,0,0.0,
3642,1209,mate mateIn2 middlegame short,60,40,c7d8,True,0.9238758350942797,1,-0.2860061824321747,c7d8,True,0.9957143068313599,0.19346050010062754,0,0.0,
3644,1037,advantage discoveredAttack master middlegame short,50,34,c6e7,True,0.4067939547959862,1,-0.06350183486938477,c6e7,True,0.9757142663002014,4.547647999948822,0,0.0,
3646,1429,endgame mate mateIn4 sacrifice veryLong,53,47,a2b2,False,0.0010154105731791287,14,-0.5165404677391052,a2a8,False,0.0,5.463284700061195,0,0.0,
3648,1011,advantage hangingPiece long middlegame,28,33,d3f5,True,0.7434485753088443,1,-0.0132307643070817,d3f5,True,0.9857142567634583,5.91337049996946,0,0.0,
3650,1040,endgame mate mateIn1 morphysMate oneMove,80,30,a6d6,False,0.3764772470292074,2,0.10950393974781036,c5e7,True,0.9671428799629211,0.2968637999147177,0,0.0,
3652,1405,endgame mate mateIn2 short,67,29,g7g6,False,0.15258750392405357,3,-0.5074375867843628,h2h1,True,0.9728571176528931,0.33171430008951575,0,0.0,
3654,1442,crushing endgame fork long,46,37,g5f3,False,0.024095582110418307,5,0.32601454854011536,e4c4,True,0.7842857241630554,5.207537499954924,0,0.0,
3656,1207,advantage fork opening short,21,42,d8a5,True,0.19828420053451506,1,-0.14586083590984344,d8a5,True,0.9557142853736877,5.907378599978983,0,0.0,
3658,1289,crushing endgame fork short,95,21,e7f5,False,0.09914600649549583,3,-0.5030853152275085,e7d5,True,0.9685714244842529,4.8595112999901175,0,0.0,
3660,1317,crushing endgame fork master short,81,31,g5f4,True,0.772099922461064,1,-0.5868421196937561,g5f4,True,0.9885714054107666,4.047200799919665,0,0.0,
3662,1366,crushing deflection endgame exposedKing master veryLong,75,39,e3c3,False,0.07536705264728814,5,-0.48808085918426514,h6f4,True,0.941428542137146,4.588026999961585,0,0.0,
3664,1117,advantage middlegame pin short,44,29,h4f5,True,0.8243161477308218,1,-0.9529855251312256,h4f5,True,0.991428554058075,4.155412700027227,0,0.0,
3666,1191,crushing fork middlegame short,43,33,e2g3,True,0.6646856710884133,1,-0.8472200632095337,e2g3,True,0.9871428608894348,4.073984199902043,0,0.0,
3668,1444,advancedPawn crushing deflection endgame exposedKing long,89,20,f8f1,False,0.3243939777650886,2,-0.6564478278160095,h4h3,True,0.9357143044471741,7.359042300027795,0,0.0,
3670,1170,endgame mate mateIn2 pillsburysMate short,66,29,h3f5,True,0.6599636086670596,1,-0.7881353497505188,h3f5,True,0.9871428608894348,0.2458812000695616,0,0.0,
3672,1143,mate mateIn2 middlegame short,32,50,e5h5,True,0.6877496934590948,1,0.11383489519357681,e5h5,True,0.9885714054107666,0.3514965999638662,0,0.0,
3674,1424,endgame master mate mateIn1 oneMove,109,25,d2d1,True,0.36360873247118836,1,0.1748942881822586,d2d1,True,0.9657142758369446,0.41313369991257787,0,0.0,
3676,1282,endgame hookMate mate mateIn1 oneMove,52,32,e7d7,True,0.44410396607343516,1,-0.32993489503860474,e7d7,True,0.9828571677207947,0.25877149996813387,0,0.0,
3678,1304,advantage endgame fork short,87,23,g5d2,True,0.9230957173455645,1,-0.5284479856491089,g5d2,True,0.9957143068313599,4.09799809998367,0,0.0,
3680,1103,endgame mate mateIn1 oneMove,70,32,b6b7,True,0.645026280483918,1,-0.14839094877243042,b6b7,True,0.9900000095367432,0.17606789991259575,0,0.0,
3682,1422,crushing endgame pin short,96,21,c6c7,True,0.6313586187294566,1,0.3111937642097473,c6c7,True,0.9814285635948181,6.517501199967228,0,0.0,
3684,1083,bishopEndgame crushing endgame short skewer,72,15,h3h4,False,0.039016937042786776,6,-0.45459264516830444,d2c3,True,0.895714282989502,4.899627400096506,0,0.0,
3686,1244,crushing fork middlegame short,47,35,e7e3,True,0.6575293197427445,1,-0.6830755472183228,e7e3,True,0.9857142567634583,4.716204400057904,0,0.0,
3688,1393,long mate mateIn3 middlegame,59,29,b8h2,True,0.6771767856744798,1,-0.6011099815368652,b8h2,True,0.9828571677207947,0.4769064000574872,0,0.0,
3690,1019,crushing fork middlegame short,19,27,f8e7,False,0.3439766420009422,2,-0.0904809832572937,d8a5,True,0.9685714244842529,5.304218800039962,0,0.0,
3692,1049,crushing defensiveMove endgame hangingPiece long,81,9,f6g5,True,0.7789375028014065,1,-0.5564982295036316,f6g5,True,0.9900000095367432,6.574431200046092,0,0.0,
3694,1203,crushing endgame fork short,81,27,e4e8,True,0.6201620640962562,1,-0.04595570266246796,e4e8,True,0.9828571677207947,4.999647899996489,0,0.0,
3696,1347,advantage clearance long middlegame trappedPiece,47,46,a8c6,True,0.28495974834037574,1,-0.7153285145759583,a8c6,True,0.9757142663002014,5.280632799956948,0,0.0,
3698,1099,crushing fork middlegame short,41,43,f5e6,False,0.22037866066668174,2,-0.22090980410575867,e5f3,True,0.9685714244842529,4.03564150002785,0,0.0,
3700,1368,kingsideAttack mate mateIn2 middlegame sacrifice short,24,50,h1h6,True,0.7951600944550626,1,0.5426305532455444,h1h6,True,0.9900000095367432,0.2777549000456929,0,0.0,
3702,1426,mate mateIn1 middlegame oneMove pin smotheredMate,34,40,e4c5,False,0.12283285803929364,3,-0.5248706936836243,e4d6,True,0.9728571176528931,0.33510030002798885,0,0.0,
3704,1329,mate mateIn2 middlegame queensideAttack sacrifice short xRayAttack,56,45,c3b4,False,0.029233753615998767,4,-0.7831950783729553,a2a8,True,0.845714271068573,1.2461082000518218,0,0.0,
3706,1115,discoveredAttack kingsideAttack mate mateIn2 middlegame pin sacrifice short,46,43,g5g3,False,0.06761412718415948,5,-0.7963435649871826,g6e7,True,0.9471428394317627,1.2582987999776378,0,0.0,
3708,1056,mate mateIn2 middlegame short,75,25,d4c6,False,0.21528221252145258,2,-0.9796095490455627,h2h1,True,0.9714285731315613,0.3914191999938339,0,0.0,
3710,1104,endgame kingsideAttack mate mateIn1 oneMove,73,26,f8f1,True,0.9703350279551521,1,0.07074229419231415,f8f1,True,0.9971428513526917,0.10413819993846118,0,0.0,
3712,1014,crushing fork middlegame short,77,40,e4e2,True,0.4417816060249414,1,-0.766631543636322,e4e2,True,0.9828571677207947,5.222605300019495,0,0.0,
3714,1145,advantage fork middlegame short,33,37,g7e5,False,0.23221839931891564,2,-0.08060092478990555,d4e2,True,0.9628571271896362,5.016417799983174,0,0.0,
3716,1295,crushing endgame fork short,53,32,d5d4,False,0.1445527817850617,2,-0.00287781935185194,d5g5,True,0.9557142853736877,4.494636600022204,0,0.0,
3718,1109,advantage discoveredAttack middlegame short,30,36,f3g3,False,0.002962108244956575,11,-0.45294007658958435,f3f4,False,0.0,4.663621600018814,0,0.0,
3720,1424,crushing endgame pin short,61,20,f8h8,True,0.41798588213289967,1,-0.17224811017513275,f8h8,True,0.9700000286102295,4.605170900002122,0,0.0,
3722,1080,endgame master mate mateIn1 oneMove queenEndgame,86,16,g4f4,False,0.39105757429308136,2,-0.3607228398323059,g4g5,True,0.9742857217788696,0.4251914999913424,0,0.0,
3724,1171,endgame mate mateIn1 oneMove operaMate,86,24,d7d6,False,0.34800495804999193,2,-0.4110373258590698,d7f7,True,0.9800000190734863,0.3711139999795705,0,0.0,
3726,1177,endgame mate mateIn2 short,72,36,b3g8,True,0.7209565401943051,1,-0.634926438331604,b3g8,True,0.9857142567634583,0.3213164999615401,0,0.0,
3728,1256,crushing middlegame pin short,39,39,e7c7,False,0.026565754151695996,9,-0.6143659353256226,e6f5,True,0.8257142901420593,4.770964400027879,0,0.0,
3730,1177,backRankMate endgame mate mateIn2 short,54,31,c1c8,True,0.7199581664058815,1,0.007075753528624773,c1c8,True,0.991428554058075,0.277170000015758,0,0.0,
3732,1424,advantage fork long opening,31,41,e5f3,True,0.6610635668030997,1,0.04356026649475098,e5f3,True,0.9828571677207947,4.6722811999497935,0,0.0,
3734,1307,crushing fork middlegame short,29,42,g5e3,True,0.9779351638877336,1,-0.605721116065979,g5e3,True,0.9971428513526917,4.387666199938394,0,0.0,
3736,1298,advantage endgame master short skewer,102,24,d4g7,False,0.15529370020369948,3,-0.46803733706474304,d4e5,True,0.9700000286102295,4.407921899924986,0,0.0,
3738,1396,advantage fork middlegame short,28,27,d1d4,True,0.66636078870527,1,-0.5396229028701782,d1d4,True,0.9885714054107666,5.043549900059588,0,0.0,
3740,1174,crushing endgame fork short,71,24,a3c1,False,0.08391359395983304,3,-0.5954837203025818,a3a1,True,0.9557142853736877,4.711015800014138,0,0.0,
3742,1210,advantage exposedKing long middlegame pin skewer,39,5,d3d4,True,0.9938500317040594,1,-0.9006674289703369,d3d4,True,1.0,6.1833816999569535,0,0.0,
3744,1189,advantage fork middlegame short,46,39,e2f3,False,0.07269763720130172,4,-0.2790219485759735,f5e7,True,0.9557142853736877,4.540684000006877,0,0.0,
3746,1290,fork mate mateIn2 middlegame short,52,31,g3g7,True,0.949667934694978,1,-0.9283589720726013,g3g7,True,0.9957143068313599,0.24984639999456704,0,0.0,
3748,1285,advantage endgame fork short,101,21,f1f3,True,0.9759380931932973,1,-0.22059988975524902,f1f3,True,0.9985714554786682,5.3083816999569535,0,0.0,
3750,2495,crushing kingsideAttack master middlegame pin short,64,36,h5h6,True,0.39528188759648275,1,-0.6537548303604126,h5h6,True,0.9628571271896362,6.9274055999703705,0,0.0,
3752,2474,advantage discoveredAttack middlegame veryLong,46,38,f6f5,True,0.7825870077501111,1,-0.9449992775917053,f6f5,True,0.991428554058075,6.185323700075969,0,0.0,
3754,2775,crushing discoveredAttack kingsideAttack middlegame veryLong,58,41,f4e5,True,0.6438824514294325,1,0.36885347962379456,c3e5,False,0.2914285659790039,6.769142100005411,0,0.0,
3756,2490,crushing fork middlegame sacrifice veryLong,44,39,c5d7,False,0.017916160778894928,8,-0.3446875512599945,b5a6,True,0.6328571438789368,6.415909999981523,0,0.0,
3758,2653,advancedPawn crushing defensiveMove deflection endgame quietMove rookEndgame veryLong,92,12,a5a7,True,0.5695879733684992,1,0.16946794092655182,a5a7,True,0.9371428489685059,6.200576500035822,0,0.0,
3760,2779,advantage middlegame sacrifice veryLong,44,35,c1e3,False,0.010501331279216838,6,-0.4904029369354248,c1e3,False,0.0014285714132711291,4.653491599950939,0,0.0,
3762,2411,crushing middlegame pin short,55,43,c4b4,False,0.08281757821716844,6,0.4379178285598755,e8e2,True,0.8299999833106995,6.823108399985358,0,0.0,
3764,2727,advancedPawn crushing deflection endgame fork veryLong,82,16,h4h5,False,0.09165394156352201,4,-0.6871479749679565,h4h5,False,0.051428571343421936,7.325801500002854,0,0.0,
3766,2372,crushing kingsideAttack middlegame pin veryLong,28,55,g3h3,True,0.6442444627875661,1,-0.1436234563589096,g3h3,True,0.9814285635948181,5.168446299969219,0,0.0,
3768,2484,crushing fork long middlegame,27,42,h4d4,True,0.5963567283384379,1,0.2946913242340088,h4d4,True,0.9714285731315613,4.545498299994506,0,0.0,
3770,2405,advantage middlegame sacrifice veryLong,41,48,d7a4,False,0.001971041606073961,8,-0.20464637875556946,e4f6,False,0.0,5.7900837999768555,0,0.0,
3772,2372,attraction mate mateIn4 middlegame sacrifice veryLong,49,31,h5h1,True,0.30883488312666346,1,-0.782393217086792,b8b6,False,0.12142857164144516,7.01267279998865,0,0.0,
3774,2482,crushing discoveredAttack discoveredCheck endgame sacrifice skewer veryLong,81,19,a5a6,True,0.7292244704463821,1,-0.27984166145324707,a5a6,True,0.6657142639160156,5.892127300030552,0,0.0,
3776,2705,advancedPawn advantage long master middlegame queensideAttack sacrifice,51,40,a3a2,False,0.06915839910417591,6,0.4679398238658905,b3c2,True,0.7628571391105652,6.2009007999440655,0,0.0,
3778,2432,crushing deflection endgame long master,81,28,g2h2,True,0.4204098421986803,1,-0.04521782696247101,g2h2,True,0.9428571462631226,2.538599699968472,0,0.0,
3780,2614,crushing hangingPiece long middlegame,67,43,c3e1,True,0.950251162812932,1,-0.18279919028282166,c3e1,True,0.9957143068313599,6.718546100077219,0,0.0,
3782,2761,crushing fork hangingPiece middlegame quietMove veryLong,35,37,e5e3,True,0.9360613856351369,1,0.1573304682970047,e5e3,True,0.9957143068313599,5.875272399978712,0,0.0,
3784,2446,advantage discoveredAttack discoveredCheck master middlegame short,41,2,h7h8,False,0.39867481870863625,2,-0.9974092841148376,f7g6,True,0.9814285635948181,5.898719000048004,0,0.0,
3786,2561,advantage attraction deflection endgame veryLong,49,37,e6g4,True,0.5881164750450719,1,-0.0585474818944931,e6g4,True,0.9828571677207947,4.187310899957083,0,0.0,
3788,2717,crushing fork master middlegame sacrifice veryLong,38,52,d6c8,False,0.08892576312108934,5,0.08699581772089005,f2f4,True,0.8842856884002686,5.827794799930416,0,0.0,
3790,2444,advancedPawn crushing endgame fork master pin sacrifice veryLong,68,40,f5g6,False,0.1684243533521676,2,0.5498442649841309,f5g6,False,0.14571428298950195,6.513928500004113,0,0.0,
3792,2709,crushing discoveredAttack discoveredCheck middlegame sacrifice veryLong,63,4,d6e7,False,0.1169180714066699,4,-0.6366381645202637,c7c4,True,0.9685714244842529,3.647577000083402,0,0.0,
3794,2517,crushing deflection endgame long,59,43,e3h6,False,0.10060091979589876,2,-0.14670972526073456,e3h6,False,0.4300000071525574,6.420670699910261,0,0.0,
3796,2557,advantage long middlegame pin trappedPiece,41,37,b8f4,False,0.30369837514802456,2,-0.614884614944458,f8c8,True,0.9457142949104309,6.214421099983156,0,0.0,
3798,2528,advantage deflection long middlegame pin,78,40,e2g3,False,0.13837561627427966,3,0.3307776153087616,c3c4,False,0.21142856776714325,6.363077500020154,0,0.0,
3800,2605,advancedPawn bishopEndgame crushing endgame exposedKing sacrifice veryLong,95,7,d4e5,False,0.1642176778934171,3,0.09230349212884903,d4d5,False,0.04714285582304001,3.790010099997744,0,0.0,
3802,2780,crushing defensiveMove fork middlegame sacrifice veryLong,52,6,g1h1,True,0.8456188298276096,1,0.3058275878429413,g1h1,True,0.8671428561210632,4.862185799982399,0,0.0,
3804,2404,advantage middlegame pin sacrifice short,38,38,a3a4,False,0.0654155890588584,6,-0.08920785784721375,g3f5,False,0.004285714123398066,5.406004899996333,0,0.0,
3806,2519,crushing master middlegame sacrifice short,50,55,d2d4,False,0.08897418696799271,3,0.0725042074918747,c1c7,False,0.027142856270074844,6.937913400004618,0,0.0,
3808,2380,advantage defensiveMove endgame long pawnEndgame sacrifice,97,8,c5c4,True,0.515323182376242,1,0.24708975851535797,b5b4,False,0.27571427822113037,5.621593300020322,0,0.0,
3810,2522,clearance crushing fork long middlegame,60,38,b3d5,False,0.14292370521755904,2,-0.1292584240436554,d3f5,True,0.9599999785423279,5.86718679999467,0,0.0,
3812,2610,crushing long middlegame pin,31,40,g2f3,False,0.2894469037484514,2,0.28098753094673157,f8b4,True,0.9614285826683044,5.373214800027199,0,0.0,
3814,2528,crushing endgame hangingPiece veryLong,170,17,e2f1,True,0.9217801790997208,1,-0.47749099135398865,e2f1,True,0.9942857027053833,4.817704900051467,0,0.0,
3816,2593,advantage defensiveMove endgame pin veryLong,66,50,d1d7,True,0.21287717259021657,1,-0.4351828992366791,d1d6,False,0.034285712987184525,8.301040500053205,0,0.0,
3818,2379,advantage hangingPiece middlegame short,44,49,e3e6,False,0.2576219014842294,2,-0.4555974006652832,f5f4,True,0.9757142663002014,4.962446099962108,0,0.0,
3820,2481,crushing middlegame sacrifice veryLong,46,37,e5c4,False,0.011835656517816859,5,0.01846153847873211,e5c4,False,0.0028571428265422583,4.663161600008607,0,0.0,
3822,2441,advancedPawn attraction crushing discoveredAttack discoveredCheck enPassant kingsideAttack middlegame sacrifice veryLong,32,43,e7c5,False,0.0011412559907545462,23,0.3166794776916504,h3g3,False,0.0,5.7776307999156415,0,0.0,
3824,2469,advantage clearance long middlegame sacrifice,32,41,c3c4,False,0.08723258499743504,5,0.2187768667936325,b5d5,True,0.4871428608894348,5.1029294999316335,0,0.0,
3826,2518,advantage middlegame sacrifice veryLong,63,37,c8g4,True,0.9383048339967078,1,-0.6859865784645081,c8g4,True,0.9942857027053833,5.1732871000422165,0,0.0,
3828,2555,crushing opening pin short,30,44,c3b5,False,0.00991056815452636,9,-0.1872377246618271,c1h6,False,0.0,6.831455399980769,0,0.0,
3830,2398,advancedPawn crushing discoveredAttack discoveredCheck endgame exposedKing long quietMove sacrifice,55,41,d8b6,True,0.509052381631896,1,-0.18988953530788422,d8b6,True,0.9728571176528931,6.513881999999285,0,0.0,
3832,2357,advantage discoveredAttack kingsideAttack middlegame veryLong,69,35,g6g5,False,0.05879691156938799,2,-0.9448950886726379,e4g3,True,0.9442856907844543,5.252900799969211,0,0.0,
3834,2799,advantage deflection endgame long pin,64,41,g4f5,False,0.12884667955606632,3,0.0663975402712822,c6c5,False,0.18571428954601288,5.473570100031793,0,0.0,
3836,2734,crushing exposedKing middlegame pin veryLong,57,36,h1h2,True,0.7372690820236727,1,0.5895354151725769,h1h2,True,0.977142870426178,8.337530600023456,0,0.0,
3838,2766,advantage discoveredAttack opening veryLong,35,43,d7b5,True,0.39263904557022933,1,-0.5891562104225159,d8c7,False,0.11714285612106323,5.060262999963015,0,0.0,
3840,2410,crushing deflection endgame veryLong,78,30,b1b2,False,0.025333646571125315,7,-0.23953059315681458,b1e1,True,0.5342857241630554,7.86658980010543,0,0.0,
3842,2392,advantage long opening trappedPiece,21,37,c6c7,True,0.4283392831736082,1,0.0023645677138119936,c6c7,True,0.8728571534156799,5.005704999901354,0,0.0,
3844,2437,advantage castling clearance defensiveMove long opening sacrifice,17,34,d8a5,False,0.27029669853832855,2,-0.17232145369052887,d8a5,False,0.014285714365541935,5.248191499966197,0,0.0,
3846,2483,attraction crushing master middlegame veryLong,48,49,d3h7,False,0.01670791471958423,7,-0.4473656415939331,d3h7,False,0.004285714123398066,6.355409899959341,0,0.0,
3848,2464,advancedPawn crushing endgame promotion sacrifice veryLong,83,13,b4b3,True,0.7045796196886932,1,-0.20262391865253448,b4b3,True,0.8342857360839844,7.666573499911465,0,0.0,
3850,2752,crushing middlegame quietMove skewer veryLong,60,45,f4e2,False,0.07861885610492904,3,-0.39354512095451355,c2a2,True,0.6885714530944824,6.633604699978605,0,0.0,
3852,2455,crushing defensiveMove endgame hangingPiece master rookEndgame short,108,19,g6h7,True,0.9754118462631922,1,-0.07952006906270981,g6h7,True,0.9971428513526917,6.23894269997254,0,0.0,
3854,2770,advancedPawn crushing defensiveMove deflection endgame veryLong,93,12,d4e3,False,0.0034923919193563893,8,0.27957597374916077,d4e3,False,0.0,6.179642700008117,0,0.0,
3856,2755,crushing defensiveMove long middlegame sacrifice,44,47,c4f7,False,0.009033698490013809,8,-0.1583157181739807,c4f7,False,0.0,7.899501700070687,0,0.0,
3858,2603,attraction crushing endgame kingsideAttack pin sacrifice veryLong,46,33,b3b6,False,0.03283592432244047,6,-0.4006251096725464,d1d8,False,0.0028571428265422583,3.3295679999282584,0,0.0,
3860,2385,crushing defensiveMove long middlegame sacrifice,24,41,e1g1,False,0.16108244179452985,3,0.07767686992883682,f3e5,False,0.21857142448425293,5.852594800060615,0,0.0,
3862,2454,crushing endgame pin quietMove veryLong,66,37,a6g6,True,0.8725995322678474,1,-0.047464657574892044,a6g6,True,0.991428554058075,4.9510702000698075,0,0.0,
3864,2474,advantage endgame pin veryLong,72,32,d3g3,False,0.18887503292450472,2,-0.8323990106582642,d3g6,True,0.9614285826683044,4.1272575000766665,0,0.0,
3866,2499,advantage capturingDefender middlegame short,44,41,e3e5,False,0.12242868400117961,3,-0.4064231812953949,d1d5,True,0.9614285826683044,5.804596700007096,0,0.0,
3868,2522,crushing discoveredAttack endgame long,82,44,d8h8,True,0.7855079424554668,1,0.14025871455669403,d8h8,True,0.9814285635948181,4.400322500034235,0,0.0,
3870,2351,advantage fork long middlegame,53,40,f2g2,True,0.3667636446725994,1,-0.1703660786151886,f2g2,True,0.9585714340209961,4.607445000088774,0,0.0,
3872,2456,advantage attraction exposedKing middlegame quietMove veryLong,33,53,f8f1,True,0.5939639925132565,1,-0.5295277237892151,f8f1,True,0.9757142663002014,7.0695065999170765,0,0.0,
3874,2682,crushing defensiveMove deflection endgame pawnEndgame veryLong zugzwang,95,7,g4g3,False,0.002512363582410998,6,0.09248679131269455,g4f5,False,0.0014285714132711291,3.9751562000019476,0,0.0,
3876,2535,crushing long master middlegame sacrifice,63,25,a3b2,False,0.01713833449277705,5,0.2212473452091217,c5c4,True,0.6257143020629883,7.835842499975115,0,0.0,
3878,2396,attraction crushing defensiveMove endgame fork quietMove veryLong zugzwang,76,19,b1c2,False,0.012134797693358072,12,-0.29313844442367554,d2g2,False,0.0028571428265422583,6.780709399958141,0,0.0,
3880,2393,attraction crushing kingsideAttack long middlegame sacrifice,46,51,d2d5,False,0.03352676359607191,5,-0.9526578783988953,h1h7,True,0.8728571534156799,7.309175300062634,0,0.0,
3882,2423,crushing deflection enPassant endgame pawnEndgame veryLong zugzwang,96,6,f3f4,False,0.13159345711009834,2,0.12371934950351715,f3f4,False,0.0357142873108387,5.14171360002365,0,0.0,
3884,2581,advancedPawn crushing discoveredAttack discoveredCheck middlegame sacrifice veryLong,58,44,e5e6,True,0.6747425658144109,1,-0.504935622215271,e5e6,True,0.9828571677207947,8.220780099974945,0,0.0,
3886,2428,fork long mate mateIn3 middlegame sacrifice,44,46,h5f7,False,0.03286537649856468,2,0.37075966596603394,h5f7,False,0.0028571428265422583,2.673308299970813,0,0.0,
3888,2423,crushing endgame pin sacrifice short,64,33,h4h5,False,0.037589217110233164,6,0.22963225841522217,d3g6,False,0.014285714365541935,5.847858699969947,0,0.0,
3890,2670,crushing discoveredAttack discoveredCheck endgame exposedKing fork veryLong,52,32,d6f4,False,0.27318108983933087,2,-0.5716606378555298,h7c7,True,0.9685714244842529,4.63437550002709,0,0.0,
3892,2382,crushing endgame long trappedPiece,64,12,c4b5,True,0.5836778437071319,1,-0.42991259694099426,c4b5,True,0.9714285731315613,5.290248799952678,0,0.0,
3894,2573,advantage endgame exposedKing pin quietMove veryLong,79,26,c3a3,False,0.0028119430498553576,6,0.8710370063781738,c3a3,False,0.0,6.4512430999893695,0,0.0,
3896,2358,crushing endgame exposedKing fork long quietMove,79,33,b3c3,False,0.23946856919582,2,-0.5878965854644775,b3e6,True,0.9728571176528931,0.9227291999850422,0,0.0,
3898,2391,crushing long middlegame sacrifice,34,26,d3f5,False,0.022588138042900354,5,0.3248257339000702,h2h4,True,0.39142856001853943,7.245754600036889,0,0.0,
3900,2779,advancedPawn advantage defensiveMove endgame pin veryLong,64,38,d5d6,True,0.720724712606302,1,-0.5016153454780579,d5d6,True,0.9885714054107666,4.4175827000290155,0,0.0,
3902,2478,advantage endgame hangingPiece long,102,15,d7d6,True,0.5226773977906187,1,-0.029428556561470032,d7d8,False,0.05285714194178581,4.852106399950571,0,0.0,
3904,2452,crushing endgame exposedKing hangingPiece master veryLong,139,4,f5e3,True,0.7335431725673592,1,-0.8675134778022766,f5e3,True,0.9928571581840515,4.751453300006688,0,0.0,
3906,2459,advancedPawn crushing endgame hangingPiece quietMove veryLong,89,13,c2f5,True,0.299775191970529,1,-0.9247560501098633,c2f5,True,0.9571428298950195,4.558923700009473,0,0.0,
3908,2464,advantage long middlegame pin,53,25,g7f7,False,0.0377075712544423,2,-0.9715142250061035,h8h1,True,0.8899999856948853,5.3487148999702185,0,0.0,
3910,2531,crushing fork hangingPiece middlegame veryLong,39,39,f3h1,True,0.3043960193051548,1,0.4981446862220764,d4c2,False,0.0357142873108387,3.3893062999704853,0,0.0,
3912,2397,advantage middlegame pin short,32,30,f3e4,True,0.43708751290293796,1,0.16706274449825287,f3e4,True,0.9628571271896362,7.272157200030051,0,0.0,
3914,2423,advancedPawn crushing endgame hangingPiece long,88,15,c6b7,True,0.7841383127027901,1,-0.7268784642219543,c6b7,True,0.9842857122421265,6.90296750003472,0,0.0,
3916,2463,endgame equality fork long quietMove,75,35,g2h1,False,0.0019789464003734506,13,0.44247105717658997,f6e4,False,0.0,6.240334299975075,0,0.0,
3918,2432,advancedPawn attraction crushing endgame exposedKing promotion veryLong,72,2,g1g2,False,0.1785409369539646,2,-0.7592891454696655,g1f1,True,0.5557143092155457,4.541940200026147,0,0.0,
3920,2568,attraction crushing deflection exposedKing master middlegame sacrifice veryLong,54,50,e8d8,False,0.03660636073751819,6,0.5910188555717468,c5d7,False,0.03142857179045677,5.4562333999201655,0,0.0,
3922,2471,advantage fork middlegame veryLong,54,28,h6h7,True,0.7983175866240994,1,-0.9642706513404846,h6h7,True,0.9900000095367432,6.525256699998863,0,0.0,
3924,2575,crushing endgame fork long master,77,35,a5c5,True,0.5906129945699765,1,-0.24139435589313507,a5c5,True,0.5028571486473083,6.433047899976373,0,0.0,
3926,2771,advantage hangingPiece long middlegame,54,39,c4c6,True,0.36640433194294386,1,-0.43161705136299133,c4c6,True,0.9757142663002014,7.599398599937558,0,0.0,
3928,2727,advancedPawn crushing discoveredAttack discoveredCheck endgame exposedKing veryLong,63,31,h6h3,True,0.8089747395001841,1,-0.42856618762016296,h6h3,True,0.9885714054107666,6.7736164999660105,0,0.0,
3930,2624,advantage hangingPiece middlegame pin short,51,40,b7c6,True,0.933743182395929,1,0.5495321154594421,b7c6,True,0.9957143068313599,6.529503499972634,0,0.0,
3932,2385,advantage kingsideAttack middlegame sacrifice veryLong,36,41,b3h3,False,0.1636286460962895,3,-0.43256300687789917,b3g3,False,0.08857142925262451,8.689810800016858,0,0.0,
3934,2359,crushing kingsideAttack middlegame pin short,38,47,d6e5,False,0.09369691034772425,3,-0.49931439757347107,d6g6,True,0.954285740852356,6.212225200026296,0,0.0,
3936,2448,advantage long middlegame pin quietMove sacrifice,40,46,f7b3,False,0.04015141663119804,8,-0.028735514730215073,f7g6,True,0.9157142639160156,6.0674317999510095,0,0.0,
3938,2521,advantage middlegame trappedPiece veryLong,48,46,f4c7,True,0.8256396543053572,1,-0.052259378135204315,f4c7,True,0.5914285778999329,6.595188000006601,0,0.0,
3940,2559,advancedPawn advantage discoveredAttack discoveredCheck endgame exposedKing fork master promotion veryLong,97,13,e3e2,True,0.5901809873376312,1,-0.9950244426727295,e3e2,True,0.9885714054107666,5.371219799970277,0,0.0,
3942,2608,attraction crushing endgame master sacrifice veryLong,92,35,f6h8,False,0.008150244404218306,10,0.06187870725989342,f6h8,False,0.0,4.869908900000155,0,0.0,
3944,2683,crushing discoveredAttack fork long middlegame,47,40,c4e6,False,0.1281636183074424,2,-0.04942728579044342,f7f5,True,0.941428542137146,8.611787699977867,0,0.0,
3946,2800,advantage defensiveMove deflection endgame pawnEndgame veryLong zugzwang,78,6,d2c3,False,0.0025593905365431007,2,-0.05426229536533356,d2c3,False,0.0,8.767987100058235,0,0.0,
3948,2756,crushing deflection middlegame veryLong,43,39,f7f6,True,0.5006953873247013,1,-0.21038316190242767,f7f6,True,0.9757142663002014,5.302273500012234,0,0.0,
3950,2760,advantage discoveredAttack kingsideAttack long middlegame sacrifice,41,45,e5g6,False,0.07828439532560795,3,0.051044173538684845,e5g6,False,0.38428571820259094,5.8501577998977154,0,0.0,
3952,2365,advantage long middlegame sacrifice,75,50,d5e3,True,0.6683755876968244,1,-0.15724854171276093,d5e3,True,0.9857142567634583,5.849911900004372,0,0.0,
3954,2721,advantage deflection endgame sacrifice veryLong,74,24,c7d7,False,0.0983833166066228,3,-0.9803114533424377,g2c6,True,0.8999999761581421,4.799293999909423,0,0.0,
3956,2557,advantage capturingDefender deflection middlegame veryLong,37,54,c8b8,False,0.07763073263724948,5,-0.01080989371985197,f4e3,True,0.4514285624027252,5.971703000017442,0,0.0,
3958,2757,crushing long middlegame pin quietMove,47,32,f6f5,True,0.4664595839484567,1,-0.5122324824333191,f6f5,True,0.9328571557998657,7.841702200006694,0,0.0,
3960,2392,deflection mate mateIn5 middlegame pin sacrifice veryLong,49,39,e5g4,True,0.4287366913406169,1,-0.7806979417800903,e5g4,True,0.6171428561210632,6.326003799913451,0,0.0,
3962,2428,attraction endgame mate mateIn5 sacrifice veryLong,75,29,a2d5,True,0.3195635754049299,1,-0.939988911151886,a2d5,True,0.23714286088943481,5.463648099917918,0,0.0,
3964,2711,attraction crushing exposedKing middlegame veryLong,63,32,e8e2,False,0.3261364093252171,2,0.09996961057186127,b5e2,True,0.9128571152687073,5.233182700001635,0,0.0,
3966,2413,advantage middlegame pin short,33,40,b7f3,False,0.0012144848295437733,19,-0.9909061193466187,e8f7,False,0.0,3.9060466999653727,0,0.0,
3968,2431,advantage fork opening veryLong,25,50,c7c4,True,0.5637024320613422,1,0.04652714356780052,c7c4,True,0.9442856907844543,6.849805300007574,0,0.0,
3970,2611,advantage deflection endgame long,88,36,b2h8,True,0.4625675297562146,1,-0.11187474429607391,b2h8,True,0.5671428442001343,5.767938100034371,0,0.0,
3972,2589,crushing fork middlegame veryLong,41,43,b2c3,False,0.052008408714938115,3,-0.12757934629917145,b2c3,False,0.4242857098579407,7.3275732001056895,0,0.0,
3974,2549,advantage middlegame sacrifice skewer veryLong,67,51,c3b2,False,0.13484749978497632,3,-0.38592326641082764,d6c5,True,0.9557142853736877,3.2753646998899058,0,0.0,
3976,2378,crushing master middlegame pin short,72,36,f5g6,False,0.021370067461208606,9,-0.36390259861946106,f1e2,True,0.7514285445213318,6.845132200047374,0,0.0,
3978,2656,advantage clearance fork opening pin sacrifice veryLong,22,45,d4b3,False,0.02688938921657233,6,-0.43947169184684753,d4e6,True,0.6328571438789368,6.365936600021087,0,0.0,
3980,2434,crushing middlegame pin short,35,34,e8e2,False,0.09747144263825633,3,0.08952590823173523,e8e2,False,0.18714286386966705,5.650279900059104,0,0.0,
3982,2407,crushing long middlegame pin,72,31,e4g4,True,0.5349620308176756,1,-0.9938222765922546,e4g4,True,0.9814285635948181,6.865707000019029,0,0.0,
3984,2538,advantage endgame pin veryLong,68,35,h6h7,False,0.004915413681917817,7,-0.39580899477005005,h6h7,False,0.0,5.6434674999909475,0,0.0,
3986,2596,advancedPawn crushing endgame promotion quietMove sacrifice veryLong,89,15,a3a2,False,0.0007673859704103844,11,0.5954359769821167,d5e7,False,0.0,5.416518999962136,0,0.0,
3988,2555,advancedPawn crushing endgame pawnEndgame quietMove sacrifice veryLong,93,7,h4h3,False,0.41213671975816607,2,-0.013215300627052784,h4h3,False,0.058571428060531616,6.299474600004032,0,0.0,
3990,2379,advantage hangingPiece long middlegame,53,49,f5e4,True,0.6576404552626482,1,0.43103376030921936,f5e4,True,0.9814285635948181,6.070686199935153,0,0.0,
3992,2524,advantage clearance exposedKing middlegame sacrifice veryLong,40,52,g6d6,True,0.8563276997659516,1,-0.3634949028491974,g6d6,True,0.9928571581840515,5.623933000024408,0,0.0,
3994,2553,crushing discoveredAttack middlegame veryLong,35,37,e7f6,False,0.19822951278146345,2,-0.07725506275892258,e4f3,True,0.904285728931427,6.610216700006276,0,0.0,
3996,2405,clearance long mate mateIn3 middlegame sacrifice,47,28,d8f8,False,0.018881794195783085,7,-0.8227938413619995,g4e5,True,0.691428542137146,1.799807200091891,0,0.0,
3998,2646,advantage attraction capturingDefender endgame exposedKing fork master veryLong,54,45,a7g7,False,0.2821232189988406,2,-0.05914964899420738,e5f6,True,0.8985714316368103,6.2847874000435695,0,0.0,
4000,2430,crushing fork master middlegame sacrifice short,37,43,d4f3,False,0.27947565323905627,2,0.5831930041313171,d4c2,True,0.927142858505249,6.071630599908531,0,0.0,
4002,2393,crushing endgame hangingPiece master rookEndgame short,125,16,f5e6,True,0.7681339712098167,1,-0.43446990847587585,f5e6,True,0.9885714054107666,4.764662000001408,0,0.0,
4004,2385,crushing middlegame sacrifice veryLong,38,41,d1h1,False,0.001163056226257738,13,-0.2545858919620514,d2e3,False,0.0,5.128327199956402,0,0.0,
4006,2690,clearance crushing middlegame pin veryLong,48,45,a1a5,False,0.35344625964847454,2,-0.13627003133296967,g2e4,True,0.8371428847312927,5.096365900011733,0,0.0,
4008,2798,advancedPawn advantage deflection endgame pin veryLong,52,37,g5h5,False,0.046228366864757515,3,-0.24618478119373322,g3g4,False,0.03999999910593033,6.766099700005725,0,0.0,
4010,2477,crushing discoveredAttack fork middlegame sacrifice veryLong,44,40,h8f8,False,0.010784430840090484,9,0.23487386107444763,b2c1,False,0.19857142865657806,6.242109199985862,0,0.0,
4012,2414,advantage master middlegame skewer veryLong,32,48,f3d4,False,0.1267115630365789,2,-0.12320313602685928,h4h5,False,0.21714285016059875,5.533151200041175,0,0.0,
4014,2569,crushing hangingPiece long middlegame,59,22,h5g6,False,0.15811140203738783,2,0.4013155698776245,h6h8,True,0.9700000286102295,3.452251399983652,0,0.0,
4016,2535,crushing endgame pin quietMove veryLong,62,34,b1c1,False,0.02448108784605064,10,-0.5569935441017151,f3e5,True,0.7900000214576721,5.757813100004569,0,0.0,
4018,2368,crushing endgame fork short,69,31,a7a1,False,0.17440291045814268,2,-0.3637095093727112,e4e3,False,0.3871428668498993,6.898573399987072,0,0.0,
4020,2735,crushing defensiveMove deflection fork middlegame skewer veryLong,49,38,f1c4,False,0.007462904159942008,11,-0.5533779859542847,f1a1,False,0.0,7.564552400028333,0,0.0,
4022,2531,clearance crushing exposedKing middlegame sacrifice veryLong,66,42,c6e8,True,0.5397432109055812,1,-0.5252839922904968,c6e8,True,0.9828571677207947,2.5849884999915957,0,0.0,
4024,2608,advantage fork middlegame sacrifice short,24,39,g5f7,True,0.5023220521722394,1,-0.35846036672592163,g5f7,True,0.8657143115997314,7.558409300050698,0,0.0,
4026,2775,advantage clearance long middlegame sacrifice,36,37,c1b1,False,0.09205648564591112,4,-0.9325400590896606,e2c4,False,0.4699999988079071,6.902591299964115,0,0.0,
4028,2747,advantage middlegame pin short,39,42,c7b6,False,0.0007959832470645782,12,-0.9658829569816589,a8g8,False,0.0,4.177781700040214,0,0.0,
4030,2394,attraction crushing kingsideAttack middlegame sacrifice veryLong,36,47,d1g4,False,0.005028393428692059,12,-0.17122189700603485,d1g4,False,0.0,4.9275954000186175,0,0.0,
4032,2525,advantage collinearMove exposedKing fork middlegame veryLong,62,33,b3c4,False,0.09269626124144034,3,-0.9213768839836121,f5f6,False,0.02428571507334709,5.256958000012673,0,0.0,
4034,2594,advantage long middlegame pin,54,27,f4f2,False,0.017105436424293796,6,-0.5868921875953674,f4f2,False,0.0028571428265422583,5.010526200057939,0,0.0,
4036,2503,advantage long middlegame sacrifice,48,37,e2c4,False,0.10354325062264143,3,-0.3026452362537384,e2c4,False,0.044285714626312256,5.230186500004493,0,0.0,
4038,2424,advancedPawn attraction crushing endgame promotion veryLong,86,10,d5d6,True,0.6162085665604129,1,-0.9634190797805786,d5d6,True,0.9842857122421265,6.4008482999634,0,0.0,
4040,2399,crushing endgame long pin,73,33,h6h5,False,0.06948375072075934,3,-0.029851417988538742,f5f4,True,0.7742857336997986,6.570357399992645,0,0.0,
4042,2564,crushing endgame long pin queensideAttack,59,33,a5d2,True,0.5029512157829904,1,0.1711857169866562,a5d2,True,0.9828571677207947,4.656486500054598,0,0.0,
4044,2352,advantage hangingPiece opening veryLong,19,24,c5d4,True,0.9251567060944101,1,0.09009195864200592,c5d4,True,0.9957143068313599,4.496065799961798,0,0.0,
4046,2673,crushing defensiveMove endgame fork quietMove veryLong,99,14,d6b5,False,0.24725519449367106,2,0.22194045782089233,d6c8,True,0.9357143044471741,4.571495099924505,0,0.0,
4048,2647,advancedPawn crushing defensiveMove endgame fork promotion quietMove veryLong,79,14,a3a2,True,0.6654182580730689,1,-0.30876830220222473,a3a2,True,0.9628571271896362,5.1205160999670625,0,0.0,
4050,2797,crushing middlegame sacrifice short,57,37,h3f2,False,0.2086164620571728,2,-0.2846895754337311,h3f4,True,0.8671428561210632,6.529738200013526,0,0.0,
4052,2415,advancedPawn advantage attraction kingsideAttack master middlegame veryLong,63,35,e3f2,True,0.7651473598617302,1,0.39002421498298645,e3f2,True,0.9900000095367432,4.058284800034016,0,0.0,
4054,2507,crushing exposedKing fork long middlegame sacrifice,40,39,f7b7,False,0.022467779953958024,7,0.6808220744132996,h5g6,True,0.7371428608894348,5.845172300003469,0,0.0,
4056,2631,advancedPawn advantage attraction deflection long middlegame promotion,72,35,e7f6,False,0.09598951251722548,2,0.2437961995601654,h7h8q,True,0.9214285612106323,6.310164399910718,0,0.0,
4058,2514,advantage defensiveMove deflection exposedKing long middlegame,59,30,h4h3,False,0.10124625786441395,2,-0.3651098310947418,f2f1,True,0.9171428680419922,6.861759199993685,0,0.0,
4060,2370,crushing deflection endgame exposedKing veryLong,64,31,b8d8,False,0.2952577743424569,2,0.061157241463661194,f8d8,True,0.954285740852356,5.166109699988738,0,0.0,
4062,2445,advantage endgame pin quietMove veryLong,54,40,b8e8,True,0.8986700972215294,1,0.12455996125936508,b8e8,True,0.9942857027053833,4.451947800000198,0,0.0,
4064,2413,crushing middlegame sacrifice veryLong,36,52,c2f5,False,0.09195438834493777,2,-0.0634976252913475,f1f5,True,0.5871428847312927,5.746710799983703,0,0.0,
4066,2354,endgame long mate mateIn3,70,29,d3b5,False,0.013459083500586317,4,-0.6706727743148804,d3b5,False,0.0014285714132711291,7.114080999977887,0,0.0,
4068,2752,crushing defensiveMove endgame hangingPiece long quietMove,92,14,e3d4,True,0.935469816178223,1,-0.09667559713125229,e3d4,True,0.9942857027053833,10.425342199974693,0,0.0,
4070,2529,advantage attraction kingsideAttack middlegame pin veryLong,33,46,f8d6,False,0.13177938017519938,3,-0.9602183103561401,a8e8,True,0.9599999785423279,6.094654400018044,0,0.0,
4072,2376,advantage clearance long middlegame sacrifice,37,43,f8c8,False,0.03193110028722604,5,-0.7435420155525208,f8c8,False,0.0057142856530845165,7.237769600003958,0,0.0,
4074,2461,attraction capturingDefender crushing middlegame veryLong,46,39,g1g2,False,0.1705745682200384,2,-0.7978901267051697,f1f6,True,0.9328571557998657,5.865027799969539,0,0.0,
4076,2608,advantage fork middlegame veryLong,44,41,d1d6,True,0.47841658263140346,1,-0.5541051030158997,d1d6,True,0.8500000238418579,6.50452070008032,0,0.0,
4078,2614,advancedPawn crushing defensiveMove fork middlegame veryLong,59,32,a6c8,False,0.048604781449321746,3,-0.3666282892227173,d3d2,True,0.9157142639160156,7.068443899974227,0,0.0,
4080,2516,attraction crushing endgame long queensideAttack sacrifice,50,35,b3b7,False,0.0020054941071201205,9,-0.31852129101753235,b3b7,False,0.0,7.245238699950278,0,0.0,
4082,2448,advantage capturingDefender discoveredAttack long opening sacrifice,14,40,c3e4,False,0.0963841672282984,4,0.08713976293802261,c3b5,True,0.8700000047683716,6.253335100016557,0,0.0,
4084,2599,advantage deflection middlegame pin skewer veryLong,46,29,d1d3,True,0.8983323307919783,1,0.052426233887672424,d1d3,True,0.991428554058075,5.436070299940184,0,0.0,
4086,2447,crushing defensiveMove hangingPiece middlegame short,34,2,g1g2,True,0.8419157869561864,1,0.12141073495149612,g1g2,True,0.9957143068313599,5.527862100047059,0,0.0,
4088,2584,crushing long middlegame sacrifice,50,36,h4f3,False,0.1041108912796085,3,-0.29735517501831055,h4f5,True,0.9128571152687073,5.078992800088599,0,0.0,
4090,2359,advantage long middlegame queensideAttack sacrifice,51,34,d5c3,True,0.4110121936681225,1,-0.4237687587738037,b5b4,False,0.05285714194178581,6.723405700060539,0,0.0,
4092,2431,attraction discoveredAttack discoveredCheck mate mateIn5 middlegame sacrifice veryLong,28,35,h4g5,True,0.6097115826995476,1,-0.35044658184051514,d1h5,False,0.08285713940858841,6.700327099999413,0,0.0,
4094,2796,crushing deflection endgame long sacrifice,79,36,f1e2,True,0.5773384419387173,1,0.07371898740530014,f1e2,True,0.9300000071525574,6.290004699956626,0,0.0,
4096,2412,crushing deflection intermezzo middlegame sacrifice veryLong,57,41,a8a1,False,0.0330442054538729,5,-0.007897905074059963,f4e4,True,0.7985714077949524,5.254403900005855,0,0.0,
4098,2362,advantage discoveredAttack middlegame veryLong,21,46,d6e5,False,0.29337605344651785,2,-0.06843594461679459,d6e5,False,0.14000000059604645,5.2251966000767425,0,0.0,
4100,2445,advantage hangingPiece middlegame veryLong,32,38,e2e4,True,0.9840807145272806,1,-0.14239907264709473,e2e4,True,0.9971428513526917,6.850128500023857,0,0.0,
4102,2682,advantage defensiveMove fork long middlegame sacrifice,44,56,d5e7,True,0.645926737036472,1,0.08501377701759338,d5e7,True,0.9342857003211975,6.302689700038172,0,0.0,
4104,2495,advantage deflection endgame long,64,35,c6f6,True,0.559819542768144,1,0.7024598717689514,c6f6,True,0.800000011920929,7.97119740000926,0,0.0,
4106,2441,clearance crushing long middlegame pin,52,38,e4f6,True,0.7312760417724589,1,-0.763093888759613,e4f6,True,0.9557142853736877,6.908964299946092,0,0.0,
4108,2585,advantage middlegame pin quietMove veryLong,37,45,h8h3,True,0.3481514177437983,1,0.3276533782482147,h8h3,True,0.9314285516738892,7.143413300043903,0,0.0,
4110,2748,advantage clearance long middlegame pin,63,37,d8h4,False,0.05481792297834331,6,-0.6690726280212402,c5c4,False,0.20428571105003357,7.0672455000458285,0,0.0,
4112,2392,advantage discoveredAttack discoveredCheck exposedKing middlegame veryLong,50,37,g4g5,True,0.1435288395922274,1,-0.946625292301178,g4g5,True,0.9142857193946838,7.288510500104167,0,0.0,
4114,2685,advantage fork middlegame quietMove veryLong,29,45,h2h1,True,0.3033019450013975,1,-0.9881402850151062,h2h1,True,0.9614285826683044,7.471480900072493,0,0.0,
4116,2386,crushing middlegame pin short,81,49,h3h1,True,0.6222072409521331,1,0.5186225175857544,h3h1,True,0.9785714149475098,3.1156797000439838,0,0.0,
4118,2421,attraction crushing exposedKing middlegame pin veryLong,31,2,g8h8,True,0.957063400869553,1,0.24014079570770264,g8h8,True,0.9942857027053833,5.225826799985953,0,0.0,
4120,2457,crushing hangingPiece middlegame quietMove veryLong,47,39,b7f3,True,0.6435561107847741,1,-0.22149434685707092,b7f3,True,0.8199999928474426,2.8626662000315264,0,0.0,
4122,2678,attraction crushing endgame pawnEndgame veryLong,87,12,a6b5,False,0.1685394943687486,3,-0.00662060035392642,d5c4,True,0.44857141375541687,5.579488800023682,0,0.0,
4124,2485,attraction crushing endgame long pawnEndgame,76,12,d4e4,False,0.04938191454354998,5,-0.06698603928089142,f4f5,True,0.8057143092155457,5.068760400055908,0,0.0,
4126,2366,crushing discoveredAttack discoveredCheck long middlegame,47,33,e6h3,False,0.01535342882585587,4,-0.25394824147224426,e6d5,True,0.5699999928474426,7.02076790004503,0,0.0,
4128,2446,advancedPawn crushing endgame long pin,50,41,e5e7,False,0.09627062281139974,3,0.3695335388183594,d6c7,True,0.8999999761581421,5.298854900058359,0,0.0,
4130,2399,crushing long middlegame pin,43,2,b8e8,True,0.9956963027666531,1,-0.8905919790267944,b8e8,True,1.0,6.308483199914917,0,0.0,
4132,2486,crushing deflection endgame veryLong,80,9,g6e5,False,0.043500416033641166,7,0.005974310450255871,g6e7,False,0.012857142835855484,5.01011410006322,0,0.0,
4134,2758,advancedPawn attraction bishopEndgame crushing deflection endgame exposedKing promotion veryLong,75,12,e4e3,False,0.03055757014021752,2,-0.23538921773433685,e4e3,False,0.0028571428265422583,7.293655700050294,0,0.0,
4136,2493,attraction crushing middlegame pin queensideAttack sacrifice veryLong,37,47,a2c4,False,0.13179750446404537,4,-0.24440351128578186,e7e5,False,0.4057142734527588,6.948256599949673,0,0.0,
4138,2397,crushing fork intermezzo middlegame short,35,50,h4h2,True,0.6767109181868802,1,0.12531684339046478,h4h2,True,0.9757142663002014,3.225688899983652,0,0.0,
4140,2484,advantage kingsideAttack long middlegame sacrifice,33,45,h6c1,False,0.051204953386741726,3,-0.8225917816162109,g4e3,False,0.07571428269147873,6.81255319993943,0,0.0,
4142,2481,crushing discoveredAttack discoveredCheck fork long middlegame,81,40,e5h5,False,0.09563067907231187,2,-0.5246810913085938,e5e4,True,0.9357143044471741,5.3518302999436855,0,0.0,
4144,2759,advancedPawn clearance crushing endgame fork pin promotion veryLong,75,25,d4d3,True,0.5478947310143536,1,-0.14907613396644592,d4d3,True,0.9814285635948181,5.865325800026767,0,0.0,
4146,2478,advantage long middlegame skewer,42,45,g2d5,True,0.5872308497184906,1,-0.7777554988861084,g2d5,True,0.7385714054107666,6.291646900004707,0,0.0,
4148,2405,advancedPawn advantage attraction clearance discoveredAttack middlegame sacrifice veryLong,53,43,e3e2,True,0.38543563276547244,1,0.05817946791648865,e3e2,True,0.7157142758369446,7.569999700062908,0,0.0,
4150,2791,advantage exposedKing fork middlegame veryLong,38,36,g4e6,False,0.19761888294735336,2,-0.6810824275016785,g5f6,True,0.9585714340209961,3.572857299936004,0,0.0,
4152,2462,attraction crushing long middlegame,57,31,c2d2,True,0.4122654994638614,1,-0.9678276777267456,c2d2,True,0.9728571176528931,5.344176399987191,0,0.0,
4154,2373,crushing defensiveMove middlegame pin veryLong,66,5,f7f3,True,0.6763420530686158,1,0.5273185968399048,f7f3,True,0.881428599357605,5.470891900011338,0,0.0,
4156,2626,advantage discoveredAttack long middlegame quietMove,45,29,c7g7,True,0.5454209360492314,1,-0.7410916090011597,c7g7,True,0.9728571176528931,6.510519000003114,0,0.0,
4158,2486,advantage attraction kingsideAttack middlegame sacrifice veryLong,49,40,h6h5,False,0.07349914257572963,4,-0.5466942191123962,b6f2,True,0.44285714626312256,7.903030800051056,0,0.0,
4160,2413,advantage long middlegame pin,47,2,e8e6,True,0.5737101280002378,1,-0.987760066986084,e8e6,True,0.9871428608894348,6.480963599984534,0,0.0,
4162,2677,advantage endgame long pin,64,49,f6g6,True,0.16603886556383854,1,0.09890565276145935,f6g6,True,0.8614285588264465,5.28186980006285,0,0.0,
4164,2405,advancedPawn crushing discoveredAttack discoveredCheck master middlegame short,48,42,e2e3,False,0.013319040200369732,7,0.41379478573799133,d6d7,True,0.4357142746448517,7.636896100011654,0,0.0,
4166,2542,crushing deflection kingsideAttack middlegame veryLong,31,45,d7h3,False,0.1963349070660519,2,-0.30559998750686646,e5f3,True,0.9328571557998657,2.6301439000526443,0,0.0,
4168,2365,crushing discoveredAttack kingsideAttack long middlegame pin sacrifice,39,39,c5d4,False,0.02441520979614781,8,0.2117050439119339,c5d4,False,0.0071428571827709675,5.679451799951494,0,0.0,
4170,2768,attraction crushing deflection middlegame veryLong,60,36,e6e7,False,0.005260316962081433,14,0.10118763148784637,f4f5,False,0.0,6.184071299969219,0,0.0,
4172,2617,crushing long middlegame sacrifice,34,43,f3g5,True,0.4219897657915876,1,0.27243712544441223,h1g1,False,0.27714285254478455,7.288739699986763,0,0.0,
4174,2530,advantage discoveredAttack endgame long rookEndgame,58,17,g5h6,True,0.588828047354644,1,-0.6992948055267334,g5h6,True,0.9514285922050476,6.154285500058904,0,0.0,
4176,2358,crushing long middlegame sacrifice,56,59,b3a4,False,0.0017109407760751052,18,0.05079372227191925,b3a4,False,0.0,4.707797699957155,0,0.0,
4178,2750,advantage endgame exposedKing interference kingsideAttack master veryLong,59,28,c8h3,True,0.9687031608899204,1,-0.0786001980304718,c8h3,True,0.9971428513526917,6.962900800048374,0,0.0,
4180,2670,advantage middlegame sacrifice veryLong,73,33,d6e7,False,0.04975928937821237,5,-0.27700167894363403,d6e7,False,0.0028571428265422583,8.466829699929804,0,0.0,
4182,2657,crushing defensiveMove endgame pawnEndgame quietMove sacrifice veryLong,123,7,e5e4,True,0.7708962843774927,1,0.02374742180109024,e5e4,True,0.9457142949104309,5.640793800004758,0,0.0,
4184,2415,crushing endgame pin short,90,35,b6d6,False,0.0008883021374475745,26,0.08397499471902847,b6d6,False,0.0,5.254860199987888,0,0.0,
4186,2465,advantage discoveredAttack discoveredCheck middlegame veryLong,30,38,d1a4,True,0.7721139786582116,1,-0.2089191973209381,d1a4,True,0.9900000095367432,5.799818200059235,0,0.0,
4188,2579,crushing endgame fork veryLong,65,35,d8d2,False,0.28557062497312785,2,-0.49974480271339417,a4a1,True,0.800000011920929,6.99263939994853,0,0.0,
4190,2371,advancedPawn crushing endgame long quietMove sacrifice,94,10,d3b4,False,0.0008024542121337255,9,0.3277013599872589,d3b4,False,0.0,4.590081300004385,0,0.0,
4192,2637,advantage exposedKing fork long master middlegame,59,36,f8h8,False,0.03913092358577661,5,0.1428726613521576,h7g7,True,0.8899999856948853,7.14106549997814,0,0.0,
4194,2693,crushing middlegame sacrifice veryLong,71,45,d6g3,False,0.016123299021032593,8,-0.4876611530780792,c7c6,True,0.5057142972946167,6.143982700072229,0,0.0,
4196,2796,crushing endgame exposedKing fork veryLong,79,40,e6g4,True,0.4509152869626905,1,-0.33267155289649963,e6g4,True,0.9485714435577393,6.320913800038397,0,0.0,
4198,2685,crushing middlegame quietMove sacrifice veryLong,60,38,h5f7,False,0.1256964674628895,2,0.14558279514312744,c1f1,True,0.8871428370475769,4.457287200028077,0,0.0,
4200,2384,advancedPawn crushing endgame fork veryLong,69,30,b6c4,True,0.6879360304236101,1,-0.9485557079315186,b6c4,True,0.9871428608894348,5.493674500030465,0,0.0,
4202,2771,crushing deflection master middlegame veryLong,28,39,d1f3,False,0.006674748548129387,5,-0.07694163918495178,d1f3,False,0.0,4.913507999968715,0,0.0,
4204,2733,advantage hangingPiece long middlegame,34,32,h5g6,True,0.6097249592818829,1,-0.568289577960968,h5g6,True,0.9800000190734863,6.85930350003764,0,0.0,
4206,2432,advancedPawn crushing deflection middlegame promotion veryLong,66,30,g6h7,False,0.36103187312616286,2,-0.9704365134239197,h1h7,True,0.9757142663002014,4.989411799935624,0,0.0,
4208,2423,advantage deflection endgame long pin,76,42,d8f8,False,0.0001530206383314502,29,-0.6506577730178833,d8f8,False,0.0,5.031364899943583,0,0.0,
4210,2446,attraction crushing exposedKing middlegame veryLong,36,50,c3e4,True,0.43298073304601226,1,0.3647680878639221,c3e4,True,0.691428542137146,6.288775999913923,0,0.0,
4212,2728,advantage exposedKing fork middlegame veryLong,89,35,b6e6,True,0.6998784941683264,1,-0.7862274646759033,b6e6,True,0.9871428608894348,4.805502000031993,0,0.0,
4214,2575,crushing long middlegame sacrifice,45,43,e8e2,True,0.4209842026718384,1,-0.7090628743171692,e8e2,True,0.9714285731315613,6.125868499977514,0,0.0,
4216,2651,crushing deflection discoveredCheck doubleCheck exposedKing middlegame veryLong,55,45,g8g3,False,0.004389119465258449,4,0.5006948113441467,e5e4,False,0.0,5.881423700018786,0,0.0,
4218,2351,advantage endgame fork long quietMove,57,34,c6f3,False,0.0025817836514899707,9,-0.12154141813516617,a8b7,False,0.0,5.8859018998919055,0,0.0,
4220,2361,attraction crushing kingsideAttack middlegame pin sacrifice veryLong,34,54,h1e1,False,0.00855496525394492,11,0.007494654506444931,d4f2,False,0.0,6.466817099950276,0,0.0,
4222,2443,crushing defensiveMove fork middlegame veryLong,58,45,h5f6,True,0.4992923155445789,1,0.12310072034597397,h5f6,True,0.9700000286102295,6.87682380003389,0,0.0,
4224,2729,crushing endgame exposedKing fork long,98,32,d6f6,False,0.1451750762075992,3,-0.09324365854263306,f3d5,True,0.8871428370475769,5.23327079997398,0,0.0,
4226,2471,attraction crushing endgame long master sacrifice,64,41,a2f7,True,0.24587883852355083,1,-0.7187157273292542,a2f7,True,0.954285740852356,5.54814810003154,0,0.0,
4228,2674,crushing deflection kingsideAttack opening veryLong,31,48,d3e3,True,0.4812792739524739,1,0.2101619839668274,d3e3,True,0.9557142853736877,5.712814399972558,0,0.0,
4230,2451,advancedPawn crushing deflection endgame pawnEndgame quietMove veryLong zugzwang,85,8,e6f5,True,0.4549857044360964,1,-0.052747078239917755,e6f5,True,0.9285714030265808,5.847190300002694,0,0.0,
4232,2519,advancedPawn attraction crushing deflection endgame exposedKing pawnEndgame promotion quietMove veryLong,74,7,d4d5,True,0.7275741875478358,1,-0.176932230591774,d4d5,True,0.991428554058075,6.482553299982101,0,0.0,
4234,2642,crushing long middlegame pin,41,36,a2c2,False,0.020315110860473027,2,0.2967933416366577,a2c2,False,0.012857142835855484,5.900306099909358,0,0.0,
4236,2456,crushing master middlegame sacrifice short,44,50,f4e4,False,0.00026015805172858043,20,0.4425116777420044,f4e4,False,0.0,5.851257000002079,0,0.0,
4238,2680,advantage defensiveMove deflection discoveredAttack middlegame veryLong,34,44,e4d6,True,0.7020075733615072,1,-0.9863343834877014,e4d6,True,0.9885714054107666,5.814600800047629,0,0.0,
4240,2704,advantage attraction middlegame sacrifice veryLong,80,30,h7h8,False,0.13343823156545204,3,-0.0595540814101696,h7h8,False,0.06285714358091354,6.282714299974032,0,0.0,
4242,2558,attraction kingsideAttack mate mateIn4 middlegame pillsburysMate sacrifice veryLong,46,30,e2f2,False,0.27806197871193,2,-0.030248772352933884,e2f2,False,0.017142856493592262,6.108184800017625,0,0.0,
4244,2539,crushing master masterVsMaster middlegame pin veryLong,55,46,d3e3,True,0.8454621489408439,1,0.5321808457374573,d3e3,True,0.9928571581840515,6.038573400001042,0,0.0,
4246,2795,crushing discoveredCheck doubleCheck endgame veryLong,48,32,d5e6,True,0.8792571593713703,1,0.009471072815358639,d5e6,True,0.9828571677207947,6.157345999963582,0,0.0,
4248,2374,crushing middlegame sacrifice veryLong,33,45,a2a1,True,0.7205383205840389,1,-0.293235182762146,c8e6,False,0.14000000059604645,3.033209200017154,0,0.0,
4250,2747,advantage attraction long middlegame sacrifice,46,40,d3f5,False,0.15426717531648254,4,-0.3567274212837219,g1g6,True,0.9357143044471741,7.438340299995616,0,0.0,
4252,2607,clearance crushing fork middlegame veryLong,44,6,f3d4,True,0.8019412174895254,1,-0.27444988489151,f3d4,True,0.9928571581840515,4.621377700008452,0,0.0,
4254,2371,crushing endgame hangingPiece short,61,27,g4d1,True,0.5353975185206669,1,-0.2520541250705719,g4d1,True,0.9785714149475098,6.376361500006169,0,0.0,
4256,2351,crushing defensiveMove endgame hangingPiece long rookEndgame,105,18,e2d3,True,0.9896565034083266,1,0.3054325580596924,e2d3,True,0.9985714554786682,7.2796366000548005,0,0.0,
4258,2702,advantage endgame long pin,58,35,g3e5,True,0.5131980375376599,1,-0.07764992862939835,g3e5,True,0.9642857313156128,5.625691200024448,0,0.0,
4260,2667,advancedPawn crushing endgame hangingPiece veryLong,75,34,h3g2,False,0.3202531323871706,2,0.1026437059044838,e3g5,True,0.8042857050895691,6.040895799989812,0,0.0,
4262,2369,crushing deflection endgame exposedKing long,65,34,d8d3,True,0.7722154559879116,1,-0.9765697717666626,d8d3,True,0.9885714054107666,5.079452700098045,0,0.0,
4264,2478,advantage kingsideAttack middlegame sacrifice veryLong,46,43,h2h4,False,0.044342587723912044,6,-0.5408068895339966,d3e4,False,0.4585714340209961,5.5650898000458255,0,0.0,
4266,2532,advantage discoveredAttack discoveredCheck intermezzo long middlegame,51,44,d6e5,False,0.10673228507784949,2,-0.13438494503498077,d6e5,False,0.2142857164144516,7.849629400065169,0,0.0,
4268,2660,advancedPawn crushing deflection endgame promotion veryLong,92,30,f3e5,False,0.3560684469003458,2,-0.17884233593940735,b6b7,True,0.6471428275108337,5.780138100031763,0,0.0,
4270,2783,crushing defensiveMove fork middlegame sacrifice veryLong,46,46,e3h6,False,0.1006691053073204,4,0.026055144146084785,f3h3,False,0.4228571355342865,7.113150199991651,0,0.0,
4272,2465,crushing middlegame pin short,24,42,g5f6,False,0.00029805585863716894,16,0.10949444025754929,g5f4,False,0.0,5.43341529997997,0,0.0,
4274,2566,crushing endgame long pin,45,30,g5h6,False,0.07712603358409663,3,-0.756210446357727,d7h3,True,0.6757143139839172,4.5404605000512674,0,0.0,
4276,2441,crushing defensiveMove deflection endgame pawnEndgame veryLong zugzwang,62,8,h4g5,True,0.41069974194213105,1,-0.3346721827983856,h4h5,False,0.16428571939468384,7.1579248999478295,0,0.0,
4278,2501,advantage capturingDefender long middlegame pin,38,36,c1c8,False,0.1912010712105236,3,0.41796496510505676,c1c8,False,0.2199999988079071,6.9664376000873744,0,0.0,
4280,2593,advantage doubleCheck long middlegame,35,44,f3h4,False,0.10036654818392746,4,-0.2890951931476593,f3e1,True,0.6028571724891663,8.071872400003485,0,0.0,
4282,2489,crushing endgame long master sacrifice,62,26,f3h3,False,0.05077363250205204,7,-0.13877540826797485,f3f4,True,0.5642856955528259,6.61459080001805,0,0.0,
4284,2411,discoveredAttack endgame epauletteMate mate mateIn2 queenEndgame short,83,20,e2e5,False,0.02663074598108272,3,-0.3673461079597473,e2e5,False,0.0028571428265422583,6.720640700077638,0,0.0,
4286,2521,crushing exposedKing fork middlegame veryLong,37,44,h6h4,True,0.28066933520785037,1,-0.6455392241477966,h6h4,True,0.977142870426178,5.627910100040026,0,0.0,
4288,2362,crushing endgame interference veryLong,59,32,h6h2,True,0.4330887132030474,1,-0.9637729525566101,h6h2,True,0.9685714244842529,6.601452799979597,0,0.0,
4290,2429,advantage defensiveMove endgame pin short,69,21,e7b7,False,0.01720746839027765,8,-0.4907045066356659,c3c2,False,0.014285714365541935,6.485542400041595,0,0.0,
4292,2533,crushing endgame long sacrifice,92,11,g6e7,False,0.03188020069309326,5,-0.024324405938386917,g6e7,False,0.019999999552965164,4.756896600010805,0,0.0,
4294,2506,attraction crushing kingsideAttack middlegame veryLong,62,30,g3g6,False,0.10536290171411185,2,-0.04361451789736748,h7g7,True,0.918571412563324,4.270522900042124,0,0.0,
4296,2540,crushing middlegame pin short,53,29,g7g3,False,0.09576487597032256,3,-0.2086973637342453,h8h4,True,0.8371428847312927,6.162056999979541,0,0.0,
4298,2368,crushing deflection kingsideAttack middlegame veryLong,23,44,d7h3,False,0.2534507902281446,2,0.016651934012770653,d4f3,True,0.8528571724891663,5.565501500037499,0,0.0,
4300,2429,advancedPawn attraction crushing endgame exposedKing pin sacrifice skewer veryLong,82,24,c8c5,False,0.23157691715019987,2,0.6123185157775879,c8c5,False,0.1728571355342865,4.960579999955371,0,0.0,
4302,2734,attraction crushing middlegame quietMove sacrifice veryLong,65,41,d6d3,False,0.0032050201040658417,8,0.02761041559278965,h5f4,False,0.0,7.403708199970424,0,0.0,
4304,2544,advantage long middlegame pin,44,43,h5h6,True,0.6954182076713076,1,-0.6214665174484253,h5h6,True,0.9228571653366089,8.021021699998528,0,0.0,
4306,2487,advantage endgame long pin,49,37,g4f5,False,0.14271902064261768,4,-0.31896546483039856,g4g6,True,0.9685714244842529,4.139031400089152,0,0.0,
4308,2669,crushing long middlegame sacrifice,34,44,b3c2,False,0.0008752533162946017,18,0.2880358099937439,a1d1,False,0.0,5.689420300070196,0,0.0,
4310,2447,attraction collinearMove crushing discoveredAttack discoveredCheck opening sacrifice veryLong,26,42,c1a3,True,0.5347060439905227,1,-0.08543872088193893,c1a3,True,0.7228571176528931,7.5628726000431925,0,0.0,
4312,2753,advantage endgame hangingPiece long,96,18,a4b5,True,0.8986751539535345,1,-0.8555620908737183,a4b5,True,0.9942857027053833,8.125611299998127,0,0.0,
4314,2452,advantage exposedKing hangingPiece middlegame veryLong,36,41,e2f3,True,0.9318414069878788,1,0.29220056533813477,e2f3,True,0.9371428489685059,1.1742936000227928,0,0.0,
4316,2521,advantage kingsideAttack long opening sacrifice,25,46,d8h4,False,8.880171838630153e-05,27,0.28897711634635925,d8h4,False,0.0,5.521835400024429,0,0.0,
4318,2467,advantage clearance deflection master middlegame pin veryLong,65,35,d5e6,False,0.034932780566410214,6,-0.42691242694854736,d5e6,False,0.17571428418159485,5.0549695999361575,0,0.0,
4320,2428,advantage discoveredCheck doubleCheck exposedKing long middlegame sacrifice,29,41,e5g6,False,0.0009813078972629467,9,-0.08524911105632782,e5g6,False,0.0,4.904683899949305,0,0.0,
4322,2456,advantage deflection endgame long,71,44,d3g3,True,0.6411077330272332,1,-0.22362904250621796,d3g3,True,0.9785714149475098,6.36173919995781,0,0.0,
4324,2569,advancedPawn capturingDefender crushing middlegame veryLong,51,32,d8f8,False,0.10369868397551171,3,-0.006522677838802338,d8f8,False,0.06142857298254967,7.106139600044116,0,0.0,
4326,2608,crushing middlegame pin short,64,43,e6g6,False,0.0002105496231047747,27,0.47897276282310486,e6g6,False,0.0,2.649338399991393,0,0.0,
4328,2629,advantage clearance discoveredAttack discoveredCheck long middlegame,54,35,f5f6,True,0.6685426208397593,1,-0.7790306806564331,f5f6,True,0.9785714149475098,7.605446900008246,0,0.0,
4330,2526,crushing middlegame pin quietMove veryLong,42,37,f1f3,False,0.08420915522903157,3,0.07839880138635635,f1f3,False,0.009999999776482582,4.294587499927729,0,0.0,
4332,2574,crushing defensiveMove long middlegame sacrifice,26,40,c3e4,True,0.77806756586558,1,0.33723145723342896,c3e4,True,0.8500000238418579,7.111668800003827,0,0.0,
4334,2410,crushing kingsideAttack long middlegame sacrifice,42,46,a2a3,False,0.0001177225707753973,40,-0.390206515789032,d1d8,False,0.0,6.276999599998817,0,0.0,
4336,2384,advantage deflection intermezzo long middlegame sacrifice,75,33,c7d5,False,0.17813958542647168,3,-0.3970094323158264,d8d5,True,0.9085714221000671,5.256296599982306,0,0.0,
4338,2468,crushing discoveredAttack discoveredCheck exposedKing middlegame veryLong,51,34,h7h3,True,0.9035406006005477,1,0.5911484360694885,h7h3,True,0.991428554058075,7.820002100081183,0,0.0,
4340,2561,advantage endgame long pin sacrifice,70,32,d3e2,False,0.1649258307654363,2,0.2358446717262268,d3c3,True,0.572857141494751,8.607470999937505,0,0.0,
4342,2622,crushing long middlegame pin,75,40,e1c1,False,0.1455003230063282,2,-0.7015275955200195,a6f1,True,0.9685714244842529,6.331669799983501,0,0.0,
4344,2556,advantage middlegame pin veryLong,63,42,c6e5,False,0.35297670463832953,2,-0.18963873386383057,c6e5,False,0.041428569704294205,6.615069100051187,0,0.0,
4346,2404,advantage attraction long master masterVsMaster middlegame sacrifice,32,36,g2h3,False,0.04680590889421466,4,-0.9768742918968201,d1d8,True,0.8357142806053162,5.8131525999633595,0,0.0,
4348,2611,crushing exposedKing interference long middlegame,47,23,d4e2,True,0.35721972696911947,1,-0.840438961982727,d4e2,True,0.9785714149475098,3.615400100010447,0,0.0,
4350,2569,advancedPawn advantage endgame quietMove sacrifice short,87,19,e3e2,False,0.024964679304817567,8,-0.4735780358314514,e3e2,False,0.0014285714132711291,5.846432699938305,0,0.0,
4352,2594,advancedPawn clearance crushing discoveredAttack endgame promotion quietMove rookEndgame veryLong,86,11,d1e1,False,0.22521741791523398,2,-0.7991808652877808,a8h8,True,0.941428542137146,4.948825199971907,0,0.0,
4354,2789,crushing hangingPiece intermezzo middlegame sacrifice veryLong,81,29,f8f2,False,0.3780335569885431,2,0.15866561233997345,g3d6,True,0.9100000262260437,5.816430400009267,0,0.0,
4356,2680,advantage endgame exposedKing fork master veryLong,113,32,d5d4,False,0.3821690585800498,2,-0.18192371726036072,d1a1,True,0.9657142758369446,4.560970299993642,0,0.0,
4358,2466,advancedPawn crushing endgame fork long master masterVsMaster,85,13,h3h2,True,0.810973894609556,1,-0.0459817498922348,h3h2,True,0.9785714149475098,6.087874999968335,0,0.0,
4360,2453,advantage long middlegame sacrifice,62,40,g7g8,False,0.09592175452836127,4,0.6046956777572632,c3b4,True,0.9457142949104309,0.9642894000280648,0,0.0,
4362,2728,advantage defensiveMove endgame pin veryLong,53,33,a8c8,True,0.7084603722736973,1,0.004344290588051081,a8c8,True,0.9614285826683044,5.622767599998042,0,0.0,
4364,2721,attraction crushing endgame short,69,38,h1e4,False,0.026279015082991006,3,0.5296416282653809,h1e4,False,0.2857142984867096,3.4883479999843985,0,0.0,
4366,2599,advantage hangingPiece master middlegame quietMove veryLong,43,34,d8d7,True,0.9836768995376726,1,0.2156749814748764,d8d7,True,0.9985714554786682,5.7825662000104785,0,0.0,
4368,2767,crushing long middlegame queensideAttack quietMove sacrifice,41,42,c5e4,False,0.0029869500065214127,4,0.1494424045085907,c5e4,False,0.0,5.227868499932811,0,0.0,
4370,2474,attraction crushing kingsideAttack long middlegame sacrifice,42,52,h3f5,False,0.003913216202875376,25,-0.6379222273826599,f3g5,False,0.0,5.9909256000537425,0,0.0,
4372,2657,crushing long master masterVsMaster middlegame pin quietMove,40,35,g1g2,False,0.003964553313274291,18,-0.5984775424003601,g3g4,False,0.0,2.1379309999756515,0,0.0,
4374,2495,advantage fork middlegame veryLong,53,39,f2e3,True,0.33978082901309176,1,0.8058843612670898,c8e8,False,0.08285713940858841,8.34051410004031,0,0.0,
4376,2614,advantage discoveredAttack discoveredCheck long middlegame,57,41,a2b3,True,0.74783743478564,1,-0.4410278797149658,a2b3,True,0.9785714149475098,5.537404400063679,0,0.0,
4378,2467,crushing defensiveMove hangingPiece opening short,26,39,e5f6,False,0.326352799388267,2,-0.3973541557788849,d1d4,True,0.8142856955528259,7.470717800082639,0,0.0,
4380,2430,crushing discoveredAttack middlegame short,57,34,e5f3,True,0.6824851354340056,1,-0.32092082500457764,e5f3,True,0.9842857122421265,5.334250299958512,0,0.0,
4382,2398,advantage attraction master middlegame sacrifice veryLong,36,44,b2c3,False,0.023757270792250644,3,0.17355558276176453,g1g7,True,0.7857142686843872,7.676660900004208,0,0.0,
4384,2661,crushing endgame pin short,43,38,e8f7,False,0.004335155996738606,13,-0.3052087128162384,e7b4,False,0.0,6.063215699978173,0,0.0,
4386,2593,advancedPawn advantage endgame promotion sacrifice veryLong,63,27,c4c3,True,0.4056821672345734,1,-0.5670152306556702,c4c3,True,0.9671428799629211,9.616576800006442,0,0.0,
4388,2373,crushing endgame fork long,66,34,c5e6,False,0.17998675481005574,2,0.5038308501243591,g5e7,True,0.9514285922050476,5.7562800999730825,0,0.0,
4390,2467,crushing fork long middlegame pin,62,39,d3e4,False,0.0653689040648296,3,-0.7122734189033508,f6g6,True,0.6514285802841187,4.760034900042228,0,0.0,
4392,2512,crushing long middlegame pin,34,46,f3f5,False,0.002112183329824629,17,-0.2849132716655731,f3f4,False,0.0,7.2699890999356285,0,0.0,
4394,2530,advancedPawn crushing deflection endgame long promotion rookEndgame,108,19,f3f2,False,0.19265139294418976,2,-0.8877211213111877,c6c7,True,0.9528571367263794,5.450497100013308,0,0.0,
4396,2486,discoveredAttack discoveredCheck endgame mate mateIn5 pillsburysMate quietMove veryLong,75,22,g8f8,False,0.025937613493535995,8,-0.8469403386116028,h3f3,True,0.727142870426178,1.7585457999957725,0,0.0,
4398,2446,attraction crushing endgame fork long,67,31,c6e4,False,0.026002018452906193,7,0.6250964403152466,c6a4,False,0.004285714123398066,5.036345300031826,0,0.0,
4400,2658,advantage middlegame sacrifice trappedPiece veryLong,47,39,d6a6,False,0.05226036686859768,3,-0.7828348875045776,b4c6,False,0.0071428571827709675,6.698386500007473,0,0.0,
4402,2741,clearance crushing master middlegame pin quietMove short,86,31,e6f7,False,0.0028128915791747026,6,0.5937669277191162,e6f7,False,0.0,7.1783460000297055,0,0.0,
4404,2717,advantage clearance discoveredAttack discoveredCheck endgame long quietMove,75,35,e7h4,True,0.32859750803359056,1,-0.26083582639694214,e7g5,False,0.2971428632736206,6.815716799930669,0,0.0,
4406,2628,crushing long middlegame quietMove sacrifice,50,39,c1d1,False,0.019745373752346414,9,-0.30102187395095825,c1c5,False,0.004285714123398066,7.1168976000044495,0,0.0,
4408,2446,crushing long opening pin quietMove sacrifice,25,35,g4e3,False,0.2177056730710048,2,-0.30432403087615967,c8d7,True,0.9557142853736877,6.66367659997195,0,0.0,
4410,2691,advantage attraction middlegame sacrifice veryLong xRayAttack,28,41,a1b1,False,0.292404814679602,2,0.10521110892295837,f3g4,True,0.47999998927116394,7.648873200058006,0,0.0,
4412,2758,advantage fork long middlegame pin sacrifice,56,43,f5h6,False,0.016729333581016283,6,0.43799179792404175,f5g7,False,0.16857142746448517,8.781041299924254,0,0.0,
4414,2561,advantage fork long master masterVsMaster middlegame,66,38,f2f3,False,0.1559618494294136,2,-0.02892933040857315,e4f6,True,0.9528571367263794,6.203847000026144,0,0.0,
4416,2440,advantage endgame sacrifice veryLong,88,30,g4b4,True,0.9154205442417396,1,-0.5595839023590088,g4b4,True,0.991428554058075,4.396892899996601,0,0.0,
4418,2488,advantage defensiveMove middlegame pin veryLong,48,7,e1f1,True,0.5308612497908073,1,-0.8334365487098694,e1f1,True,0.7357142567634583,8.176894299918786,0,0.0,
4420,2354,clearance crushing kingsideAttack middlegame skewer veryLong,46,41,f6h6,True,0.470091758143696,1,0.16130073368549347,f6h6,True,0.9800000190734863,3.395464300061576,0,0.0,
4422,2588,deflection mate mateIn5 middlegame veryLong,75,41,c4c1,True,0.5110287394279605,1,-0.19084632396697998,c4c1,True,0.977142870426178,1.878677999950014,0,0.0,
4424,2485,crushing deflection fork middlegame quietMove sacrifice veryLong,57,42,h4h3,True,0.38330790738984477,1,-0.9890804886817932,b4e7,False,0.09000000357627869,6.9539258000440896,0,0.0,
4426,2456,crushing middlegame quietMove veryLong xRayAttack,58,49,c1e1,True,0.29912959004075146,1,-0.14839185774326324,h5h6,False,0.04714285582304001,6.25194270000793,0,0.0,
4428,2493,advantage defensiveMove endgame fork master short,58,44,d3e4,False,0.08640575644384475,2,-0.688273012638092,b2f6,True,0.918571412563324,6.928804300026968,0,0.0,
4430,2560,advantage attraction endgame veryLong,69,32,e3e2,True,0.5231875581999896,1,0.01607641577720642,e3e2,True,0.9357143044471741,6.750812800019048,0,0.0,
4432,2361,advantage clearance kingsideAttack middlegame veryLong xRayAttack,35,49,b4d6,False,0.11091335939286147,3,-0.032019756734371185,b4d6,False,0.26571428775787354,8.296467200038023,0,0.0,
4434,2512,advantage endgame long pin,59,37,e5f3,True,0.5523534308733001,1,-0.1720946878194809,a3b4,False,0.07999999821186066,8.049216200015508,0,0.0,
4436,2419,advantage deflection middlegame pin queensideAttack veryLong,43,35,a2a1,True,0.9685806890851753,1,-0.5684131979942322,a2a1,True,0.991428554058075,6.404716199962422,0,0.0,
4438,2624,advantage discoveredAttack exposedKing kingsideAttack middlegame pin veryLong,64,40,f5h6,False,0.015453585095988345,8,0.6236379742622375,a2a3,False,0.004285714123398066,7.103842100012116,0,0.0,
4440,2645,advantage middlegame quietMove skewer veryLong,36,31,g5g8,True,0.9974836472801633,1,0.14264069497585297,g5g8,True,0.9985714554786682,6.342262799968012,0,0.0,
4442,2629,advantage hangingPiece long middlegame,44,38,e3d4,False,0.4176784950966245,2,0.015630638226866722,e3d4,False,0.40142858028411865,7.964540099957958,0,0.0,
4444,2613,advantage discoveredAttack middlegame short,34,39,e2h5,False,0.06815870932643069,6,0.2990638315677643,e2h5,False,0.15571428835391998,5.984789700014517,0,0.0,
4446,2480,advancedPawn crushing discoveredAttack endgame exposedKing sacrifice veryLong,91,16,h3h2,True,0.6089527397510491,1,-0.3307197690010071,h3h2,True,0.941428542137146,7.241917200037278,0,0.0,
4448,2754,crushing defensiveMove deflection endgame long,96,28,g1g7,True,0.8546382078018342,1,-0.03198729455471039,g1g7,True,0.9857142567634583,5.7471217000857,0,0.0,
4450,2578,advantage hangingPiece long opening,25,35,f6e4,True,0.5508080212124493,1,-0.07234713435173035,f6e4,True,0.9671428799629211,5.493907600059174,0,0.0,
4452,2536,crushing middlegame sacrifice veryLong,57,36,h2h1,False,0.12869840340396957,2,0.7420735955238342,f8f4,True,0.9700000286102295,2.234893999993801,0,0.0,
4454,2689,advantage attraction defensiveMove deflection long middlegame sacrifice,54,4,e1e3,True,0.49483779649467696,1,-0.03970515727996826,e1e3,True,0.9485714435577393,6.564154899911955,0,0.0,
4456,2351,crushing deflection discoveredAttack long middlegame,59,30,h5h2,False,0.020650919245979615,6,-0.05407301336526871,g4g3,True,0.7557142972946167,4.563792500062846,0,0.0,
4458,2481,advantage long middlegame skewer,74,39,f1f5,False,0.14142625875558723,3,-0.4657040536403656,d7e8,True,0.8485714197158813,7.374045199947432,0,0.0,
4460,2386,advantage fork middlegame veryLong,49,30,f5f4,False,0.12923110564137444,3,-0.8744468688964844,f6h4,True,0.9385714530944824,6.881717700045556,0,0.0,
4462,2423,advantage deflection long middlegame,50,2,g1h1,True,0.6268985245394867,1,0.08678211271762848,g1h1,True,0.9828571677207947,7.296067700022832,0,0.0,
4464,2661,crushing kingsideAttack long middlegame sacrifice,46,46,c1c7,False,0.016952903422417946,10,0.15584702789783478,e5g4,False,0.0071428571827709675,7.214839200023562,0,0.0,
4466,2360,advantage long middlegame pin queensideAttack,45,39,e7b4,False,0.17297734622291833,2,-0.19996626675128937,a6b6,False,0.11428571492433548,4.869692599982955,0,0.0,
4468,2506,advantage capturingDefender endgame long master,83,26,f1c4,False,0.04206647289915914,8,-0.5061630010604858,h4e1,False,0.04714285582304001,8.144736799993552,0,0.0,
4470,2594,advantage endgame exposedKing fork long,69,27,h7h3,True,0.5158021480218656,1,0.22632068395614624,h7h3,True,0.595714271068573,8.948430999997072,0,0.0,
4472,2430,advantage kingsideAttack long master middlegame pin,35,52,f5e4,False,0.0027591126288732484,3,-0.325857549905777,f5e4,False,0.0,4.912891699932516,0,0.0,
4474,2484,advantage middlegame pin veryLong,39,2,g8h8,True,0.8762448170570212,1,-0.9215521216392517,g8h8,True,0.991428554058075,6.728371399920434,0,0.0,
4476,2485,advantage exposedKing fork middlegame veryLong,69,32,g3h3,True,0.8820679971894377,1,0.06308836489915848,g3h3,True,0.9714285731315613,3.981021099956706,0,0.0,
4478,2484,crushing discoveredAttack discoveredCheck middlegame veryLong,40,6,c1b1,False,0.037948289267068114,4,-0.9482561349868774,d5f4,True,0.8899999856948853,5.793386500095949,0,0.0,
4480,2375,crushing fork long middlegame,50,46,e5d7,True,0.3374170768969973,1,0.04965687915682793,e5d7,True,0.9585714340209961,5.449201199924573,0,0.0,
4482,2623,advantage deflection hangingPiece middlegame veryLong,40,42,c6a8,True,0.9444890604497744,1,0.7619755268096924,c6a8,True,0.9957143068313599,4.393702000030316,0,0.0,
4484,2380,advantage endgame fork master sacrifice veryLong,46,37,f4h5,False,0.21314853575568887,2,-0.8958864212036133,f4h5,False,0.05000000074505806,6.782098399940878,0,0.0,
4486,2470,crushing hangingPiece middlegame short,57,24,c5d4,False,0.457217181086323,2,0.7672127485275269,e7d7,True,0.9842857122421265,4.209295699954964,0,0.0,
4488,2774,attraction mate mateIn5 middlegame sacrifice veryLong,49,43,f5d3,False,0.006264020648262989,7,-0.9657654166221619,c4d2,False,0.0,7.462590700015426,0,0.0,
4490,2754,advantage deflection endgame pin veryLong,41,28,b7b1,False,0.200963976461537,2,0.17825981974601746,b7b4,True,0.7471428513526917,6.082688599941321,0,0.0,
4492,2399,crushing exposedKing middlegame sacrifice veryLong,57,35,d6e5,True,0.4457415886651389,1,-0.39520516991615295,d6e5,True,0.9800000190734863,5.319477399927564,0,0.0,
4494,2415,advancedPawn crushing endgame hangingPiece long,64,24,e5d6,True,0.9683153164402611,1,-0.7767802476882935,e5d6,True,0.9971428513526917,6.945073500042781,0,0.0,
4496,2638,crushing fork middlegame sacrifice veryLong,25,52,f8f2,False,0.12649037937750268,3,0.2920062243938446,a8e8,True,0.8971428275108337,8.775041499990039,0,0.0,
4498,2442,crushing endgame hangingPiece long rookEndgame,97,11,c4b3,True,0.9031834950101302,1,-0.39531657099723816,c4b3,True,0.9942857027053833,4.505876100040041,0,0.0,
4500,2551,advantage clearance endgame long pin,79,36,e4g4,False,0.002288322834278424,10,0.2141086310148239,e4g4,False,0.0,6.120521899894811,0,0.0,
4502,2634,advantage attraction middlegame sacrifice veryLong,35,52,e4c3,False,0.14753905557558536,2,-0.24587617814540863,d4d3,True,0.7671428322792053,7.23144079989288,0,0.0,
4504,2351,crushing intermezzo middlegame pin sacrifice veryLong,75,36,g7d4,True,0.6947841992122807,1,-0.6329145431518555,g7d4,True,0.9714285731315613,5.88149759999942,0,0.0,
4506,2757,crushing long middlegame sacrifice,32,44,g5d2,False,0.22167933314890376,2,-0.06276702135801315,g5f6,False,0.014285714365541935,6.76682730007451,0,0.0,
4508,2366,advantage attraction deflection fork middlegame sacrifice veryLong,46,56,b5f1,False,0.05911418463120837,5,-0.5443996787071228,c8f8,True,0.9385714530944824,4.886780699947849,0,0.0,
4510,2359,attraction crushing long middlegame sacrifice,44,42,h8h7,False,0.029638840680860014,4,0.46291059255599976,h8h7,False,0.2685714364051819,7.816355799906887,0,0.0,
4512,2601,crushing defensiveMove endgame fork quietMove veryLong,68,14,e3a7,False,0.04277523451682464,2,0.31501540541648865,e3f2,True,0.7885714173316956,4.660054499981925,0,0.0,
4514,2351,attraction capturingDefender crushing endgame long,66,26,g4f5,False,0.046684862491310604,2,0.7861578464508057,b6d7,True,0.808571457862854,4.983720600022934,0,0.0,
4516,2407,crushing endgame hangingPiece long,66,25,d7d8,False,0.3417671912820457,2,0.013729888945817947,f5g6,True,0.9457142949104309,4.238073399988934,0,0.0,
4518,2414,crushing defensiveMove endgame hangingPiece knightEndgame short,97,5,c5b7,True,0.9912273349642923,1,-0.5223151445388794,c5b7,True,1.0,5.566080100019462,0,0.0,
4520,2398,advantage defensiveMove fork long middlegame pin,43,51,h4f2,True,0.8613231589508484,1,-0.4413444995880127,h4f2,True,0.9900000095367432,5.77769180003088,0,0.0,
4522,2363,crushing discoveredAttack discoveredCheck master middlegame short,68,34,b1f1,True,0.5510811924714163,1,-0.4664318859577179,b1f1,True,0.9614285826683044,6.8259410000173375,0,0.0,
4524,2368,advantage middlegame sacrifice short,34,45,e1e8,False,0.04467652313112249,4,-0.9522193670272827,e1e8,False,0.4028571546077728,6.412266499944963,0,0.0,
4526,2505,clearance crushing deflection endgame master skewer veryLong,84,26,d3f5,False,0.121593641472909,3,-0.08123616874217987,d3g6,True,0.9485714435577393,5.153730100020766,0,0.0,
4528,2623,advancedPawn clearance crushing endgame hangingPiece promotion rookEndgame veryLong,80,17,b7a8,True,0.9279023177815454,1,-0.1041191816329956,b7a8,True,0.9942857027053833,8.487198899965733,0,0.0,
4530,2620,crushing deflection fork long opening,16,26,e3e4,False,0.08683367229083278,5,-0.40709200501441956,f3e5,True,0.9457142949104309,5.583051200024784,0,0.0,
4532,2470,clearance mate mateIn4 middlegame sacrifice veryLong,52,53,d1d8,False,0.0655812365640945,4,0.6950734853744507,d1d8,False,0.07428571581840515,7.255589700071141,0,0.0,
4534,2497,crushing deflection endgame rookEndgame veryLong,112,20,f5f6,False,0.07887035008578368,3,0.06542672961950302,a7a4,True,0.48428571224212646,5.2963225999847054,0,0.0,
4536,2441,crushing endgame exposedKing fork quietMove veryLong,89,22,h5h4,True,0.4744435541863405,1,-0.3611740469932556,h5h4,True,0.9671428799629211,5.660532799898647,0,0.0,
4538,2518,advantage master middlegame pin short,38,43,g5f6,True,0.38173547769188715,1,-0.8190286159515381,g5f6,True,0.6414285898208618,8.22197060007602,0,0.0,
4540,2530,advantage middlegame pin short,23,48,c8h3,True,0.47430980986019666,1,-0.421038419008255,c8h3,True,0.9257143139839172,7.04582370002754,0,0.0,
4542,2492,crushing endgame queensideAttack sacrifice veryLong,56,29,a7a8,False,0.021825307276751395,11,-0.27082952857017517,a7a8,False,0.0014285714132711291,4.592666000011377,0,0.0,
4544,2385,advantage exposedKing fork middlegame veryLong,34,51,e1e8,True,0.6227830446668192,1,-0.14067237079143524,e1e8,True,0.9814285635948181,5.061485599959269,0,0.0,
4546,2437,attraction mate mateIn4 middlegame queensideAttack sacrifice veryLong,46,46,b5d6,False,0.006980515853282086,19,0.39972782135009766,g1h1,False,0.0,7.563944000052288,0,0.0,
4548,2539,attackingF2F7 crushing long middlegame pin,36,50,e3c5,False,0.16851240303741832,3,0.09596391022205353,c3e4,True,0.7599999904632568,6.250303699984215,0,0.0,
4550,2565,advantage fork middlegame quietMove veryLong,30,50,d6c7,False,0.01201838733664183,7,-0.4076406955718994,g2g3,False,0.3471428453922272,5.960522899986245,0,0.0,
4552,2673,crushing middlegame pin quietMove short,55,48,e5e4,False,0.03527572229518097,5,-0.3748939335346222,g7h6,True,0.8657143115997314,3.8694721000501886,0,0.0,
4554,2441,crushing discoveredAttack discoveredCheck middlegame short,71,33,g8g3,False,0.015882306187978524,6,-0.03537838160991669,g8g3,False,0.0057142856530845165,6.625712199951522,0,0.0,
4556,2662,advantage middlegame pin short,34,44,f4d6,False,0.07865530097850523,3,-0.6671677231788635,a3b5,True,0.5628571510314941,5.916181099950336,0,0.0,
4558,2439,long mate mateIn3 middlegame sacrifice,34,51,b4f8,False,0.0026008453561830657,17,0.5634640455245972,b4f8,False,0.0,6.886977800051682,0,0.0,
4560,2691,advantage long middlegame sacrifice,28,38,d3h7,False,0.010875707284371565,4,0.2811036705970764,e5f6,False,0.012857142835855484,6.671686699963175,0,0.0,
4562,2635,advantage bishopEndgame deflection endgame long,78,11,h3g4,False,0.003927247574350923,6,0.2986176311969757,h3g4,False,0.0,6.765189499943517,0,0.0,
4564,2526,crushing endgame fork veryLong,83,28,g5e3,True,0.32837179709292486,1,-0.5173934698104858,g5e3,True,0.9557142853736877,5.785980600048788,0,0.0,
4566,2403,crushing fork master middlegame pin veryLong,50,25,f3g5,True,0.5296233545121571,1,-0.32308924198150635,f3g5,True,0.977142870426178,5.374861400108784,0,0.0,
4568,2393,advantage discoveredAttack discoveredCheck middlegame veryLong,31,2,e7d8,True,0.9788901061414923,1,-0.1750308871269226,e7d8,True,0.9942857027053833,6.810287500033155,0,0.0,
4570,2582,crushing endgame long master trappedPiece,98,16,b4b5,True,0.36728057698999567,1,0.5231585502624512,b4b5,True,0.9128571152687073,5.325955400010571,0,0.0,
4572,2762,castling crushing discoveredAttack discoveredCheck exposedKing fork middlegame veryLong,50,42,g6h7,True,0.5112747605850351,1,-0.5306320786476135,g6h7,True,0.8671428561210632,6.428185399970971,0,0.0,
4574,2537,advantage exposedKing middlegame pin veryLong,60,44,g6h6,True,0.2181126093522328,1,-0.11287432909011841,a1g1,False,0.27142858505249023,8.05553150002379,0,0.0,
4576,2665,advantage fork middlegame veryLong,55,42,d5d4,False,0.08018901155909344,3,-0.45001599192619324,d5d4,False,0.0028571428265422583,5.677829699940048,0,0.0,
4578,2440,advantage defensiveMove fork opening sacrifice veryLong,25,3,e6f5,False,0.16713873349650538,3,-0.7679601311683655,g8e7,True,0.9628571271896362,6.7400430999696255,0,0.0,
4580,2778,advantage attraction deflection endgame fork sacrifice veryLong,65,39,g8g7,False,0.0033456951965269437,16,0.0003666616103146225,b7d5,False,0.0,6.744030299945734,0,0.0,
4582,2604,advancedPawn crushing deflection endgame rookEndgame veryLong,94,15,h5g6,True,0.3135123491071705,1,-0.1281680315732956,h5g6,True,0.881428599357605,4.983889099908993,0,0.0,
4584,2762,advantage long opening quietMove sacrifice,18,46,d1h5,True,0.8247719992644338,1,-0.4093852937221527,d1h5,True,0.991428554058075,5.805039700004272,0,0.0,
4586,2430,attraction crushing endgame fork long rookEndgame sacrifice,88,17,b4b8,False,0.006971117056412652,14,-0.02163294516503811,c3c4,False,0.0014285714132711291,4.450916199944913,0,0.0,
4588,2736,crushing master masterVsMaster middlegame pin veryLong xRayAttack,79,51,c1h1,True,0.7554784404481115,1,-0.5318604707717896,c1h1,True,0.9885714054107666,4.525937399943359,0,0.0,
4590,2363,crushing defensiveMove endgame master pin short,64,5,h4h5,True,0.38090131036188196,1,-0.06703805923461914,g2g3,False,0.15714286267757416,5.53213169996161,0,0.0,
4592,2534,advantage defensiveMove long middlegame sacrifice,64,52,g1g4,False,0.06049248335146294,3,0.07737705111503601,d2h6,True,0.9357143044471741,2.125216900021769,0,0.0,
4594,2545,crushing middlegame pin short,27,33,d8g8,True,0.9273242285802261,1,-0.9708971381187439,d8g8,True,0.9942857027053833,7.144000399974175,0,0.0,
4596,2730,clearance crushing long middlegame sacrifice,54,54,a1e1,False,0.10886270239409357,3,-0.01623440720140934,h1h6,True,0.6242856979370117,7.95466069993563,0,0.0,
4598,2399,advantage defensiveMove deflection endgame veryLong,94,28,c7c8,True,0.4551327869500791,1,-0.9748998880386353,c7c8,True,0.9628571271896362,6.169684199965559,0,0.0,
4600,2478,crushing hangingPiece middlegame short,59,39,h5g7,False,0.3374166433698145,2,-0.1484156847000122,f5e4,True,0.9471428394317627,5.209149200003594,0,0.0,
4602,2519,advantage long master middlegame pin,36,47,f5d6,True,0.5082299388279279,1,-0.35553085803985596,f5d6,True,0.8757143020629883,8.072154400055297,0,0.0,
4604,2780,crushing deflection interference middlegame queensideAttack veryLong,56,42,e1e8,True,0.9992724490746867,1,0.05406618490815163,e1e8,True,0.9985714554786682,6.136305799940601,0,0.0,
4606,2556,advantage fork long middlegame,59,32,g6b1,True,0.4858410820347821,1,-0.9678353071212769,g6g5,False,0.09285714477300644,8.675488199922256,0,0.0,
4608,2746,advancedPawn attraction crushing endgame exposedKing fork intermezzo veryLong,89,20,h3h2,True,0.7723284125357925,1,-0.19376589357852936,h3h2,True,0.9614285826683044,5.992667599930428,0,0.0,
4610,2751,crushing deflection middlegame veryLong,95,54,c1f1,True,0.7156779598224372,1,-0.42109954357147217,c1f1,True,0.9700000286102295,5.209372299956158,0,0.0,
4612,2492,advantage hangingPiece long middlegame,30,44,e1g1,False,0.12887935130488162,2,0.459109365940094,e1g1,False,0.05714285746216774,5.626814300077967,0,0.0,
4614,2582,crushing long middlegame quietMove sacrifice,53,31,h2h1,False,0.2506370514275222,2,0.006466841325163841,d6e4,True,0.8871428370475769,6.007547900080681,0,0.0,
4616,2461,advantage endgame master pin short,72,42,e4f2,False,0.0693731821026035,6,-0.2476186752319336,d3f3,True,0.9428571462631226,8.437693899963051,0,0.0,
4618,2396,crushing middlegame pin short,54,50,g4e5,False,0.0033533626896097134,18,-0.144932359457016,b3e3,False,0.0,7.91711249994114,0,0.0,
4620,2489,advantage attraction long middlegame sacrifice,60,40,d1d7,False,0.0065657019480792455,4,0.12249409407377243,d1d7,False,0.0,0.5442975999321789,0,0.0,
4622,2678,advantage attraction long middlegame sacrifice,33,52,e4e5,False,0.003743007700985332,9,-0.5205332636833191,e4d4,False,0.0,8.109017599956132,0,0.0,
4624,2412,advantage attraction exposedKing fork middlegame sacrifice veryLong,46,38,e6f8,False,0.16368579955644727,2,-0.2855561673641205,e2g4,True,0.8985714316368103,5.828725599916652,0,0.0,
4626,2391,attraction crushing endgame exposedKing fork long rookEndgame sacrifice,63,17,a7a5,False,0.0003906416484336309,16,-0.06782277673482895,d5d4,False,0.0,4.95703869999852,0,0.0,
4628,2489,advantage hangingPiece middlegame veryLong,62,33,b7e7,True,0.35711492947374085,1,-0.5007662177085876,b7e7,True,0.9714285731315613,6.8446672999998555,0,0.0,
4630,2512,attraction crushing deflection fork middlegame veryLong,53,36,c2g2,True,0.7215514873770195,1,0.17620247602462769,c2g2,True,0.9871428608894348,3.275967099936679,0,0.0,
4632,2656,advantage middlegame pin short,44,44,e1e6,False,0.006341665887202918,4,-0.6643946170806885,e1e6,False,0.0,6.12700970005244,0,0.0,
4634,2653,advantage defensiveMove endgame pin veryLong,77,22,e1c2,True,0.4903536093719736,1,-0.4879455268383026,e1c2,True,0.9628571271896362,5.920991500024684,0,0.0,
4636,2740,advantage fork middlegame pin veryLong,51,38,d8e6,True,0.37453733313459026,1,-0.25945037603378296,d8e6,True,0.9385714530944824,3.7938005999894813,0,0.0,
4638,2519,advantage fork middlegame pin sacrifice veryLong,42,30,c4d5,False,0.019231248315024787,10,-0.8875951766967773,c4d3,True,0.49000000953674316,4.325443399953656,0,0.0,
4640,2444,crushing long master middlegame pin,98,40,c1a1,True,0.495673955209739,1,0.5179741978645325,g6f7,False,0.05285714194178581,5.182483999989927,0,0.0,
4642,2586,advantage middlegame queensideAttack sacrifice veryLong,41,49,c6g2,False,0.1045893572190893,4,-0.48048925399780273,d8a8,True,0.9628571271896362,4.799961399985477,0,0.0,
4644,2633,advantage defensiveMove endgame kingsideAttack long sacrifice,53,33,g5d8,False,0.11556550843090867,3,-0.6196299195289612,f4g4,True,0.9671428799629211,4.686872499994934,0,0.0,
4646,2389,advantage attraction kingsideAttack middlegame veryLong,29,6,f7e6,False,0.4327111842242675,2,0.40211740136146545,e7e6,True,0.954285740852356,6.791976600070484,0,0.0,
4648,2402,advantage middlegame sacrifice short,32,49,d3h7,False,0.010067077888016094,5,0.47770196199417114,d3h7,False,0.0071428571827709675,7.915218300069682,0,0.0,
4650,2501,exposedKing long mate mateIn3 middlegame,41,36,a8g8,False,0.2813847313327667,2,0.7587835192680359,h3g3,True,0.9657142758369446,1.1888124999823049,0,0.0,
4652,2542,advantage clearance middlegame sacrifice short,32,40,f2h4,False,0.006043724893865766,9,-0.21585044264793396,c1f4,False,0.0,6.2485422000754625,0,0.0,
4654,2731,attraction crushing defensiveMove endgame veryLong,61,37,h7h5,False,0.0809203212849985,3,0.02370714582502842,f2h2,False,0.02857142873108387,8.037003300036304,0,0.0,
4656,2778,advancedPawn crushing endgame quietMove sacrifice veryLong,125,13,a5a4,True,0.5005878722512546,1,-0.5284363627433777,a5a4,True,0.9714285731315613,7.37441960000433,0,0.0,
4658,2412,attraction crushing endgame fork knightEndgame long master,95,14,d5e3,False,0.1875758638338154,2,-0.16886915266513824,f7f5,True,0.918571412563324,5.792834599968046,0,0.0,
4660,2712,advantage discoveredAttack discoveredCheck middlegame pin veryLong,52,46,e1e6,False,0.20896287333797728,2,0.580162763595581,h8g7,True,0.9642857313156128,7.578216299996711,0,0.0,
4662,2653,crushing long middlegame pin,50,41,c4d3,True,0.48975106706336113,1,-0.31005218625068665,c4d3,True,0.9714285731315613,6.129132100031711,0,0.0,
4664,2362,advantage middlegame sacrifice short,44,45,d2h6,True,0.7278297423938209,1,-0.004441197961568832,d2h6,True,0.9285714030265808,5.001922599971294,0,0.0,
4666,2517,advancedPawn crushing endgame long sacrifice,74,39,e6g7,True,0.25275646384023204,1,0.3439863920211792,e6g7,True,0.9700000286102295,4.592992799938656,0,0.0,
4668,2682,crushing defensiveMove endgame exposedKing pin veryLong,86,29,b3b6,False,0.0685838806954314,2,-0.5566450357437134,g3g6,True,0.895714282989502,4.93246659997385,0,0.0,
4670,2639,crushing defensiveMove middlegame pin quietMove veryLong,83,33,e7d6,False,0.12437672273056924,3,-0.5361274480819702,f6f4,True,0.9485714435577393,4.782263199915178,0,0.0,
4672,2410,capturingDefender crushing endgame long pin,77,26,f4e3,True,0.6550806048168276,1,0.5691088438034058,f4e3,True,0.9842857122421265,5.891269899904728,0,0.0,
4674,2479,advantage attraction exposedKing fork hangingPiece master middlegame sacrifice veryLong,77,40,f3d3,True,0.8178086970565323,1,-0.2115706503391266,f3d3,True,0.991428554058075,7.608571900054812,0,0.0,
4676,2395,advantage capturingDefender master middlegame short,33,42,f7f5,False,0.003418563823453008,15,-0.24596178531646729,f7f6,False,0.0,6.71498970000539,0,0.0,
4678,2520,advantage fork middlegame veryLong,48,38,h5g6,True,0.3454020285129186,1,0.04305420070886612,h5g6,True,0.7385714054107666,2.3603082000045106,0,0.0,
4680,2428,advantage hangingPiece long middlegame,61,42,a3a1,False,0.22044875698095445,2,0.26984459161758423,a5d2,True,0.949999988079071,6.5640404999721795,0,0.0,
4682,2544,crushing middlegame sacrifice short,35,37,e8e7,False,0.02080945232165159,8,-0.04655200615525246,g8g2,False,0.0014285714132711291,4.95742320001591,0,0.0,
4684,2532,advantage hangingPiece long middlegame,32,45,a4a8,True,0.9598817286975061,1,0.31403082609176636,a4a8,True,0.9942857027053833,6.218757500057109,0,0.0,
4686,2476,advantage clearance long middlegame pin sacrifice,45,28,f6e5,False,0.003184174021198766,11,-0.05981966480612755,f6e5,False,0.0,6.145248900051229,0,0.0,
4688,2544,advantage endgame fork long,69,37,e8e5,True,0.9422515026237873,1,-0.154048353433609,e8e5,True,0.9957143068313599,5.584961800021119,0,0.0,
4690,2455,advantage fork long opening pin,21,45,f2h3,True,0.4732100921310828,1,0.1037028431892395,f2h3,True,0.9085714221000671,6.637187599902973,0,0.0,
4692,2495,advantage hangingPiece long middlegame,55,34,f5d4,True,0.8706137468426285,1,0.5313202142715454,f5d4,True,0.991428554058075,4.142783500021324,0,0.0,
4694,2358,advantage endgame fork long,89,23,g7g5,False,0.16495022469485918,3,-0.8417819142341614,e5d3,True,0.9671428799629211,7.6052654000232,0,0.0,
4696,2739,crushing defensiveMove endgame fork long,57,30,d6d2,True,0.4682737170334111,1,-0.07566332072019577,d6d1,False,0.14142857491970062,5.763949499931186,0,0.0,
4698,2522,advancedPawn clearance crushing discoveredAttack discoveredCheck endgame long quietMove rookEndgame,119,11,c4c3,True,0.7186421803312106,1,0.1349630355834961,c4c3,True,0.977142870426178,7.171802500030026,0,0.0,
4700,2779,advancedPawn attraction crushing deflection kingsideAttack middlegame sacrifice veryLong,44,39,h6g7,True,0.2063744314700051,1,-0.06293473392724991,b1a2,False,0.04285714402794838,4.933343000011519,0,0.0,
4702,2637,advancedPawn advantage defensiveMove endgame hangingPiece veryLong,116,12,f6c6,True,0.619598088791153,1,-0.07647126168012619,f6c6,True,0.9471428394317627,3.7057097000069916,0,0.0,
4704,2360,crushing long middlegame xRayAttack,89,33,h5g4,True,0.7265582130710868,1,-0.8068815469741821,h5g4,True,0.9871428608894348,1.958524200017564,0,0.0,
4706,2449,advantage long middlegame trappedPiece,49,25,h8h6,False,0.048699954279852804,4,-0.6328380703926086,c6c5,False,0.012857142835855484,4.944216400035657,0,0.0,
4708,2370,advantage endgame master pin sacrifice short,79,29,g6d3,False,0.0017544718323087387,14,-0.24685519933700562,c2d2,False,0.0,6.1458798999665305,0,0.0,
4710,2389,advantage defensiveMove middlegame pin veryLong,53,40,f1e1,False,0.0009496098607575762,11,-0.8457277417182922,f1e1,False,0.0,4.9863682999275625,0,0.0,
4712,2414,advantage long middlegame pin queensideAttack,22,36,a6b7,False,0.008251396953086916,8,-0.19154144823551178,a6b7,False,0.0,5.7749984000111,0,0.0,
4714,2792,crushing exposedKing fork middlegame sacrifice skewer veryLong,61,27,g4e3,True,0.4192036897413545,1,-0.0287857074290514,g4e3,True,0.9585714340209961,6.726898799999617,0,0.0,
4716,2764,attackingF2F7 crushing discoveredAttack endgame long,83,18,e2c3,False,0.18066929686484018,2,-0.353680282831192,e2d4,True,0.954285740852356,6.255630900035612,0,0.0,
4718,2586,crushing fork long middlegame pin sacrifice,70,31,e4f4,False,0.16469998834596436,3,-0.8303184509277344,e7f6,True,0.9028571248054504,6.074427400017157,0,0.0,
4720,2408,advantage deflection endgame long sacrifice,59,26,f7f4,True,0.7375935659570646,1,-0.6018372178077698,f7f4,True,0.9900000095367432,5.150626900023781,0,0.0,
4722,2381,advantage discoveredAttack long middlegame trappedPiece,41,46,f5g5,True,0.34414572532864807,1,-0.00323845399543643,f5g5,True,0.9785714149475098,5.90326329995878,0,0.0,
4724,2400,crushing middlegame pin short,46,37,f2f1,False,0.08757342330602552,5,-0.24918918311595917,f5g5,True,0.8357142806053162,5.432151900022291,0,0.0,
4726,2404,advantage long middlegame sacrifice,72,41,c1g1,False,0.07134309370690341,4,0.2098960280418396,f5e4,True,0.6714285612106323,7.124665599898435,0,0.0,
4728,2719,attraction crushing long middlegame sacrifice,46,55,f1g1,False,0.010538178807761344,11,0.30162373185157776,f1g1,False,0.03857142850756645,6.973057599971071,0,0.0,
4730,2797,advantage defensiveMove deflection exposedKing fork middlegame veryLong,74,37,h5e8,False,0.04959738015544166,2,0.4917839765548706,c5d6,False,0.23000000417232513,7.1848837999859825,0,0.0,
4732,2439,advantage discoveredAttack kingsideAttack long middlegame,34,38,c2c3,False,0.006718814488399505,10,-0.36287224292755127,c2c3,False,0.0,4.83241489995271,0,0.0,
4734,2396,crushing endgame interference master veryLong,74,31,a8b7,False,0.29603290651427033,2,0.2353529930114746,a8g8,True,0.9242857098579407,3.987802700023167,0,0.0,
4736,2587,advantage hangingPiece long middlegame,40,2,g1g2,True,0.798957167193891,1,-0.40662112832069397,g1g2,True,0.9928571581840515,6.806374000036158,0,0.0,
4738,2464,advantage deflection long middlegame pin sacrifice,46,47,d5f4,False,0.012259167036494809,5,-0.02897036261856556,d5f4,False,0.2800000011920929,9.198651800048538,0,0.0,
4740,2558,advantage discoveredAttack discoveredCheck middlegame short,75,33,g7e5,False,0.04279742082933393,2,0.3326423466205597,d4f3,True,0.9114285707473755,7.606745500001125,0,0.0,
4742,2433,advancedPawn crushing endgame sacrifice short,90,18,h7g6,False,0.025168960247551716,8,0.380484938621521,h7g8,True,0.7942857146263123,4.842610000050627,0,0.0,
4744,2685,advancedPawn crushing endgame long sacrifice,55,37,e4d3,False,0.26503143414582825,2,-0.13978314399719238,e4d3,False,0.019999999552965164,5.488866899977438,0,0.0,
4746,2354,advantage deflection kingsideAttack middlegame pin sacrifice veryLong,42,42,e5f4,False,0.08977684615986817,3,-0.6540426015853882,g4g6,True,0.941428542137146,7.092227799934335,0,0.0,
4748,2575,crushing fork middlegame pin veryLong,56,27,g4e6,True,0.9016285562747375,1,-0.9524683356285095,g4e6,True,0.9942857027053833,6.215808500070125,0,0.0,
4750,2446,endgame long mate mateIn3,55,39,c3e1,False,0.036769292087608194,4,0.8489401936531067,c3h3,True,0.8885714411735535,1.856321100029163,0,0.0,
4752,2383,advancedPawn attraction crushing endgame fork long promotion underPromotion,57,39,f2f1q,False,0.023462941055776974,5,-0.014624296687543392,f2e1q,False,0.3028571307659149,6.336606199969538,0,0.0,
4754,2451,advantage attraction discoveredAttack discoveredCheck kingsideAttack middlegame sacrifice veryLong,36,39,e2g4,False,0.00983097239119043,13,-0.5151457190513611,e2g4,False,0.0071428571827709675,5.456830500042997,0,0.0,
4756,2575,advantage collinearMove middlegame sacrifice short,30,43,h2h3,False,0.004483715646904548,11,-0.051156844943761826,h2h3,False,0.0,5.47643949999474,0,0.0,
4758,2516,crushing fork long middlegame,51,41,g8f8,False,0.030331185134715527,7,-0.19905191659927368,f6h5,False,0.0014285714132711291,5.992873599985614,0,0.0,
4760,2783,advantage attraction clearance defensiveMove middlegame sacrifice veryLong,32,42,f3h3,False,0.002751254314094095,12,-0.012134328484535217,f3h3,False,0.0,5.006967500085011,0,0.0,
4762,2442,crushing hangingPiece middlegame quietMove veryLong,29,37,g2h1,True,0.927927287200687,1,0.030435247346758842,g2h1,True,0.9957143068313599,5.10720119997859,0,0.0,
4764,2558,advantage long middlegame pin,55,44,h8h4,True,0.2079545423936122,1,0.6757513284683228,h8h4,True,0.7628571391105652,4.5542522999458015,0,0.0,
4766,2659,capturingDefender crushing middlegame pin veryLong,63,34,c8b7,False,0.023481557108699886,13,-0.8575308322906494,c8f5,False,0.25999999046325684,4.759457500069402,0,0.0,
4768,2500,crushing discoveredAttack discoveredCheck long middlegame pin,71,49,g4h3,False,0.05441034435860917,3,0.9396460056304932,g4h3,False,0.39142856001853943,5.849144899984822,0,0.0,
4770,2362,attraction crushing intermezzo kingsideAttack long middlegame pin sacrifice,49,39,e4g3,False,0.003161407316997956,17,0.5514163970947266,e4g3,False,0.0,2.678994700079784,0,0.0,
4772,2547,advantage master middlegame pin short,62,39,g2g3,False,0.008811500871172846,13,-0.3994694948196411,g5c1,False,0.0,5.820340399979614,0,0.0,
4774,2400,advantage fork middlegame veryLong,28,44,g5f3,False,0.10856745224074299,2,0.1896413117647171,g5h7,False,0.17000000178813934,5.213509500026703,0,0.0,
4776,2406,advantage defensiveMove fork long middlegame,47,43,c4a2,False,0.0130338793053675,16,-0.6387342214584351,h7h6,False,0.027142856270074844,5.780886799911968,0,0.0,
4778,2532,advantage fork long middlegame,50,43,a1d1,True,0.8743669375024447,1,-0.19722802937030792,a1d1,True,0.9757142663002014,7.432547700009309,0,0.0,
4780,2632,advantage capturingDefender long middlegame pin,50,40,g5e6,False,0.04430002701446174,8,-0.29736199975013733,g5f7,True,0.904285728931427,6.2073821000522,0,0.0,
4782,2724,crushing defensiveMove deflection endgame pawnEndgame quietMove veryLong zugzwang,68,7,h4h5,False,0.18630174370358354,3,0.35406941175460815,f4f5,True,0.5671428442001343,4.727432100102305,0,0.0,
4784,2474,advancedPawn crushing middlegame sacrifice veryLong,50,37,h2h4,False,0.3691433822443663,2,-0.7393964529037476,h2h4,False,0.19142857193946838,5.705570399994031,0,0.0,
4786,2793,clearance crushing defensiveMove exposedKing fork middlegame pin quietMove veryLong,47,30,e8h5,False,0.02230012915005259,7,-0.31535249948501587,e8h5,False,0.0014285714132711291,4.222964900080115,0,0.0,
4788,2354,advancedPawn crushing endgame hangingPiece promotion queenRookEndgame veryLong,96,23,d2a2,True,0.8562995962995034,1,-0.27293556928634644,d2a2,True,0.9900000095367432,4.4315483999671414,0,0.0,
4790,2385,crushing master middlegame pin short,35,56,e5f3,False,0.0021949029285794294,7,0.08065741509199142,e5f3,False,0.0,4.039240900077857,0,0.0,
4792,2748,advantage attraction discoveredAttack discoveredCheck middlegame sacrifice veryLong,42,48,g5e7,False,0.24787707066419096,2,-0.37741321325302124,g5e7,False,0.0357142873108387,4.241325700073503,0,0.0,
4794,2510,advantage middlegame sacrifice veryLong,33,44,f4h3,False,0.0014219246800421877,14,0.3170754015445709,f4h3,False,0.0,3.8412541000870988,0,0.0,
4796,2505,crushing deflection endgame exposedKing long,66,26,b5e8,True,0.8767215639470622,1,-0.9915962219238281,b5e8,True,0.9928571581840515,3.5288675000192598,0,0.0,
4798,2426,crushing defensiveMove discoveredAttack endgame long master,89,12,b4b3,False,0.0927723451440082,4,-0.9545984864234924,b4b3,False,0.09428571164608002,3.1460940999677405,0,0.0,
4800,2355,advancedPawn attraction crushing middlegame queensideAttack short,53,37,g8h7,False,0.2016456315117364,3,-0.8242260217666626,a3b2,True,0.7328571677207947,4.219804199994542,0,0.0,
4802,2434,advantage discoveredAttack discoveredCheck long middlegame queensideAttack sacrifice,35,34,b6c6,False,0.1428525582707658,3,0.0827917754650116,b4c2,True,0.7185714244842529,7.774053500033915,0,0.0,
4804,2447,advantage middlegame pin quietMove short,46,36,e5d5,False,0.09452328222287167,2,-0.26086312532424927,e5d5,False,0.06857142597436905,7.397900199983269,0,0.0,
4806,2735,capturingDefender crushing endgame skewer veryLong,61,32,g7c3,True,0.4429039658084597,1,-0.30312976241111755,g7c3,True,0.9457142949104309,5.247332999948412,0,0.0,
4808,2549,crushing hangingPiece middlegame short,49,32,d4f3,True,0.9717289273341946,1,0.7048325538635254,d4f3,True,0.9971428513526917,4.870469800080173,0,0.0,
4810,2532,advantage fork opening sacrifice veryLong,20,37,d5e3,False,0.05308746478884377,5,0.24476739764213562,c1g5,False,0.0071428571827709675,5.619195700041018,0,0.0,
4812,2514,advantage discoveredAttack discoveredCheck exposedKing kingsideAttack middlegame veryLong,41,2,c8d7,True,0.501837722132452,1,0.48048487305641174,c8d7,True,0.9557142853736877,6.316277400008403,0,0.0,
4814,2559,advantage long middlegame pin queensideAttack,45,44,g5d2,False,0.14274051813994829,2,0.6945017576217651,f2d1,True,0.9571428298950195,4.37470150005538,0,0.0,
4816,2426,crushing endgame fork long pin,67,2,c6b5,True,0.8504106393619641,1,-0.23551900684833527,c6b5,True,0.9928571581840515,5.09156339999754,0,0.0,
4818,2790,crushing defensiveMove endgame hangingPiece rookEndgame veryLong,104,5,e3e4,True,0.9845860481914815,1,-0.11843082308769226,e3e4,True,0.9971428513526917,4.1325749000534415,0,0.0,
4820,2489,advantage attackingF2F7 attraction fork middlegame pin veryLong,38,39,e4d6,False,0.04288615954299335,4,-0.8192365765571594,e4d6,False,0.0071428571827709675,3.9080526999896392,0,0.0,
4822,2414,crushing kingsideAttack long middlegame pin sacrifice,41,52,a8g8,False,0.003344380535091369,10,-0.04523157700896263,e5g5,False,0.0,5.201630999916233,0,0.0,
4824,2383,crushing defensiveMove long middlegame sacrifice,75,4,g8h8,False,0.006868020361233938,4,0.23616923391819,g8h8,False,0.0014285714132711291,1.5344838999444619,0,0.0,
4826,2538,attackingF2F7 crushing fork middlegame veryLong,36,45,f3f7,True,0.9582847783407709,1,-0.12531664967536926,f3f7,True,0.9957143068313599,4.05963730008807,0,0.0,
4828,2458,advantage discoveredAttack master middlegame short,36,41,h4h5,False,0.1603145664633078,2,-0.5335075259208679,d4f5,True,0.741428554058075,4.854155899956822,0,0.0,
4830,2528,crushing long middlegame sacrifice,40,39,a1f1,False,0.14529195386354707,3,-0.11533189564943314,a1f1,False,0.09285714477300644,4.729166199918836,0,0.0,
4832,2359,crushing fork long middlegame,50,35,h6g7,False,0.17378671393729844,2,0.8531826734542847,g5f7,True,0.8614285588264465,4.731581500032917,0,0.0,
4834,2445,crushing exposedKing interference middlegame skewer veryLong,46,40,e2e8,True,0.8619500673372098,1,-0.427777498960495,e2e8,True,0.9885714054107666,6.632822600076906,0,0.0,
4836,2740,crushing kingsideAttack middlegame pin veryLong,46,52,f6f5,False,0.08068039335751961,3,0.9048137664794922,b1h7,True,0.8342857360839844,6.478814300033264,0,0.0,
4838,2520,crushing deflection endgame rookEndgame veryLong,59,27,g8g2,False,0.413859367318538,2,0.2567651867866516,a2g2,True,0.9371428489685059,3.208091099979356,0,0.0,
4840,2431,crushing endgame fork veryLong,133,23,b1c2,True,0.5348548480775552,1,0.599746584892273,b1c2,True,0.9485714435577393,4.489738299977034,0,0.0,
4842,2471,advancedPawn crushing defensiveMove endgame fork knightEndgame long,125,7,e4f3,True,0.47983213237423944,1,-0.09065954387187958,g4f3,False,0.4399999976158142,5.509666600031778,0,0.0,
4844,2533,crushing endgame pin short,71,46,f2f1,True,0.27110035456692755,1,0.1938474476337433,f2f1,True,0.9528571367263794,2.8752428999869153,0,0.0,
4846,2441,advantage hangingPiece master middlegame short,65,37,d5e6,True,0.9621866672202803,1,-0.3332756757736206,d5e6,True,0.9957143068313599,5.536424600053579,0,0.0,
4848,2438,advancedPawn bishopEndgame crushing deflection endgame promotion veryLong,89,17,f3f2,False,0.050998264933884964,5,-0.10059399157762527,e5e4,True,0.9028571248054504,2.885821199975908,0,0.0,
4850,2385,crushing deflection endgame master short,44,37,g3b8,True,0.5139999674226757,1,-0.043131113052368164,g3b8,True,0.9757142663002014,3.422043099999428,0,0.0,
4852,2664,advancedPawn crushing deflection endgame promotion veryLong,76,17,c6c7,False,0.1676354358638632,2,-0.02522948943078518,d6d7,True,0.9599999785423279,4.124202299979515,0,0.0,
4854,2597,attraction crushing middlegame pin sacrifice veryLong,39,33,c6e7,False,0.030509644810607764,7,-0.2136663943529129,g6h7,True,0.8585714101791382,6.635047200019471,0,0.0,
4856,2412,advantage deflection long middlegame,48,35,c1g5,True,0.8185104476496186,1,-0.615449070930481,c1g5,True,0.9857142567634583,4.55625740007963,0,0.0,
4858,2529,advantage deflection endgame long,59,32,h8h1,True,0.3159296783934254,1,-0.8470373153686523,h8h1,True,0.9399999976158142,4.329853900009766,0,0.0,
4860,2460,advantage clearance master middlegame sacrifice veryLong,30,39,e2e7,True,0.6484407503111419,1,-0.1452186107635498,e2e7,True,0.9757142663002014,6.160293900058605,0,0.0,
4862,2446,crushing fork long opening,30,36,d1d8,False,0.16264711676312343,3,-0.07943417131900787,d1d8,False,0.022857142612338066,3.252310900017619,0,0.0,
4864,2707,crushing long middlegame pin,62,30,h2g4,False,0.03710883055307693,7,-0.8803699612617493,c8d8,True,0.8857142925262451,2.342523599974811,0,0.0,
4866,2440,advancedPawn advantage kingsideAttack long middlegame sacrifice,72,30,h3e6,False,0.01476077678498953,9,0.08028852194547653,h3f5,True,0.508571445941925,7.396581599954516,0,0.0,
4868,2559,advantage defensiveMove hangingPiece long middlegame pin quietMove,55,44,d4a1,True,0.9715602004024935,1,-0.15342046320438385,d4a1,True,0.9985714554786682,6.96030559996143,0,0.0,
4870,2637,crushing defensiveMove endgame hangingPiece quietMove veryLong,97,6,g7g6,True,0.4647840947437854,1,0.05172302946448326,f7g6,False,0.2199999988079071,3.657975499983877,0,0.0,
4872,2655,advantage long middlegame pin,42,43,e2e8,False,0.000648628602562344,12,-0.04997324198484421,e2f3,False,0.0,6.459204100072384,0,0.0,
4874,2599,crushing discoveredAttack discoveredCheck endgame long pin,56,29,f4f5,True,0.5029487317564719,1,-0.5919148921966553,f4f5,True,0.9514285922050476,4.111660599941388,0,0.0,
4876,2746,attraction crushing endgame veryLong,72,25,a6e6,False,0.2498597208687055,2,0.10090699046850204,a6e6,False,0.06857142597436905,4.323507699999027,0,0.0,
4878,2388,advantage endgame long sacrifice xRayAttack,88,2,f2g1,True,0.7597215571264704,1,0.21096976101398468,f2g1,True,0.9714285731315613,3.9224928999319673,0,0.0,
4880,2773,advantage exposedKing fork middlegame veryLong,75,34,h3g3,False,0.17678336771395559,4,0.5874934792518616,h3h2,True,0.9157142639160156,3.0960211999481544,0,0.0,
4882,2485,attraction crushing discoveredAttack long middlegame sacrifice,40,44,b1b8,False,0.028178134464579882,7,0.2071782499551773,b1d1,False,0.004285714123398066,4.782439399976283,0,0.0,
4884,2399,advantage hangingPiece long opening,18,43,f3e5,False,0.3055126409592303,2,0.4461112320423126,f3e5,False,0.10857142508029938,2.937309099943377,0,0.0,
4886,2475,crushing defensiveMove fork long middlegame,41,40,f2g4,False,0.14191537782428987,4,0.6504034399986267,h4f4,True,0.5785714387893677,4.972530100028962,0,0.0,
4888,2412,crushing defensiveMove endgame exposedKing fork master quietMove veryLong,121,13,f3e5,True,0.8337997522648326,1,-0.9967752695083618,f3e5,True,0.9885714054107666,5.484234099974856,0,0.0,
4890,2366,crushing discoveredAttack discoveredCheck kingsideAttack long middlegame sacrifice,43,47,e6e5,False,0.17935050080012205,3,-0.37307053804397583,f6g6,False,0.017142856493592262,3.7876895000226796,0,0.0,
4892,2525,crushing long middlegame pin,53,33,e6h3,True,0.2737470725260916,1,-0.090852290391922,e6h3,True,0.9357143044471741,4.115144400042482,0,0.0,
4894,2652,crushing deflection endgame veryLong,108,13,h4g5,False,0.05717323462427338,5,-0.2467167228460312,f3f4,True,0.9457142949104309,3.7917529999976978,0,0.0,
4896,2367,crushing discoveredAttack long middlegame,28,49,e1g1,False,0.07356815972171844,5,-0.3114461898803711,e4g3,True,0.9057142734527588,6.080085800029337,0,0.0,
4898,2595,advantage middlegame pin short,53,37,d7d4,False,0.017128272190234432,14,0.09729143977165222,f4g3,True,0.5785714387893677,5.873880199971609,0,0.0,
4900,2690,crushing master middlegame pin quietMove sacrifice veryLong,54,48,b2e5,False,0.05371903028590288,4,0.1620263159275055,e1e5,True,0.5742856860160828,6.786169800092466,0,0.0,
4902,2365,attraction crushing long middlegame,34,45,b3c3,False,0.08805176891214764,2,0.4881311357021332,b5d7,True,0.8714285492897034,5.564050499931909,0,0.0,
4904,2375,crushing endgame long pin,100,35,f5d5,False,0.0012956357755619424,19,-0.6340228915214539,f5d5,False,0.0,4.692511099972762,0,0.0,
4906,2639,advantage fork long middlegame,43,34,a8a5,False,0.05812021958168622,6,-0.07570426911115646,a8a5,False,0.008571428246796131,5.211918600019999,0,0.0,
4908,2354,advantage capturingDefender long middlegame,31,40,g7e5,False,0.2650539050721234,2,-0.1593630462884903,e4c3,True,0.9557142853736877,3.8692335999803618,0,0.0,
4910,2784,advantage defensiveMove endgame fork veryLong,70,33,f3e4,True,0.3919135296599509,1,0.6536258459091187,f3e4,True,0.9571428298950195,4.219039099989459,0,0.0,
4912,2420,crushing defensiveMove discoveredAttack discoveredCheck endgame queenEndgame veryLong,107,24,f2f5,True,0.9694261570100077,1,0.5723456740379333,f2f5,True,0.9885714054107666,3.2659392999485135,0,0.0,
4914,2505,advantage attraction kingsideAttack middlegame sacrifice veryLong,34,37,d2g5,False,0.1325817627255441,4,-0.8916237950325012,g1g7,True,0.9142857193946838,5.744969799998216,0,0.0,
4916,2505,crushing endgame pawnEndgame quietMove sacrifice veryLong,79,10,h4g3,False,0.2875526799292408,2,-0.056996677070856094,h4g3,False,0.10285714268684387,3.3866562000475824,0,0.0,
4918,2680,advancedPawn crushing endgame long pin sacrifice,69,28,f8g7,False,0.007683697647202738,10,0.00453674653545022,e4d2,False,0.0,5.169393999967724,0,0.0,
4920,2695,advantage fork middlegame veryLong,52,46,f1f7,True,0.7471556330535828,1,-0.9418256878852844,f1f7,True,0.9885714054107666,3.5108979999786243,0,0.0,
4922,2478,advancedPawn crushing deflection endgame knightEndgame master promotion veryLong,111,13,b3b2,True,0.8457806502429457,1,0.35885345935821533,b3b2,True,0.9900000095367432,3.530367700033821,0,0.0,
4924,2545,crushing hangingPiece middlegame veryLong,35,31,c7e5,True,0.9269843492353051,1,-0.0032662891317158937,h8g8,False,0.24142856895923615,2.676166500081308,0,0.0,
4926,2511,crushing endgame exposedKing fork long,74,29,e1d1,False,0.23794983403104575,2,-0.44399788975715637,g5f5,True,0.9557142853736877,3.001877000089735,0,0.0,
4928,2374,crushing endgame pin quietMove veryLong,87,37,b7a7,True,0.6391096424150402,1,-0.4224480390548706,b7a7,True,0.9614285826683044,7.249665900017135,0,0.0,
4930,2738,crushing fork middlegame pin sacrifice veryLong,36,51,f2f4,False,0.004972070653844301,14,-0.6137290596961975,f2f4,False,0.0,8.405943399993703,0,0.0,
4932,2700,advantage attraction discoveredAttack fork middlegame pin sacrifice veryLong,44,27,b5c6,True,0.5589323968466147,1,-0.5105392336845398,b5c6,True,0.9428571462631226,6.640157099929638,0,0.0,
4934,2537,advantage middlegame sacrifice veryLong,36,4,d1d3,True,0.49671429553326313,1,0.4219709634780884,d1d3,True,0.9514285922050476,4.906985000008717,0,0.0,
4936,2446,crushing middlegame pin short,45,48,b4d3,False,0.2113379753851699,2,-0.4944447875022888,c8c3,True,0.9485714435577393,4.980475399992429,0,0.0,
4938,2511,advantage capturingDefender kingsideAttack middlegame veryLong,42,49,f4e6,True,0.7204163715948138,1,0.11346583068370819,f4e6,True,0.9357143044471741,5.471251699957065,0,0.0,
4940,2516,advantage fork long middlegame sacrifice,20,5,f1f3,True,0.5092962157259384,1,-0.9307866096496582,g2f3,False,0.05714285746216774,5.413818200002424,0,0.0,
4942,2368,crushing fork long middlegame,44,49,f1e1,False,0.24465166239569752,2,-0.3394109606742859,f4g5,True,0.9200000166893005,4.429869999992661,0,0.0,
4944,2399,advancedPawn bishopEndgame crushing endgame sacrifice short,81,14,d5c4,False,0.07696453171356542,3,-0.793552041053772,d5e4,False,0.009999999776482582,4.095979499979876,0,0.0,
4946,2650,advantage long middlegame quietMove sacrifice,51,49,d4d8,False,0.29809361889980945,2,-0.1611376255750656,d4e3,True,0.8742856979370117,5.393312699976377,0,0.0,
4948,2376,crushing discoveredCheck doubleCheck long middlegame,30,42,b5d3,False,0.0900815310461155,3,-0.47591379284858704,c6e6,True,0.9428571462631226,1.4911266000708565,0,0.0,
4950,2540,advantage fork long middlegame,48,45,g6h7,False,0.08008634577925283,3,-0.3431587219238281,c3d5,True,0.7985714077949524,4.671275999979116,0,0.0,
4952,2421,crushing discoveredAttack long middlegame pin sacrifice,49,44,e3f4,False,0.00960996691391202,12,-0.0147384749725461,b7b5,False,0.0,4.245923100039363,0,0.0,
4954,2665,crushing middlegame pin short,55,44,f4e2,False,0.07707846065593645,4,0.4087645709514618,f4e6,False,0.051428571343421936,3.60700459999498,0,0.0,
4956,2446,clearance crushing endgame hangingPiece master quietMove rookEndgame veryLong,119,5,c3b3,True,0.9946434259077579,1,-0.21018889546394348,c3b3,True,0.9985714554786682,2.707175000105053,0,0.0,
4958,2558,advantage hangingPiece middlegame veryLong,39,38,f6f3,True,0.8050595629047009,1,-0.7669567465782166,f6f3,True,0.9842857122421265,3.931266500032507,0,0.0,
4960,2783,crushing fork middlegame veryLong,55,34,h7f5,False,0.20883963302835454,2,-0.6264514327049255,e6h3,True,0.9642857313156128,4.12493400007952,0,0.0,
4962,2518,advantage deflection fork middlegame veryLong,34,43,e4e5,True,0.720026615417676,1,-0.4368181526660919,f1f6,False,0.11428571492433548,6.054754799930379,0,0.0,
4964,2449,advantage middlegame pin sacrifice veryLong,53,51,e4e3,False,0.0679953667672339,7,-0.6147342920303345,d4f3,True,0.5600000023841858,4.399303400074132,0,0.0,
4966,2378,crushing hangingPiece long middlegame queensideAttack quietMove,50,40,c2c6,True,0.7573996918653042,1,-0.26128679513931274,c2c6,True,0.9871428608894348,4.4990817999932915,0,0.0,
4968,2364,advantage middlegame pin veryLong,35,44,d8b6,True,0.4210314979585337,1,-0.8983500003814697,d8b6,True,0.9314285516738892,4.787806500098668,0,0.0,
4970,2697,advancedPawn crushing defensiveMove middlegame pin veryLong,45,35,d8d4,False,0.11248237565645025,4,0.23341809213161469,d3d2,True,0.8842856884002686,5.115145899937488,0,0.0,
4972,2546,crushing hangingPiece long middlegame,52,37,a3b4,True,0.44556531618809647,1,0.36086323857307434,a3b4,True,0.9700000286102295,5.002086400054395,0,0.0,
4974,2405,advantage clearance fork long master middlegame,31,43,e4c3,True,0.4005840584618952,1,0.04169459268450737,e4c3,True,0.7814285755157471,4.895951099926606,0,0.0,
4976,2520,advantage fork long middlegame,50,36,e7e6,True,0.9078343949477955,1,-0.33005228638648987,e7e6,True,0.9942857027053833,3.329893699963577,0,0.0,
4978,2713,clearance crushing endgame long master quietMove sacrifice,74,28,d6c8,True,0.37270010224994266,1,0.3699582815170288,c2b1,False,0.09714286029338837,5.126672700047493,0,0.0,
4980,2497,clearance crushing long middlegame sacrifice,23,46,g3f2,False,0.0006259733661402364,19,0.7353804707527161,d8d7,False,0.0,5.9575199000537395,0,0.0,
4982,2461,advantage master middlegame short trappedPiece,42,39,h5h6,False,0.012487434930796475,6,0.479983925819397,g1c1,True,0.36000001430511475,4.264937200001441,0,0.0,
4984,2699,bishopEndgame crushing defensiveMove endgame quietMove sacrifice veryLong,99,10,c7c6,False,0.06734747845510282,5,0.08262024074792862,c7c6,False,0.014285714365541935,4.252349199960008,0,0.0,
4986,2577,advantage endgame fork veryLong,81,15,a4a3,False,0.08517315912087593,4,-0.1487892121076584,g4e4,True,0.9214285612106323,3.323504799976945,0,0.0,
4988,2468,advantage deflection middlegame veryLong,50,39,h2h4,False,0.213097485468018,2,-0.7466858625411987,h2h4,False,0.1428571492433548,3.210200799978338,0,0.0,
4990,2587,advancedPawn crushing endgame exposedKing master sacrifice veryLong,68,33,h7h8,False,0.10970563972526204,3,-0.005173554643988609,h7h8,False,0.2914285659790039,3.3941055999603122,0,0.0,
4992,2470,advantage discoveredAttack middlegame pin quietMove veryLong,50,47,d6e6,True,0.7336525733899782,1,0.21317681670188904,d6e6,True,0.9828571677207947,2.3990278999553993,0,0.0,
4994,2408,advantage attraction clearance deflection endgame fork master veryLong,55,39,c5c4,True,0.3830928781913859,1,-0.2973213195800781,c5c4,True,0.9300000071525574,5.663023500004783,0,0.0,
4996,2364,crushing endgame fork master short skewer,79,21,h1h2,True,0.825175365677745,1,0.7092537879943848,h1h2,True,0.9871428608894348,3.8462456999113783,0,0.0,
4998,2475,crushing defensiveMove endgame fork long sacrifice,63,7,g7g6,True,0.5742314765615775,1,-0.5161684155464172,g7g6,True,0.9871428608894348,0.6749763999832794,0,0.0,
