ligne,rating,themes,plies_historique,nb_coups_legaux,coup_reseau,reussi_reseau,p_correct_reseau,rang_correct_reseau,value_reseau,coup_recherche,reussi_recherche,part_visites_correct,duree_s,simulations_recherche,depassement_s,erreur
0,1615,crushing discoveredAttack middlegame short,20,37,f3e5,True,0.34711630824621764,1,0.6792755722999573,f3e5,True,0.9685714244842529,4.115432500024326,0,0.0,
2,1817,deflection endgame mate mateIn2 short,78,20,a3f8,True,0.8960025414617838,1,0.1693754494190216,a3f8,True,0.9942857027053833,0.3120194999501109,0,0.0,
4,1500,endgame mate mateIn2 short,49,28,c2c1,False,0.026201043265987153,2,0.844390332698822,h6c1,True,0.8028571605682373,1.299649600056,0,0.0,
6,1458,advantage attraction exposedKing fork long middlegame sacrifice,53,31,g7e5,False,0.019531662794363656,7,0.9610322117805481,h8g8,False,0.0014285714132711291,7.8363485999871045,0,0.0,
8,1550,endgame mate mateIn2 queenRookEndgame short,72,24,c7c8,True,0.41544155190352733,1,0.9901441335678101,c7c8,True,0.9671428799629211,0.39485440007410944,0,0.0,
10,1709,attraction endgame mate mateIn4 sacrifice veryLong,58,37,g2g7,True,0.9726590065116368,1,0.9069175124168396,g2g7,True,0.9971428513526917,0.7325703001115471,0,0.0,
12,1705,crushing deflection endgame long,42,49,f4h4,True,0.6826218201098815,1,0.9101951718330383,f4h4,True,0.9857142567634583,3.5669787999941036,0,0.0,
14,1887,mate mateIn2 middlegame sacrifice short,47,35,d5c3,False,0.3220956444669715,2,0.7076056599617004,b7b2,True,0.9800000190734863,0.35280120000243187,0,0.0,
16,1812,crushing endgame fork long quietMove,65,39,c5f5,False,0.002650230471343821,8,0.9961692094802856,a5a4,False,0.0,6.7497990999836475,0,0.0,
18,1744,crushing deflection fork master middlegame short,36,39,g4h5,True,0.8428383024245408,1,0.939083456993103,g4h5,True,0.9942857027053833,3.909431800013408,0,0.0,
20,1774,crushing discoveredAttack long middlegame,36,38,d3h7,False,0.04014263094283704,2,0.940682590007782,a3a4,False,0.009999999776482582,6.067503400030546,0,0.0,
22,1549,endgame mate mateIn2 sacrifice short,55,42,g3h3,True,0.986352413026928,1,0.9985917210578918,g3h3,True,0.9985714554786682,0.15358089993242174,0,0.0,
24,1452,crushing endgame fork short,82,32,f5e5,False,0.1896164329210555,4,0.9956558346748352,f5f6,True,0.9171428680419922,4.363914799992926,0,0.0,
26,1699,advancedPawn endgame mate mateIn1 oneMove promotion,112,24,h7h8q,True,0.8743049941297124,1,0.4052719473838806,h7h8q,True,0.991428554058075,0.15229420003015548,0,0.0,
28,1509,crushing deflection discoveredAttack endgame pin queensideAttack short,54,34,c5a6,True,0.8483891581117758,1,0.9823755621910095,c5a6,True,0.9928571581840515,3.187895599985495,0,0.0,
30,1537,crushing endgame fork hangingPiece long,58,27,h4d8,True,0.9914188177113146,1,0.9593188762664795,h4d8,True,0.9985714554786682,4.23452699999325,0,0.0,
32,1825,crushing endgame exposedKing fork long,69,28,g3h3,False,0.13406243845571583,3,0.6955536007881165,g3f3,True,0.9585714340209961,4.532246300019324,0,0.0,
34,1795,attraction kingsideAttack long mate mateIn3 middlegame sacrifice,41,42,g3f2,False,0.1659290861758532,3,0.9809539318084717,h8h1,True,0.9442856907844543,0.5263352999463677,0,0.0,
36,1640,mate mateIn1 middlegame oneMove,33,29,h5h3,True,0.6452572609029109,1,0.9641478657722473,h5h3,True,0.9828571677207947,0.2549033999675885,0,0.0,
38,1598,advantage fork long middlegame,68,43,g4h6,True,0.8490664820240292,1,0.9869610071182251,g4h6,True,0.991428554058075,4.731375099974684,0,0.0,
40,1595,deflection endgame kingsideAttack long mate mateIn3 sacrifice,49,37,e8e2,False,0.032202529473441543,4,0.9065106511116028,h4f2,True,0.8528571724891663,1.9425426999805495,0,0.0,
42,1893,discoveredAttack mate mateIn2 middlegame short,74,40,b2c1,False,0.14202582156878077,2,0.5435048937797546,d4f5,True,0.9671428799629211,0.4674370000138879,0,0.0,
44,1878,crushing discoveredAttack discoveredCheck hangingPiece long middlegame sacrifice,63,40,c5b5,True,0.844735988233297,1,0.9982572793960571,c5b5,True,0.8500000238418579,6.514056000043638,0,0.0,
46,1798,master mate mateIn1 middlegame oneMove pin,41,41,g5h4,False,0.027551234239659807,5,0.9578009247779846,h2g1,True,0.8357142806053162,1.136455100029707,0,0.0,
48,1467,attraction kingsideAttack mate mateIn2 middlegame sacrifice short,31,50,e4e1,False,0.01823022878046124,3,0.9840679168701172,b5f1,True,0.6814285516738892,1.6610980000114068,0,0.0,
50,1645,advantage middlegame pin short,23,39,e5d3,True,0.5379047742074463,1,0.8212810754776001,e5d3,True,0.9685714244842529,6.0261509999400005,0,0.0,
52,1810,exposedKing long mate mateIn3 middlegame queensideAttack,64,40,a1a8,True,0.9752241119690535,1,0.9744976162910461,a1a8,True,0.9971428513526917,2.0407207999378443,0,0.0,
54,1723,crushing long middlegame pin,66,57,e8f8,True,0.5431872747777682,1,0.9604027271270752,e8f8,True,0.9842857122421265,2.07585999998264,0,0.0,
56,1503,discoveredAttack discoveredCheck enPassant endgame mate mateIn2 short,66,30,d3e4,True,0.9763269848174325,1,0.9410738945007324,d3e4,True,0.9985714554786682,0.13816710002720356,0,0.0,
58,1669,crushing discoveredAttack master middlegame short,67,29,c4b3,True,0.8446384462312886,1,0.9359869360923767,c4b3,True,0.9800000190734863,4.55979829991702,0,0.0,
60,1635,advantage fork middlegame veryLong,24,21,h3g4,False,0.02889415086994181,2,0.9381133913993835,d1d4,True,0.8385714292526245,4.662849600077607,0,0.0,
62,1511,crushing defensiveMove kingsideAttack middlegame pin veryLong,26,47,d3g6,True,0.8737697782645971,1,0.7044345736503601,d3g6,True,0.9942857027053833,6.2076180999865755,0,0.0,
64,1693,crushing middlegame short trappedPiece,40,42,h1h4,True,0.5942815757111755,1,0.6937956213951111,h1h4,True,0.9742857217788696,5.228979600011371,0,0.0,
66,1538,crushing endgame intermezzo long pin sacrifice skewer,74,31,c4d5,False,0.02829325970413184,2,0.9934083223342896,b2d2,True,0.8214285969734192,4.063695100019686,0,0.0,
68,1733,advantage attraction fork long middlegame sacrifice,38,41,d5e7,False,0.00033238535418495695,11,0.6707683205604553,d5e7,False,0.0,3.8345998000586405,0,0.0,
70,1673,endgame mate mateIn2 short,65,36,d5a2,True,0.975489099741213,1,0.9654823541641235,d5a2,True,0.9971428513526917,0.3702420999761671,0,0.0,
72,1707,advantage capturingDefender long middlegame,56,29,e1e3,True,0.8558443995272788,1,0.22229309380054474,e1e3,True,0.9885714054107666,6.685756899998523,0,0.0,
74,1813,crushing middlegame short skewer,30,35,g4f4,False,0.215136937180169,3,0.9646937251091003,g4h4,True,0.9614285826683044,3.887656999984756,0,0.0,
76,1541,advantage long middlegame skewer,65,36,f3g1,False,0.03694293328775179,4,0.5606980323791504,f3g1,False,0.1599999964237213,4.46187929995358,0,0.0,
78,1465,advancedPawn endgame mate mateIn1 oneMove promotion,64,20,g1g8,False,0.11352614334985248,2,0.5337222218513489,h7g8q,True,0.9757142663002014,0.3324090999085456,0,0.0,
80,1464,crushing deflection endgame exposedKing rookEndgame veryLong,125,26,h5g5,True,0.8158811618591381,1,0.6425804495811462,h5g5,True,0.9928571581840515,4.022358299931511,0,0.0,
82,1452,crushing opening short trappedPiece,12,40,g1e2,False,0.08333642296750325,4,0.21028940379619598,c3a4,True,0.9428571462631226,4.528747000033036,0,0.0,
84,1868,crushing kingsideAttack long master middlegame pin sacrifice,39,49,b2d2,False,0.017041294124951967,4,0.938328206539154,e8e3,True,0.6271428465843201,4.652343699941412,0,0.0,
86,1503,anastasiaMate attraction mate mateIn2 middlegame sacrifice short,67,41,e2g3,False,0.00428979348952774,5,0.9007799625396729,f4h4,False,0.0,4.512841799994931,0,0.0,
88,1499,clearance endgame mate mateIn2 operaMate sacrifice short,69,25,g4f3,True,0.9963105838070869,1,0.9913100004196167,g4f3,True,0.9985714554786682,0.44191280007362366,0,0.0,
90,1463,endgame long mate mateIn3 rookEndgame,89,12,b2b1,False,0.022130266946287256,2,0.9329174160957336,h4g3,True,0.7557142972946167,1.785304999910295,0,0.0,
92,1576,attraction kingsideAttack long mate mateIn3 middlegame sacrifice,53,53,c8c1,True,0.9986907084478289,1,0.9074005484580994,c8c1,True,0.9985714554786682,0.42271730001084507,0,0.0,
94,1781,crushing kingsideAttack long middlegame xRayAttack,34,42,f5e6,False,0.4567086084176906,2,0.9765056371688843,f5e6,False,0.14428570866584778,5.0081327999942005,0,0.0,
96,1468,advancedPawn crushing deflection endgame promotion rookEndgame short,93,17,e2e1q,False,0.016879675053477258,4,0.9733343720436096,h8h7,True,0.631428599357605,5.698693799902685,0,0.0,
98,1599,advantage attraction deflection middlegame veryLong,42,40,d4c6,True,0.47166219699786344,1,0.9097796678543091,d4c6,True,0.9714285731315613,5.689723499934189,0,0.0,
100,1689,crushing endgame fork short,82,25,g6h8,False,0.018163608477633396,4,0.9915981888771057,f5d7,True,0.654285728931427,5.756979600060731,0,0.0,
102,1508,advantage kingsideAttack middlegame sacrifice short,32,34,f4g6,True,0.9749915389053012,1,0.8730165362358093,f4g6,True,0.9971428513526917,4.085808500065468,0,0.0,
104,1698,crushing long middlegame pin,40,44,d1d8,False,0.2743617514886156,2,0.8806914687156677,e4e6,True,0.9685714244842529,1.8196218000957742,0,0.0,
106,1511,endgame master mate mateIn1 oneMove operaMate,83,23,e2e3,False,0.2677014276020661,2,0.9541600346565247,e2f2,True,0.9657142758369446,0.3798450999893248,0,0.0,
108,1484,advantage fork long middlegame,47,34,e8e2,True,0.9136619035510118,1,0.709466814994812,e8e2,True,0.9942857027053833,4.211355299921706,0,0.0,
110,1769,attraction clearance crushing endgame long pin queenRookEndgame,84,24,g8d8,False,0.02946532733919901,2,0.6395224332809448,g6f6,True,0.7871428728103638,6.103590399958193,0,0.0,
112,1580,crushing fork long middlegame,51,38,g4e3,True,0.5189461712222323,1,0.9768637418746948,g4e3,True,0.9242857098579407,5.3448824000079185,0,0.0,
114,1692,advantage fork middlegame short,25,39,f4h3,False,0.17958031196652252,2,0.9604238271713257,f4e2,True,0.9700000286102295,4.484664099989459,0,0.0,
116,1541,advantage endgame fork long,61,23,c2c1,False,0.00016609565329248795,4,0.9918373227119446,c2c1,False,0.0,4.289388000033796,0,0.0,
118,1889,advantage middlegame pin sacrifice short,35,34,f8c8,False,0.0019031396204908697,7,0.9950215220451355,a5a4,False,0.0,6.692122400039807,0,0.0,
120,1592,attackingF2F7 mate mateIn2 middlegame pin short,36,47,e6d6,False,0.2492098722095738,2,0.8615032434463501,e6g6,True,0.8728571534156799,6.969738899962977,0,0.0,
122,1768,advantage discoveredAttack middlegame short,29,36,b6d6,True,0.9163118816527432,1,0.6452609300613403,b6d6,True,0.9971428513526917,4.530740899965167,0,0.0,
124,1892,crushing deflection endgame sacrifice veryLong,83,32,f5h3,False,0.4492566847772082,2,0.9845537543296814,g3h3,True,0.977142870426178,4.718725199927576,0,0.0,
126,1587,attraction long mate mateIn3 middlegame sacrifice,46,48,f4h5,False,0.14922506893125023,3,0.9541236758232117,h1h7,True,0.9685714244842529,0.5430515999905765,0,0.0,
128,1763,crushing fork middlegame short,81,35,e4c3,True,0.5403874551590485,1,0.9308789372444153,e4c3,True,0.9657142758369446,5.228609899990261,0,0.0,
130,1587,advancedPawn advantage endgame hangingPiece knightEndgame promotion veryLong,94,8,c6b6,False,0.10787973647763657,3,0.6542225480079651,f4e5,True,0.9571428298950195,5.328561900067143,0,0.0,
132,1525,crushing deflection endgame rookEndgame short,94,22,f5f7,False,0.2903458222556536,2,0.9363216161727905,h5h6,True,0.9628571271896362,4.433072299929336,0,0.0,
134,1781,crushing fork middlegame short trappedPiece,29,42,c7a5,False,0.0015917944817396695,6,0.7162355184555054,c7a5,False,0.0,5.490390100050718,0,0.0,
136,1708,discoveredAttack kingsideAttack mate mateIn2 middlegame sacrifice short,32,47,e4f6,True,0.9731701726258257,1,0.9411231875419617,e4f6,True,0.9985714554786682,0.26116260001435876,0,0.0,
138,1762,crushing middlegame short xRayAttack,56,40,d1d5,False,0.12218036530137213,2,0.9539319276809692,c6g6,False,0.03857142850756645,5.13271369994618,0,0.0,
140,1885,clearance crushing exposedKing fork long middlegame,58,49,e6e8,False,0.30126399797203085,2,0.9671833515167236,e6h6,True,0.9785714149475098,4.277834999957122,0,0.0,
142,1879,advantage capturingDefender discoveredAttack long middlegame,29,34,d2b2,False,0.09674885084080603,4,0.2825643718242645,c8e6,False,0.06142857298254967,5.059628900024109,0,0.0,
144,1630,advantage attraction long middlegame,56,36,d5c7,False,0.0027682387875916353,7,0.9511494636535645,d5c7,False,0.0,5.555963500053622,0,0.0,
146,1592,crushing fork long middlegame,76,32,c8h8,True,0.9846291659143194,1,0.718819260597229,c8h8,True,0.9985714554786682,4.033632299979217,0,0.0,
148,1456,endgame mate mateIn1 oneMove pillsburysMate,71,25,g2g6,True,0.7385096500633884,1,0.9255279898643494,g2g6,True,0.9871428608894348,0.29225569998379797,0,0.0,
150,1817,advantage discoveredAttack middlegame short,53,26,e7a3,True,0.648345169647887,1,0.8729248642921448,e7a3,True,0.9814285635948181,4.863880799966864,0,0.0,
152,1787,attraction crushing deflection endgame exposedKing master veryLong,83,19,a5b4,False,0.16421719612668487,3,0.9026452302932739,h5h4,True,0.9714285731315613,4.6540306999813765,0,0.0,
154,1855,crushing deflection endgame master short,70,40,d4d7,True,0.514391900850713,1,0.9735056757926941,d4d7,True,0.954285740852356,4.43605999997817,0,0.0,
156,1871,attraction crushing exposedKing middlegame pin veryLong,46,42,c2g6,True,0.5949327399667788,1,0.9656924605369568,c2g6,True,0.9800000190734863,2.668184799957089,0,0.0,
158,1858,advancedPawn crushing endgame pawnEndgame promotion quietMove sacrifice veryLong,74,6,a4a5,True,0.7617431834081061,1,0.8666824698448181,a4a5,True,0.9814285635948181,6.9428253000369295,0,0.0,
160,1559,kingsideAttack mate mateIn1 middlegame oneMove,26,44,b1h7,True,0.9941772708621609,1,0.9402798414230347,b1h7,True,0.9985714554786682,0.05833380005788058,0,0.0,
162,1748,advantage hangingPiece long middlegame,60,6,b1b7,True,0.8304046569770132,1,0.3969346284866333,b1b7,True,0.9942857027053833,4.803077799966559,0,0.0,
164,1571,advantage defensiveMove long middlegame trappedPiece,34,35,d1a1,True,0.3156816683025182,1,0.6739731431007385,d1a1,True,0.9814285635948181,6.238146599964239,0,0.0,
166,1633,advantage discoveredAttack middlegame short,43,37,c5e4,True,0.9810951221551123,1,0.9175862073898315,c5e4,True,0.9985714554786682,5.0307087999535725,0,0.0,
168,1865,advantage master masterVsMaster middlegame short xRayAttack,53,41,c3e1,True,0.3961773305894028,1,0.8674463033676147,c3e1,True,0.9728571176528931,5.137204600032419,0,0.0,
170,1538,attackingF2F7 mate mateIn1 middlegame oneMove,46,42,b3f7,True,0.9944873433315272,1,0.9850288033485413,b3f7,True,0.9985714554786682,0.06457220006268471,0,0.0,
172,1758,crushing long middlegame pin queensideAttack,57,35,c5b3,True,0.5903049122445098,1,0.9432665705680847,c5b3,True,0.9871428608894348,4.591619100072421,0,0.0,
174,1494,crushing middlegame short trappedPiece,28,42,c1g5,True,0.5180711548421304,1,0.8602408170700073,c1g5,True,0.9714285731315613,5.1331225000321865,0,0.0,
176,1792,advantage fork long middlegame,51,30,f8e7,True,0.3636458536818485,1,0.6135264039039612,f8e7,True,0.9657142758369446,5.480494000017643,0,0.0,
178,1536,crushing oneMove opening pin,18,50,e6c7,False,0.11791146414542093,3,0.7216770052909851,b5d7,True,0.9528571367263794,4.7216338000725955,0,0.0,
180,1835,endgame mate mateIn1 oneMove,80,33,c7d8,True,0.6910390873905595,1,0.8821887969970703,c7d8,True,0.9728571176528931,0.33198690006975085,0,0.0,
182,1843,endgame mate mateIn2 short,64,35,e2e8,True,0.9917929626691799,1,0.9930889010429382,e2e8,True,0.9985714554786682,0.262779499986209,0,0.0,
184,1557,crushing middlegame pin short,46,41,f3e5,True,0.8380181242281627,1,0.9724211096763611,f3e5,True,0.9928571581840515,4.024366299971007,0,0.0,
186,1645,advantage attraction exposedKing fork long middlegame sacrifice,79,25,g6g3,False,0.04033273273791621,5,0.48441725969314575,g6f6,True,0.8885714411735535,4.5303277999628335,0,0.0,
188,1534,attraction clearance crushing fork long middlegame sacrifice,68,38,d6c6,False,0.005903920873054986,5,0.9884375929832458,d3f5,False,0.0,6.363840200006962,0,0.0,
190,1658,attraction endgame mate mateIn2 rookEndgame sacrifice short,51,29,g7g1,True,0.9558571086801968,1,0.9682282209396362,g7g1,True,0.9971428513526917,0.24263540003448725,0,0.0,
192,1540,crushing endgame fork short,87,29,b4d6,False,0.04285263017374096,2,0.9500259757041931,b4b8,True,0.8985714316368103,4.547007700079121,0,0.0,
194,1803,advantage endgame fork long xRayAttack,64,46,d4d8,False,0.004181746929568317,2,0.9791632294654846,d4d8,False,0.0,7.114424199913628,0,0.0,
196,1481,mate mateIn1 middlegame oneMove,24,51,a5d8,True,0.4835490786330934,1,0.9251948595046997,a5d8,True,0.9700000286102295,0.34702300000935793,0,0.0,
198,1898,advantage long middlegame pin,57,45,e5f3,True,0.9655865728022338,1,0.7827353477478027,e5f3,True,0.9971428513526917,5.122158800018951,0,0.0,
200,1798,advantage endgame long pin sacrifice,57,41,e8e2,True,0.8976303752099034,1,0.9111011624336243,e8e2,True,0.8914285898208618,8.311908400035463,0,0.0,
202,1744,crushing middlegame pin sacrifice short,80,44,e7f6,True,0.989182102022348,1,0.966942548751831,e7f6,True,0.9714285731315613,4.965730100055225,0,0.0,
204,1828,advantage fork long middlegame,29,40,f6e4,True,0.6938242945052417,1,0.39273399114608765,f6e4,True,0.9828571677207947,7.116543299984187,0,0.0,
206,1500,endgame exposedKing long mate mateIn3,109,23,e4e1,True,0.9921327089447525,1,0.9479092955589294,e4e1,True,0.9985714554786682,0.6096890999469906,0,0.0,
208,1539,backRankMate mate mateIn2 middlegame sacrifice short,63,38,b2c1,True,0.4816386278571389,1,0.6370500326156616,b2c1,True,0.9828571677207947,0.31714840000495315,0,0.0,
210,1663,mate mateIn1 middlegame oneMove,25,40,d4f3,True,0.8596380779128455,1,0.9317792654037476,d4f3,True,0.9942857027053833,0.1847395000513643,0,0.0,
212,1587,endgame mate mateIn1 oneMove,70,25,d2d7,False,0.00043646474962640887,3,0.827958881855011,d2d7,False,0.0,5.070846099988557,0,0.0,
214,1509,advantage hangingPiece long opening,25,30,f6e4,True,0.8888882202541991,1,0.45452719926834106,f6e4,True,0.9942857027053833,4.829294400056824,0,0.0,
216,1595,endgame mate mateIn2 short,84,25,e5g3,False,0.19391474413410034,2,0.9593375325202942,h3h4,True,0.9471428394317627,0.7284178999252617,0,0.0,
218,1497,advantage middlegame short trappedPiece,28,33,c3a4,True,0.5657500352015316,1,0.22988179326057434,c3a4,True,0.9842857122421265,5.360300899948925,0,0.0,
220,1463,advancedPawn attraction crushing endgame promotion rookEndgame veryLong,87,14,c1g1,False,0.25897173193020423,2,0.9816177487373352,c3c2,True,0.9628571271896362,8.048074299935251,0,0.0,
222,1775,advantage fork long master middlegame,41,32,c5e3,True,0.8485049509054627,1,0.7121750712394714,c5e3,True,0.9800000190734863,4.6994357000803575,0,0.0,
224,1627,crushing middlegame pin short,36,46,c3d5,True,0.9725956798938936,1,0.9770582318305969,c3d5,True,0.9971428513526917,4.359028900042176,0,0.0,
226,1649,crushing deflection endgame short skewer,84,25,d8f8,False,0.059786188428089436,4,0.8960009813308716,d8b8,True,0.9399999976158142,4.1018897000467405,0,0.0,
228,1733,advantage fork middlegame short,45,43,h4d4,True,0.7460668329036183,1,0.8535925149917603,h4d4,True,0.9800000190734863,4.289372699917294,0,0.0,
230,1702,advantage exposedKing long middlegame sacrifice,52,4,f1f3,True,0.9901362807752784,1,0.7641503810882568,f1f3,True,1.0,4.806838499964215,0,0.0,
232,1625,advantage fork middlegame short,49,39,e4c3,True,0.8508205955604865,1,0.7320814728736877,e4c3,True,0.9871428608894348,5.5212505999952555,0,0.0,
234,1862,advantage opening sacrifice veryLong,16,41,b5d7,False,0.008319579102384492,6,0.33000898361206055,b5d7,False,0.0,5.226169700035825,0,0.0,
236,1620,discoveredCheck doubleCheck mate mateIn1 middlegame oneMove pillsburysMate,50,33,e4d6,False,0.45312028084057016,2,0.9822789430618286,e4f6,True,0.9585714340209961,0.5068196000065655,0,0.0,
238,1453,endgame mate mateIn2 short triangleMate,66,36,c2h7,True,0.9438688318953208,1,0.9946848154067993,c2h7,True,0.9971428513526917,0.35189450008329004,0,0.0,
240,1811,attraction crushing fork long master middlegame sacrifice,41,38,h5f5,False,0.09506154299322025,2,0.9697132110595703,h5e2,True,0.7099999785423279,4.490226300084032,0,0.0,
242,1467,crushing deflection discoveredAttack discoveredCheck endgame exposedKing long rookEndgame,71,3,g4f5,True,0.9489403274721959,1,0.9621092677116394,g4f5,True,0.9885714054107666,4.0862231000792235,0,0.0,
244,1638,endgame mate mateIn2 short,68,37,b3e6,True,0.5288392864174312,1,0.9183410406112671,b3e6,True,0.9828571677207947,0.38615260005462915,0,0.0,
246,1725,advantage fork long middlegame,39,31,g5e4,True,0.6950395668823782,1,0.26765111088752747,g5e4,True,0.9885714054107666,4.896889100084081,0,0.0,
248,1470,advantage endgame fork long,70,23,d6d7,True,0.9907446863627556,1,0.6972678303718567,d6d7,True,0.9985714554786682,4.679446300026029,0,0.0,
250,1482,advantage fork long middlegame pin,61,40,h4g3,True,0.9747935641775235,1,0.9741395115852356,h4g3,True,0.9985714554786682,6.678246299969032,0,0.0,
252,1504,advantage long middlegame queensideAttack xRayAttack,57,33,a5e1,True,0.7611515741592113,1,0.7717439532279968,a5e1,True,0.9900000095367432,4.677742599975318,0,0.0,
254,1559,crushing discoveredAttack middlegame short,41,42,d6e5,False,0.16672836594002477,2,0.8735292553901672,b2c4,True,0.9571428298950195,4.306949899997562,0,0.0,
256,1765,endgame long mate mateIn3 triangleMate,70,40,d6d8,True,0.7812709022014034,1,0.9970821142196655,d6d8,True,0.9828571677207947,0.6150920999934897,0,0.0,
258,1595,advantage attraction discoveredAttack endgame fork sacrifice veryLong,45,33,f5d4,True,0.9382816017350916,1,0.767367422580719,f5d4,True,0.977142870426178,5.762879000045359,0,0.0,
260,1793,attraction kingsideAttack mate mateIn2 middlegame sacrifice short,40,36,h1h7,True,0.7225873907964975,1,0.972250759601593,h1h7,True,0.9871428608894348,0.34687220002524555,0,0.0,
262,1493,crushing endgame pin short,78,34,d4d8,False,0.18638703526812875,2,0.9750044941902161,d1g1,True,0.9142857193946838,4.848015600000508,0,0.0,
264,1555,endgame long mate mateIn3,71,33,c2c1,False,0.2635207543935593,2,0.9699677228927612,c2f2,True,0.9642857313156128,0.5750809999881312,0,0.0,
266,1517,mate mateIn2 middlegame operaMate sacrifice short,57,43,c2e2,False,0.007925529165851828,10,0.6048592329025269,e8e2,False,0.0,3.8677844000048935,0,0.0,
268,1865,advantage attraction deflection endgame long,45,25,d5e5,False,0.28286601328924577,2,0.8763142824172974,f5f4,True,0.9614285826683044,4.284929299959913,0,0.0,
270,1488,endgame mate mateIn2 pillsburysMate sacrifice short xRayAttack,64,36,h8g8,False,0.030509637026324105,4,0.9884326457977295,a4e8,True,0.8428571224212646,1.1815143999410793,0,0.0,
272,1649,advantage fork opening short,33,41,e4c3,True,0.43509705301411333,1,0.45893150568008423,e4c3,True,0.9685714244842529,5.281293699983507,0,0.0,
274,1734,advantage fork master middlegame sacrifice short,47,30,f6e6,False,0.2983558218966175,2,0.4720728397369385,g6f4,True,0.9642857313156128,5.900602200068533,0,0.0,
276,1621,mate mateIn2 middlegame operaMate queensideAttack short,44,38,a7a8,True,0.9780333597904898,1,0.9933537244796753,a7a8,True,0.9985714554786682,0.2966955000301823,0,0.0,
278,1762,advantage discoveredAttack fork middlegame short,44,35,d5e7,True,0.9654503351823657,1,0.9673540592193604,d5e7,True,0.9957143068313599,4.744964300072752,0,0.0,
280,1731,crushing discoveredAttack kingsideAttack opening short,19,38,d4e2,False,0.39236454444251695,2,0.9178556203842163,d4f3,True,0.9742857217788696,6.600564899970777,0,0.0,
282,1744,advantage defensiveMove endgame fork veryLong,57,4,d6c7,False,0.08088759082218859,3,0.8249499201774597,d6c5,True,0.9428571462631226,6.698290099971928,0,0.0,
284,1650,advantage middlegame pin sacrifice short,60,34,e6f6,False,0.17267756225370776,3,0.9832795262336731,e6d6,True,0.9728571176528931,5.013749200035818,0,0.0,
286,1620,advantage hangingPiece middlegame short,50,42,e4e8,False,0.09448930932524016,3,0.6996018290519714,e4c2,True,0.954285740852356,5.471036399947479,0,0.0,
288,1557,advantage discoveredAttack opening short,19,30,d7b6,True,0.7192275400159643,1,0.25036558508872986,d7b6,True,0.9842857122421265,6.1231120999436826,0,0.0,
290,1510,discoveredAttack discoveredCheck kingsideAttack mate mateIn2 middlegame short,35,7,h3f5,True,0.9904923050942022,1,0.975404679775238,h3f5,True,0.9985714554786682,0.14282229996751994,0,0.0,
292,1484,endgame mate mateIn2 pin sacrifice short,52,40,b3f7,False,0.18645244576980047,2,0.9589787721633911,e3e8,True,0.9671428799629211,0.4856818000553176,0,0.0,
294,1760,mate mateIn2 middlegame sacrifice short,22,38,d3g6,True,0.5406041253752114,1,0.8135549426078796,d3g6,True,0.9714285731315613,0.3612770000472665,0,0.0,
296,1853,advantage deflection middlegame pin short,60,38,f5f6,False,0.010543382065329334,2,0.996215283870697,a3a4,False,0.10000000149011612,5.1962892999872565,0,0.0,
298,1512,deflection long mate mateIn3 middlegame sacrifice,42,49,e1e7,False,0.009116961447953596,4,0.9043776988983154,e1e7,False,0.0,4.513822100008838,0,0.0,
300,1720,advantage deflection endgame exposedKing long,105,22,g5e4,False,0.16094575209536047,2,0.8535622954368591,d1c1,True,0.8342857360839844,5.114462200086564,0,0.0,
302,1549,crushing discoveredAttack opening short,22,48,e4f6,True,0.9797648377905886,1,0.8588242530822754,e4f6,True,0.9971428513526917,4.557771899970248,0,0.0,
304,1875,advancedPawn attraction crushing discoveredAttack discoveredCheck endgame fork long master pin sacrifice,61,42,h4g3,False,0.4313065671829751,2,0.9787328839302063,f8f2,True,0.9671428799629211,3.0608812000136822,0,0.0,
306,1715,endgame mate mateIn2 queenRookEndgame short,85,31,f6h6,True,0.7700722708244132,1,0.7869282960891724,f6f4,False,0.051428571343421936,4.729883300024085,0,0.0,
308,1477,advantage endgame fork short,71,25,h2e2,False,0.15714394748251917,2,0.8069819808006287,b2d1,True,0.9728571176528931,4.7615992000792176,0,0.0,
310,1550,capturingDefender crushing long middlegame,29,45,c6d4,True,0.8283518375904274,1,0.8012048602104187,c6d4,True,0.9900000095367432,4.824183800024912,0,0.0,
312,1719,advantage attraction deflection long middlegame,72,39,h1h6,False,0.04910122778894393,4,0.9764496088027954,d6g6,False,0.1785714328289032,2.507320999982767,0,0.0,
314,1650,capturingDefender crushing endgame intermezzo rookEndgame short,76,21,g4d4,True,0.9477308985510596,1,0.9283744096755981,g4d4,True,0.9957143068313599,6.882150599965826,0,0.0,
316,1538,crushing deflection discoveredAttack long middlegame,40,37,d6c6,True,0.9346051587214252,1,0.9705536365509033,d6c6,True,0.9942857027053833,4.568926600040868,0,0.0,
318,1729,advantage long middlegame pin,50,4,d1f3,True,0.6735580839025703,1,0.6046012043952942,d1f3,True,0.9885714054107666,4.347576699918136,0,0.0,
320,1591,crushing fork middlegame short,30,42,d6e5,True,0.7923010810394552,1,0.921761155128479,d6e5,True,0.9885714054107666,4.073091899976134,0,0.0,
322,1533,endgame fork long mate mateIn3,71,17,g7g5,True,0.9938060933819832,1,0.5428447723388672,g7g5,True,0.9985714554786682,0.33433580002747476,0,0.0,
324,1730,mate mateIn1 middlegame oneMove,34,34,b5a6,True,0.9019730303862773,1,0.9912359118461609,b5a6,True,0.9957143068313599,0.11181340005714446,0,0.0,
326,1590,advantage middlegame short skewer,33,47,e7b4,False,0.47998390677994757,2,0.7379369139671326,a7a6,False,0.3257142901420593,6.715120599954389,0,0.0,
328,1751,crushing interference long middlegame,21,42,e6c4,True,0.6707303590739931,1,0.929440975189209,e6c4,True,0.9828571677207947,5.353493200032972,0,0.0,
330,1518,crushing endgame exposedKing fork long,103,23,e2f2,False,0.10794050269129112,2,0.951550304889679,e2f1,True,0.9114285707473755,4.981957400101237,0,0.0,
332,1732,crushing deflection middlegame short,82,38,d3g6,False,0.021033042262222308,3,0.9778532981872559,e1e7,True,0.7128571271896362,5.398851800011471,0,0.0,
334,1843,crushing deflection endgame long,72,45,g1c1,True,0.7474400375001691,1,0.9191605448722839,e3d4,False,0.07571428269147873,4.537014700006694,0,0.0,
336,1553,advantage discoveredAttack long middlegame,31,34,a6c4,True,0.9402852285132182,1,0.28521573543548584,a6c4,True,0.9971428513526917,4.23902320000343,0,0.0,
338,1472,advantage endgame fork long,56,40,e1e8,False,0.32526049217409353,2,0.8632993102073669,f1b5,True,0.8657143115997314,6.505633299937472,0,0.0,
340,1692,crushing long master middlegame sacrifice,76,33,f7e6,True,0.40306677318806255,1,0.9170123934745789,f7e6,True,0.9742857217788696,6.978030400001444,0,0.0,
342,1665,advantage fork interference middlegame short,58,38,e4h7,False,0.02340312768259801,3,0.6855419874191284,e4f5,True,0.7485714554786682,7.154773499933071,0,0.0,
344,1535,endgame mate mateIn2 short,85,27,g5g4,True,0.9827661376124207,1,0.8627467155456543,g5g4,True,0.9971428513526917,0.2877485000062734,0,0.0,
346,1698,attraction kingsideAttack master mate mateIn2 middlegame pin sacrifice short,45,41,g3h2,False,0.04314628407900098,2,0.9809204936027527,h6h1,True,0.9085714221000671,1.4190814000321552,0,0.0,
348,1710,advantage fork middlegame short,51,40,e4c3,True,0.8395688725831592,1,0.3455948233604431,e4c3,True,0.9885714054107666,7.2541214999509975,0,0.0,
350,1629,crushing endgame fork master short,87,25,e7e2,False,0.08349955271262416,3,0.9652538895606995,f4h3,True,0.9514285922050476,4.668447299976833,0,0.0,
352,1632,advantage attraction capturingDefender fork long middlegame,39,31,d6f4,False,0.04046804150085795,5,0.9508470892906189,g7g5,False,0.0057142856530845165,6.217143899993971,0,0.0,
354,1500,advantage attackingF2F7 deflection opening short,12,43,c4f7,True,0.893515214326479,1,0.7884030938148499,c4f7,True,0.9942857027053833,4.026557700010017,0,0.0,
356,1758,advantage fork middlegame veryLong,52,43,e5d7,True,0.43635260932886183,1,0.8720157146453857,d3e3,False,0.017142856493592262,7.102859900100157,0,0.0,
358,1804,advantage hangingPiece middlegame short,49,27,e6f5,True,0.579657751903438,1,0.9057719707489014,e6f5,True,0.9828571677207947,4.880900699994527,0,0.0,
360,1727,crushing deflection endgame long rookEndgame,77,14,h5h6,True,0.953949019833949,1,0.7132164835929871,h5h6,True,0.9971428513526917,4.731527099967934,0,0.0,
362,1476,endgame mate mateIn2 pillsburysMate sacrifice short,88,21,e2g3,True,0.6776700252678823,1,0.509933352470398,e2g3,True,0.991428554058075,0.3084330999990925,0,0.0,
364,1624,advantage attraction clearance kingsideAttack long middlegame sacrifice,24,43,d3h7,True,0.9943102594578218,1,0.8965625166893005,d3h7,True,0.9985714554786682,7.5048072000499815,0,0.0,
366,1565,mate mateIn2 middlegame sacrifice short,45,51,g4h4,False,0.1393041667550035,3,0.9957655072212219,h8h4,True,0.9485714435577393,0.8344278999138623,0,0.0,
368,1622,crushing middlegame short trappedPiece,51,27,c7c1,False,0.09469426343357484,2,0.8214516639709473,c8b7,True,0.7085714340209961,5.063745099934749,0,0.0,
370,1533,kingsideAttack mate mateIn1 middlegame oneMove,46,49,c7g7,True,0.9411514922295413,1,0.9122617244720459,c7g7,True,0.9928571581840515,0.13758129999041557,0,0.0,
372,1717,advantage fork long middlegame,81,35,b5c5,True,0.7328456736299208,1,0.881079375743866,b5c5,True,0.9142857193946838,5.6092923999531195,0,0.0,
374,1749,master mate mateIn1 oneMove opening,31,45,g4h2,False,0.002454020919381385,7,0.9325092434883118,g4h2,False,0.0,2.8077428000979125,0,0.0,
376,1494,advantage attraction long middlegame,43,40,f8f1,True,0.9675366912728091,1,0.7200281620025635,f8f1,True,0.9971428513526917,6.443826399976388,0,0.0,
378,1871,attraction crushing endgame fork sacrifice veryLong,73,26,h3f1,True,0.5058775006844609,1,0.5205333232879639,h3f1,True,0.7471428513526917,4.951783599914052,0,0.0,
380,1580,advantage long middlegame pin,56,48,d5h5,True,0.9413194419732115,1,0.9485002756118774,d5h5,True,0.9971428513526917,1.746848399983719,0,0.0,
382,1827,advantage hangingPiece long middlegame,63,2,e8d8,False,0.26480036973830356,2,-0.0033701122738420963,b2b5,True,0.9528571367263794,4.901131499907933,0,0.0,
384,1506,advantage capturingDefender middlegame short,31,51,e6h3,False,0.08288796683116943,3,0.6033127903938293,d8d2,True,0.954285740852356,5.530022599967197,0,0.0,
386,1611,master mate mateIn1 middlegame oneMove,40,47,b5e8,True,0.7440297215392548,1,0.9860087037086487,b5e8,True,0.9871428608894348,0.18764170003123581,0,0.0,
388,1493,advantage endgame fork short,81,28,d6d5,False,0.23653795062766772,2,0.9807262420654297,d6c6,True,0.9471428394317627,5.4969383999705315,0,0.0,
390,1504,attraction crushing deflection endgame fork long sacrifice,84,24,g5e6,False,0.007141448805272571,4,0.9516282677650452,c8c7,False,0.0,5.33865540008992,0,0.0,
392,1656,mate mateIn2 middlegame short,61,27,g8g5,True,0.616124680047671,1,0.4378613233566284,g8g5,True,0.9885714054107666,0.2588353999890387,0,0.0,
394,1686,crushing deflection endgame exposedKing long,98,23,c7c6,False,0.05182565653419579,2,0.7591083645820618,c7c6,False,0.027142856270074844,5.929353700019419,0,0.0,
396,1839,mate mateIn2 opening short swallowstailMate,20,39,d1g4,False,0.44754134397138273,2,0.3395392596721649,d1d5,True,0.9828571677207947,0.4370731000090018,0,0.0,
398,1755,crushing endgame hangingPiece long quietMove,95,14,g3h2,True,0.9880892130061639,1,0.7321497797966003,g3h2,True,0.9985714554786682,6.0848071000073105,0,0.0,
400,1886,attackingF2F7 crushing deflection fork middlegame veryLong,30,46,g5e6,False,0.11471007153161913,3,0.9726844429969788,g5f7,True,0.9200000166893005,4.425440000020899,0,0.0,
402,1666,crushing fork long opening,17,41,f8c5,False,0.0370233384963075,3,0.9209625720977783,g4f3,True,0.8828571438789368,4.604774400009774,0,0.0,
404,1459,crushing discoveredAttack endgame fork short,83,27,e3f1,True,0.8996275247097043,1,0.9615108966827393,e3f1,True,0.9928571581840515,3.9170693999622017,0,0.0,
406,1553,advantage fork long middlegame skewer,37,31,d8d1,True,0.9435341731403674,1,0.17478495836257935,d8d1,True,0.9971428513526917,4.577487500035204,0,0.0,
408,1808,advantage fork long master middlegame sacrifice,58,42,e4f6,True,0.5762236807803796,1,0.9874758124351501,e4f6,True,0.9828571677207947,4.349875699961558,0,0.0,
410,1536,kingsideAttack master mate mateIn2 middlegame operaMate sacrifice short,53,46,b7g2,False,0.3567248829283521,2,0.496062308549881,h5h1,True,0.977142870426178,0.38601460005156696,0,0.0,
412,1647,discoveredCheck doubleCheck mate mateIn2 middlegame short triangleMate,50,43,d5d7,True,0.7890304995602517,1,0.603340744972229,d5d7,True,0.9942857027053833,0.20213210000656545,0,0.0,
414,1706,advantage capturingDefender long middlegame,32,58,g5f6,False,0.04263471353686812,4,0.9301021695137024,e5d7,True,0.9028571248054504,5.1255635999841616,0,0.0,
416,1462,capturingDefender crushing long middlegame,26,53,e3d4,True,0.7048239489852275,1,0.8861249685287476,g6e4,False,0.3571428656578064,5.706020599929616,0,0.0,
418,1757,backRankMate mate mateIn2 middlegame sacrifice short,35,46,f2f1,True,0.679160733800279,1,0.5730361938476562,f2f1,True,0.9871428608894348,0.43963429995346814,0,0.0,
420,1724,advantage long opening sacrifice,22,24,d2b4,True,0.9698603100674283,1,0.6127724051475525,d2b4,True,0.9985714554786682,5.634164099930786,0,0.0,
422,1517,endgame mate mateIn1 oneMove,61,27,g7g5,True,0.7637834574598069,1,0.889619767665863,g7g5,True,0.991428554058075,0.1912260000826791,0,0.0,
424,1509,advantage deflection middlegame short,61,45,b1c1,True,0.510493439029315,1,0.9965984225273132,b1c1,True,0.9800000190734863,4.977144900010899,0,0.0,
426,1576,crushing fork middlegame short,43,50,d6d2,False,0.10608725997606293,3,0.9551218152046204,c4d3,True,0.9599999785423279,5.018918599933386,0,0.0,
428,1485,crushing discoveredCheck doubleCheck kingsideAttack middlegame short,47,31,d4f3,True,0.7318496779036741,1,0.8177044987678528,d4f3,True,0.9885714054107666,4.610615700017661,0,0.0,
430,1485,kingsideAttack mate mateIn2 middlegame operaMate sacrifice short,43,49,b8g3,True,0.8893923977291043,1,0.9483701586723328,b8g3,True,0.9928571581840515,0.24551579996477813,0,0.0,
432,1778,advantage endgame master pin short,69,29,d4f5,False,0.012132773390330658,3,0.8014062643051147,d4f5,False,0.0,6.2158721999730915,0,0.0,
434,1661,endgame mate mateIn2 short,68,36,h2h7,False,0.003038834902058932,4,0.9799874424934387,h2h7,False,0.0,6.429052799940109,0,0.0,
436,1723,discoveredAttack discoveredCheck mate mateIn2 middlegame pillsburysMate short,58,34,c5d3,False,0.016111466856705094,8,0.4629983603954315,c3c4,True,0.6071428656578064,2.768628799938597,0,0.0,
438,1822,mate mateIn2 middlegame operaMate sacrifice short,58,45,g1g7,False,0.019480503282215532,8,0.7344133257865906,h5h8,True,0.6928571462631226,2.2068209999706596,0,0.0,
440,1607,kingsideAttack mate mateIn1 oneMove opening,32,48,f1f8,True,0.9813608920213392,1,0.9846470952033997,f1f8,True,0.9985714554786682,0.06263790000230074,0,0.0,
442,1699,kingsideAttack mate mateIn1 oneMove opening,31,38,e5h2,True,0.9939301799204716,1,0.9882659912109375,e5h2,True,0.9985714554786682,0.06339449994266033,0,0.0,
444,1609,endgame long mate mateIn3,35,34,b7b1,True,0.9980861990658488,1,0.8193475604057312,b7b1,True,0.9985714554786682,0.6713323999429122,0,0.0,
446,1533,attraction long mate mateIn3 middlegame operaMate sacrifice,38,51,g3g7,False,0.004926488262877576,6,0.8826661705970764,e2b5,False,0.0,6.444552700035274,0,0.0,
448,1688,advantage clearance kingsideAttack middlegame pin sacrifice veryLong,45,43,e5f3,True,0.9936332257948928,1,0.9602826833724976,e5f3,True,0.9985714554786682,5.3063087000045925,0,0.0,
450,1510,mate mateIn1 middlegame oneMove operaMate,29,41,g2f2,True,0.7060050166639082,1,0.9417147040367126,g2f2,True,0.9800000190734863,0.26774729997850955,0,0.0,
452,1775,attraction endgame long mate mateIn3 sacrifice,70,30,h1h5,True,0.7432783806489178,1,0.9733266830444336,h1h5,True,0.9842857122421265,0.26424589997623116,0,0.0,
454,1608,kingsideAttack mate mateIn1 middlegame oneMove,42,38,e4h7,True,0.9800845515580475,1,0.9742499589920044,e4h7,True,0.9971428513526917,0.09971990005578846,0,0.0,
456,1835,discoveredAttack kingsideAttack mate mateIn2 middlegame sacrifice short,25,34,e5f3,True,0.955811265874773,1,0.9595487713813782,e5f3,True,0.9957143068313599,0.20008290000259876,0,0.0,
458,1573,crushing fork opening short,15,33,e7e5,True,0.8268669578058317,1,0.1285221427679062,e7e5,True,0.9900000095367432,4.658147900016047,0,0.0,
460,1453,balestraMate endgame mate mateIn2 short,87,39,e4h1,False,0.4360298534363515,2,0.8862886428833008,e4f3,True,0.9714285731315613,0.5531046000542119,0,0.0,
462,1583,crushing discoveredAttack discoveredCheck endgame short,88,31,a7f7,True,0.9988957477808753,1,0.990327775478363,a7f7,True,0.9985714554786682,4.018866800004616,0,0.0,
464,1493,crushing hangingPiece opening short,25,39,c7c1,True,0.9419630775269736,1,0.7006804347038269,c7c1,True,0.9971428513526917,4.846963400021195,0,0.0,
466,1670,crushing discoveredAttack long middlegame,35,40,c5f2,False,0.390636036669371,2,0.9016287326812744,e6c4,True,0.9700000286102295,5.109440800035372,0,0.0,
468,1593,attraction long mate mateIn3 middlegame sacrifice,49,40,b8h8,False,0.25492544867831,2,0.8375592231750488,h2h1,True,0.9728571176528931,0.6642616000026464,0,0.0,
470,1882,crushing discoveredAttack long middlegame,39,43,d6h2,False,0.0026248230752823286,7,0.6487399339675903,d7f6,False,0.0,6.423947499948554,0,0.0,
472,1790,advantage endgame fork long sacrifice,77,34,d4e2,False,0.007225220376814171,3,0.9799575209617615,d4e2,False,0.0,3.868240399984643,0,0.0,
474,1508,mate mateIn1 middlegame oneMove,52,44,b1g6,True,0.625126356454604,1,0.9892328381538391,b1g6,True,0.977142870426178,0.4127816000254825,0,0.0,
476,1514,crushing exposedKing fork long middlegame,49,39,g5h5,True,0.9821729276564256,1,0.9584072232246399,g5h5,True,0.9985714554786682,4.083401500014588,0,0.0,
478,1531,mate mateIn1 middlegame oneMove swallowstailMate,32,32,h4f6,True,0.6330526362110139,1,0.9517045617103577,h4f6,True,0.9642857313156128,0.42047290003392845,0,0.0,
480,1603,endgame master mate mateIn2 short,104,26,f6h4,False,0.1208224616215263,3,0.7172032594680786,f6h8,True,0.9614285826683044,0.8284515999257565,0,0.0,
482,1464,endgame fork mate mateIn5 veryLong,58,29,h2h7,True,0.9897507654649111,1,0.6832484006881714,h2h7,True,0.9985714554786682,0.9572727999184281,0,0.0,
484,1581,advantage capturingDefender hangingPiece middlegame short,39,31,b2a4,True,0.8254720002606432,1,0.5809386372566223,b2a4,True,0.9428571462631226,6.803182099945843,0,0.0,
486,1582,advantage capturingDefender long middlegame xRayAttack,45,39,c4b4,True,0.6670570102714143,1,0.9298827052116394,c4b4,True,0.9800000190734863,5.617200399981812,0,0.0,
488,1681,kingsideAttack mate mateIn2 middlegame pin sacrifice short,32,44,c4f7,False,0.26599233730905913,2,0.9781238436698914,f3f7,True,0.8885714411735535,0.6140098000178114,0,0.0,
490,1617,mate mateIn2 middlegame short,63,32,h5h2,False,0.005346544755147583,3,0.924370527267456,h5h2,False,0.0,3.6841561999171972,0,0.0,
492,1874,attraction endgame long mate mateIn3 queenEndgame,68,22,h4h5,True,0.9334348027394556,1,0.9487279653549194,h4h5,True,0.9985714554786682,0.4553527000825852,0,0.0,
494,1743,endgame mate mateIn2 short,62,23,g3b8,True,0.6902560729823255,1,0.9804181456565857,g3b8,True,0.9885714054107666,0.28289620007853955,0,0.0,
496,1668,crushing defensiveMove endgame long rookEndgame skewer,86,6,c3b2,False,0.050622643634405454,5,0.8434195518493652,c3c4,True,0.8628571629524231,1.2047063000500202,0,0.0,
498,1514,endgame master masterVsMaster mate mateIn1 oneMove,111,15,f5g3,False,0.17832337969667583,2,0.566730260848999,e4f3,True,0.977142870426178,0.33257660001982003,0,0.0,
500,1707,advantage middlegame pin short,61,43,g7c3,False,0.00028288967423179716,30,0.9713502526283264,f2g2,False,0.0,7.275335900019854,0,0.0,
502,1732,crushing discoveredAttack endgame master queenEndgame short,89,32,b7b5,False,0.2173114264195245,2,0.9344874024391174,d6d5,True,0.9714285731315613,4.128766200039536,0,0.0,
504,1691,advantage attraction discoveredAttack discoveredCheck endgame exposedKing long,62,2,d2c1,True,0.8394087282313564,1,0.7072049975395203,d2c1,True,0.9928571581840515,4.076842600014061,0,0.0,
506,1471,endgame mate mateIn1 oneMove,62,31,a7a8,False,0.3146088012140823,2,0.9991161227226257,a7c7,True,0.9371428489685059,0.7119292999850586,0,0.0,
508,1529,attraction kingsideAttack mate mateIn4 middlegame sacrifice veryLong,52,37,h3h6,True,0.9450661125078041,1,0.98946613073349,h3h6,True,0.9957143068313599,0.5841173999942839,0,0.0,
510,1715,crushing middlegame pin short,52,33,g1h1,False,0.236321151507644,2,0.7464489340782166,f1f7,True,0.9742857217788696,1.725990099948831,0,0.0,
512,1549,endgame hookMate mate mateIn2 short,59,40,a8a2,True,0.6065702351394496,1,0.9824173450469971,a8a2,True,0.9571428298950195,0.5078499999362975,0,0.0,
514,1651,crushing deflection endgame interference long,73,27,h2d2,True,0.5672132947922679,1,0.7597641348838806,h2d2,True,0.977142870426178,4.349926800001413,0,0.0,
516,1531,crushing discoveredAttack endgame long,62,27,h3e6,True,0.8181085645619357,1,0.9454839825630188,h3e6,True,0.9900000095367432,4.438892800011672,0,0.0,
518,1521,crushing fork middlegame sacrifice veryLong,46,50,d5d6,True,0.9523468052672736,1,0.8491905331611633,d5d6,True,0.7757142782211304,5.5880720999557525,0,0.0,
520,1483,bishopEndgame crushing discoveredAttack endgame short,104,6,g4g5,True,0.6671703738237855,1,0.06540334224700928,g4g5,True,0.9900000095367432,5.900670200004242,0,0.0,
522,1649,deflection kingsideAttack long mate mateIn3 middlegame sacrifice,43,50,e5e1,False,0.1347489896648784,2,0.9482956528663635,b6f2,True,0.9700000286102295,0.8700650000246242,0,0.0,
524,1500,attraction kingsideAttack long mate mateIn3 middlegame sacrifice,53,33,h8h1,True,0.39118724811629607,1,0.9120227098464966,h8h1,True,0.9828571677207947,0.3696219999110326,0,0.0,
526,1722,advantage discoveredAttack discoveredCheck long middlegame,44,37,f1f6,True,0.825639377931082,1,0.9621210098266602,f1f6,True,0.9885714054107666,4.541266500018537,0,0.0,
528,1791,advancedPawn bishopEndgame capturingDefender crushing endgame long,68,11,f5f6,True,0.5674514790520088,1,0.9321064352989197,g5h6,False,0.3214285671710968,5.186448100022972,0,0.0,
530,1534,advancedPawn deflection discoveredAttack discoveredCheck endgame mate mateIn2 promotion short,70,17,c6c7,True,0.7426906589884211,1,0.743861198425293,c6c7,True,0.9900000095367432,0.3026698000030592,0,0.0,
532,1637,advantage attraction fork long middlegame sacrifice,63,33,h4f3,False,0.010965602379039242,4,0.3192302882671356,h4f3,False,0.14142857491970062,6.01605410000775,0,0.0,
534,1808,attraction discoveredAttack discoveredCheck mate mateIn2 middlegame sacrifice short,55,41,h2g1,True,0.35458326788952577,1,0.979258120059967,h2g1,True,0.9757142663002014,0.37402009998913854,0,0.0,
536,1576,endgame mate mateIn1 oneMove,66,38,d7d8,False,5.8195216002279725e-06,33,0.9970311522483826,d7d8,False,0.0,5.738752100034617,0,0.0,
538,1732,advantage attraction long middlegame sacrifice skewer,73,32,f7f2,True,0.9658217235738327,1,0.6104121208190918,f7f2,True,0.9985714554786682,4.827440200024284,0,0.0,
540,1620,advantage fork master middlegame short,32,35,d2d5,True,0.9535650666007869,1,0.2841825485229492,d2d5,True,0.9971428513526917,6.0931915999390185,0,0.0,
542,1837,crushing exposedKing fork long middlegame,51,39,d8d3,False,0.3542338162583827,2,0.9639327526092529,a2a1,True,0.9599999785423279,4.354710799991153,0,0.0,
544,1466,advancedPawn mate mateIn2 middlegame promotion short,79,41,d1e1,False,0.009856532575311236,8,0.8806192874908447,d1e1,False,0.037142857909202576,6.813165299943648,0,0.0,
546,1594,crushing deflection endgame long,54,48,e1e6,True,0.4159908747045573,1,0.9392841458320618,e1e6,True,0.9142857193946838,4.929749900009483,0,0.0,
548,1753,hangingPiece mate mateIn1 middlegame oneMove,66,34,f1f7,True,0.8719297655395616,1,0.919074535369873,f1f7,True,0.9842857122421265,0.25053469999693334,0,0.0,
550,1816,advantage fork long opening,15,43,a6b5,True,0.9042189091404564,1,0.6836066842079163,a6b5,True,0.9928571581840515,5.054775899974629,0,0.0,
552,1703,mate mateIn1 middlegame oneMove,43,39,f4h3,True,0.7116480499277938,1,0.8986793160438538,f4h3,True,0.9757142663002014,0.2810540000209585,0,0.0,
554,1859,attraction crushing endgame exposedKing veryLong,63,42,b7g2,True,0.370430914480607,1,0.9270130395889282,b7e4,False,0.03857142850756645,3.0374140999047086,0,0.0,
556,1657,crushing fork middlegame veryLong,49,42,e6e1,True,0.9735450059559861,1,0.8627959489822388,e6e1,True,0.9971428513526917,5.129815799999051,0,0.0,
558,1565,backRankMate endgame fork mate mateIn2 short,57,20,f4e3,True,0.9553247365597344,1,0.9074748754501343,f4e3,True,0.9971428513526917,0.19485279999207705,0,0.0,
560,1638,kingsideAttack long mate mateIn3 middlegame,37,35,e3e2,False,0.08360985555437286,4,0.8585492372512817,f8f2,True,0.9614285826683044,0.7175911999074742,0,0.0,
562,1603,crushing long middlegame trappedPiece,27,45,f7f5,True,0.8578017014189155,1,0.5622363686561584,f7f5,True,0.991428554058075,5.54934039991349,0,0.0,
564,1727,crushing discoveredAttack middlegame short,38,47,d6d8,True,0.952037213908727,1,0.9911710619926453,d6d8,True,0.9957143068313599,4.4110583999427035,0,0.0,
566,1631,crushing defensiveMove middlegame sacrifice short,50,4,g2h3,False,0.0454685303264051,4,0.882432758808136,f2f3,True,0.9314285516738892,5.305397300049663,0,0.0,
568,1513,advantage fork long opening,24,37,h4g6,True,0.9153300504443577,1,0.9570297002792358,h4g6,True,0.9942857027053833,4.563737599994056,0,0.0,
570,1657,endgame mate mateIn1 oneMove,136,27,a2a1,True,0.9805153424038973,1,0.008666934445500374,a2a1,True,0.9985714554786682,0.0568946999264881,0,0.0,
572,1509,crushing discoveredAttack fork long middlegame sacrifice,29,43,f6f1,True,0.5242785890345489,1,0.987484335899353,f6f1,True,0.9842857122421265,4.318547000060789,0,0.0,
574,1499,mate mateIn1 middlegame oneMove,34,42,d1d8,False,0.020098389495126972,2,0.8977969288825989,c4f7,True,0.7128571271896362,2.1292788999853656,0,0.0,
576,1630,crushing endgame hangingPiece master short,72,2,e3e1,True,0.9632995112613245,1,-0.17557993531227112,e3e1,True,0.9985714554786682,4.708261799998581,0,0.0,
578,1480,advantage fork opening short,24,39,e2g4,True,0.8624723152322408,1,0.3088679015636444,e2g4,True,0.9942857027053833,3.8947640999685973,0,0.0,
580,1465,endgame mate mateIn2 short,76,30,d1d8,True,0.7562071482342689,1,0.9838933348655701,d1d8,True,0.9885714054107666,0.34434289997443557,0,0.0,
582,1852,endgame mate mateIn2 short,59,37,f1h1,False,0.425578099093754,2,0.9985924959182739,g4g3,True,0.9571428298950195,0.5151312999660149,0,0.0,
584,1685,crushing hangingPiece middlegame short,27,39,c5f2,False,0.09914476029779128,4,0.5703319907188416,a2c4,True,0.9557142853736877,4.850310300011188,0,0.0,
586,1734,advantage discoveredAttack kingsideAttack long opening,29,45,d4e2,True,0.9828350658813152,1,0.8729117512702942,d4e2,True,0.9971428513526917,4.373859800049104,0,0.0,
588,1546,mate mateIn1 oneMove opening,24,37,e3b6,True,0.5075724042420439,1,0.9582331776618958,e3b6,True,0.9714285731315613,0.3768201000057161,0,0.0,
590,1495,advantage fork long middlegame,46,37,f3f4,True,0.973485040260122,1,0.7778443694114685,f3f4,True,0.9985714554786682,8.508437400101684,0,0.0,
592,1808,discoveredAttack discoveredCheck endgame mate mateIn1 oneMove,66,4,e1f2,False,0.16224949698458002,3,0.22959569096565247,h6c1,True,0.9800000190734863,0.28270510002039373,0,0.0,
594,1475,mate mateIn2 middlegame pin short,65,37,h4h3,True,0.8328788025196496,1,0.9911780953407288,h4h3,True,0.9857142567634583,0.5718493999447674,0,0.0,
596,1661,attraction crushing fork middlegame sacrifice veryLong,52,41,f2f8,False,0.034603156463332924,2,0.9548432230949402,g4e6,True,0.8771428465843201,6.382587800035253,0,0.0,
598,1731,attraction backRankMate mate mateIn2 middlegame sacrifice short,30,44,e3f4,False,0.0011593991721255256,14,0.8190822601318359,e3a7,False,0.0,6.590705099981278,0,0.0,
600,1813,crushing endgame fork master short,75,32,b2d4,True,0.7519895074957138,1,0.9541516900062561,b2d4,True,0.9828571677207947,5.898659100057557,0,0.0,
602,1753,crushing endgame fork short,44,44,c5e6,False,0.06996136316116985,3,0.9328731298446655,c5b7,True,0.8999999761581421,5.476545000099577,0,0.0,
604,1722,advantage middlegame pin veryLong,56,38,a4c4,True,0.42810377659022575,1,0.978525698184967,a4c4,True,0.9785714149475098,4.722848900011741,0,0.0,
606,1602,advantage intermezzo kingsideAttack long master middlegame pin,52,37,f5h5,False,0.042470287002280706,3,0.9881861209869385,g7h7,True,0.8985714316368103,5.409597799996845,0,0.0,
608,1478,advantage discoveredAttack endgame long,78,34,d5f7,False,0.16562411445085384,2,0.9662672281265259,c3d3,True,0.9714285731315613,4.9038564999355,0,0.0,
610,1727,attraction endgame mate mateIn2 sacrifice short,77,27,f3f1,True,0.5217668606432051,1,0.9981341361999512,f3f1,True,0.9828571677207947,0.42534250009339303,0,0.0,
612,1521,advantage defensiveMove hangingPiece middlegame short,47,35,d4f3,False,0.36268528911217873,2,0.9297410249710083,d4c2,True,0.9800000190734863,5.294830000028014,0,0.0,
614,1567,advantage discoveredAttack opening short,18,26,f3d4,True,0.8791364773816055,1,0.44588252902030945,f3d4,True,0.9957143068313599,4.46164780005347,0,0.0,
616,1597,advancedPawn advantage kingsideAttack long middlegame pin,49,43,g6g2,False,0.00024884619202014316,9,0.8337111473083496,g6g2,False,0.0,4.910299099981785,0,0.0,
618,1619,crushing endgame pin short,53,33,d2f2,False,0.0006901223754404085,11,0.9846058487892151,d8f8,False,0.0,7.327699200017378,0,0.0,
620,1780,advantage attraction middlegame queensideAttack short,25,52,g7b2,True,0.9546643506725665,1,0.9018695950508118,g7b2,True,0.9957143068313599,4.251208600006066,0,0.0,
622,1866,attraction exposedKing long master mate mateIn3 middlegame sacrifice,72,42,f4g6,False,0.004727437921080704,6,0.8665926456451416,c7c8,False,0.0,5.137590299942531,0,0.0,
624,1504,kingsideAttack mate mateIn2 middlegame short,31,35,d7g4,True,0.5220450845258578,1,0.9345641732215881,d7g4,True,0.9785714149475098,0.38666409999132156,0,0.0,
626,1459,advantage fork long opening,23,39,e4c4,True,0.4829085257961405,1,0.898003339767456,e4c4,True,0.9742857217788696,5.118142499937676,0,0.0,
628,1586,advantage deflection endgame short,71,38,b7a6,False,0.24612762844894245,2,0.9295667409896851,c8c1,True,0.9442856907844543,3.934378599980846,0,0.0,
630,1497,advantage endgame hangingPiece pin short,44,32,g6e6,True,0.8991064064848413,1,0.9178901314735413,g6e6,True,0.9871428608894348,6.281425000051968,0,0.0,
632,1663,crushing endgame intermezzo long pin sacrifice,55,40,e4f2,False,0.2659652272432269,2,0.9753900170326233,e4g3,True,0.9700000286102295,5.04590210004244,0,0.0,
634,1539,crushing long middlegame pin,36,35,b3f7,False,0.25956905834830324,2,0.9778774380683899,f3f6,True,0.9757142663002014,1.8275620999047533,0,0.0,
636,1627,crushing endgame master pin short,79,33,d6h2,False,0.030596562374972363,2,0.9785013198852539,c7b6,True,0.8471428751945496,5.421557799912989,0,0.0,
638,1467,advantage hangingPiece intermezzo middlegame short,26,31,f5e7,True,0.9470744989928351,1,0.9488286375999451,f5e7,True,0.9957143068313599,4.267013599979691,0,0.0,
640,1608,advantage attraction middlegame sacrifice short,42,42,c7e7,True,0.7214043041868397,1,0.679670512676239,c7e7,True,0.9714285731315613,5.517850999953225,0,0.0,
642,1796,advantage endgame fork long skewer,45,33,g7d4,False,0.08839911007816166,4,0.8631977438926697,g7h6,True,0.918571412563324,4.975001099985093,0,0.0,
644,1532,advantage hangingPiece middlegame short,65,33,e5f3,False,0.3321931286164738,2,0.6776849031448364,g6f5,True,0.6142857074737549,5.038058700039983,0,0.0,
646,1775,advantage fork long middlegame,62,35,f3d5,True,0.9353485748630069,1,0.8929963111877441,f3d5,True,0.9928571581840515,4.726162900100462,0,0.0,
648,1787,crushing fork long middlegame,63,33,d7g7,False,0.05606508759762461,4,0.7821370363235474,h7h2,True,0.9300000071525574,4.940136699937284,0,0.0,
650,1685,crushing long middlegame pin,44,41,g5f6,True,0.5158767079722355,1,0.9692443013191223,g5f6,True,0.9742857217788696,1.491497699986212,0,0.0,
652,1536,crushing fork middlegame pin short,54,42,f5h6,True,0.9723785161209054,1,0.9813016653060913,f5h6,True,0.9971428513526917,3.573202100000344,0,0.0,
654,1875,advantage deflection discoveredAttack discoveredCheck middlegame veryLong,45,31,e5f3,False,0.3280192421008868,2,0.9734582304954529,g5g2,True,0.9557142853736877,4.949924699962139,0,0.0,
656,1689,crushing endgame fork short,105,17,e7e6,False,0.19323029516274706,2,0.9239829778671265,b5d4,True,0.9485714435577393,4.302131599979475,0,0.0,
658,1647,advantage capturingDefender endgame fork long,46,41,d5e6,False,0.18921558089979762,2,0.8067117929458618,f4c7,True,0.9700000286102295,5.235521800001152,0,0.0,
660,1469,master mate mateIn1 middlegame oneMove,40,42,e6c7,False,0.17956602033055882,2,0.9726213812828064,e6g7,True,0.949999988079071,0.5827297000214458,0,0.0,
662,1639,advantage fork long middlegame,65,35,d2d1,False,0.16078652550772654,3,0.9202063083648682,d7e7,True,0.9628571271896362,4.765922699938528,0,0.0,
664,1815,capturingDefender crushing middlegame short,36,47,f5g6,False,0.486779986062179,2,0.8175453543663025,c3d5,True,0.9785714149475098,4.54023889999371,0,0.0,
666,1638,backRankMate endgame mate mateIn2 sacrifice short,56,30,f4e6,False,0.3673336035423542,2,0.4722268283367157,c1c8,True,0.9800000190734863,0.44891160004772246,0,0.0,
668,1887,endgame mate mateIn2 short,43,38,f4e3,True,0.9893123008011795,1,0.9689856767654419,f4e3,True,0.9985714554786682,0.2234906000085175,0,0.0,
670,1749,crushing endgame long skewer,67,35,h8h1,False,0.16264758912951197,2,0.9811885356903076,b5d3,True,0.9385714530944824,4.862264600000344,0,0.0,
672,1695,advantage fork middlegame short,48,29,h3g5,True,0.9826774239728777,1,0.8557207584381104,h3g5,True,0.9985714554786682,5.551575600053184,0,0.0,
674,1502,crushing discoveredAttack discoveredCheck endgame master short,100,27,a6a5,False,0.34908491170984246,2,0.910647988319397,c4e6,True,0.9742857217788696,4.129950999980792,0,0.0,
676,1610,crushing endgame fork long,54,28,e5f6,False,0.10565121204062004,2,0.9621692895889282,f1f6,True,0.9385714530944824,4.612192000029609,0,0.0,
678,1651,endgame mate mateIn1 oneMove,94,31,e4f3,False,0.3536581879327217,2,0.9161355495452881,g3g4,True,0.9814285635948181,0.3311783999670297,0,0.0,
680,1736,advantage clearance long middlegame trappedPiece,46,46,g1g6,False,0.013104256752363302,7,0.8621896505355835,g1h1,True,0.4457142949104309,6.284058499964885,0,0.0,
682,1751,crushing deflection endgame short,87,17,b2b4,True,0.7050574803172847,1,0.948459267616272,b2b4,True,0.9814285635948181,4.230218400014564,0,0.0,
684,1547,mate mateIn1 oneMove opening,25,38,h4h1,False,0.017097815751113528,3,0.9485211968421936,h4f2,True,0.6228571534156799,2.4500119999283925,0,0.0,
686,1571,attraction crushing endgame fork long sacrifice,61,30,d4e2,False,0.004331845425000617,4,0.8975945711135864,d4e2,False,0.0,5.230044399970211,0,0.0,
688,1683,crushing kingsideAttack middlegame pin short,34,41,d5f6,True,0.8555707485405517,1,0.9842362403869629,d5f6,True,0.9785714149475098,4.365898799966089,0,0.0,
690,1532,backRankMate long mate mateIn3 middlegame,32,41,a4b4,True,0.7626601403948321,1,0.9094533920288086,a4b4,True,0.9900000095367432,0.38491220003925264,0,0.0,
692,1480,crushing endgame fork short,53,36,e8e4,False,0.32155155026640575,2,0.9797124862670898,g3d3,True,0.9785714149475098,5.199135500006378,0,0.0,
694,1510,crushing long middlegame sacrifice,55,43,h5h3,True,0.47158095843938536,1,0.9723920822143555,h5h3,True,0.9842857122421265,4.579420099966228,0,0.0,
696,1876,crushing endgame queenEndgame skewer veryLong,169,25,e1h1,True,0.412896666780373,1,0.9730923771858215,h8h7,False,0.334285706281662,5.531430699978955,0,0.0,
698,1709,endgame fork mate mateIn2 short,69,36,g4h3,True,0.7521350430101746,1,0.9883943796157837,g4h3,True,0.9885714054107666,0.4569835999282077,0,0.0,
700,1710,advantage endgame fork master short,84,22,b4d5,True,0.579738082687316,1,0.8085929751396179,b4d5,True,0.9871428608894348,4.638020499958657,0,0.0,
702,1698,backRankMate mate mateIn2 middlegame sacrifice short,57,44,f2h2,False,0.3422621400104781,2,0.5601595044136047,f2f1,True,0.977142870426178,0.4273279000772163,0,0.0,
704,1465,bishopEndgame crushing endgame short skewer,84,14,e8b5,False,0.2646924424618627,2,0.8026825189590454,e8f7,True,0.9585714340209961,4.9106561000226066,0,0.0,
706,1888,advantage intermezzo kingsideAttack long middlegame pin,39,50,d6h2,True,0.9772389005370756,1,0.9692690372467041,d6h2,True,0.9971428513526917,5.1068585000466555,0,0.0,
708,1595,crushing discoveredAttack hangingPiece middlegame short,49,24,f8c5,True,0.9495481012405477,1,0.475108802318573,f8c5,True,0.9957143068313599,4.050964400055818,0,0.0,
710,1630,endgame master mate mateIn2 short,75,39,c6h1,True,0.9006778705831026,1,0.9396669864654541,c6h1,True,0.9942857027053833,0.2620044000213966,0,0.0,
712,1526,advantage fork middlegame sacrifice veryLong,49,42,b8b3,True,0.9586169703705281,1,0.811680257320404,b8b3,True,0.9971428513526917,3.5323886999394745,0,0.0,
714,1524,mate mateIn1 middlegame oneMove,83,26,h3g2,True,0.5589536167677726,1,0.989404022693634,h3g2,True,0.9871428608894348,0.22266920004040003,0,0.0,
716,1546,long master mate mateIn3 middlegame pin sacrifice,62,39,c4f7,False,0.04975521093183966,4,0.9618392586708069,f3f7,True,0.8785714507102966,0.7787840000819415,0,0.0,
718,1465,endgame mate mateIn2 rookEndgame short,69,21,d8d1,True,0.9787928088491509,1,0.9948268532752991,d8d1,True,0.9971428513526917,0.1845638999948278,0,0.0,
720,1856,crushing defensiveMove endgame hangingPiece short,89,37,c2b1,True,0.4828673755148446,1,0.8469389081001282,c2b1,True,0.9828571677207947,3.6720907000126317,0,0.0,
722,1739,advancedPawn advantage attraction endgame fork promotion veryLong,73,20,d2d1q,False,0.0218853195990603,3,0.6810648441314697,d2d1r,False,0.44428572058677673,4.444912999984808,0,0.0,
724,1770,advantage deflection endgame long,84,25,a2a3,True,0.7246151582030054,1,0.9741384983062744,a2a3,True,0.9871428608894348,4.5204718000022694,0,0.0,
726,1635,advantage middlegame pin short,48,33,c4d6,False,0.0027352067093002774,26,0.9276158809661865,c4d6,False,0.0,5.293691499973647,0,0.0,
728,1589,crushing fork middlegame short,60,34,c3c4,True,0.9668726276366347,1,0.9069328904151917,c3c4,True,0.9971428513526917,4.659254400059581,0,0.0,
730,1821,advantage endgame fork veryLong,69,25,b4b2,True,0.8999670359301665,1,0.8691394925117493,b4b2,True,0.991428554058075,6.891140399966389,0,0.0,
732,1789,advantage clearance fork long middlegame sacrifice,42,39,c3d5,True,0.49683279601022595,1,0.9749178886413574,c3d5,True,0.9714285731315613,6.194188900059089,0,0.0,
734,1848,advancedPawn advantage endgame long promotion sacrifice,96,15,g2h3,False,0.005403027881582662,3,0.9406778812408447,g2h3,False,0.0,5.411604600027204,0,0.0,
736,1639,crushing deflection long middlegame,52,36,h7g6,True,0.7811541555401749,1,0.991637647151947,h7g6,True,0.9871428608894348,4.4062217000173405,0,0.0,
738,1666,crushing middlegame pin short,33,29,g7h6,True,0.6484842936325703,1,0.9489032626152039,g7h6,True,0.9828571677207947,4.163613099954091,0,0.0,
740,1531,advantage endgame fork short,56,40,h4d4,True,0.8260492848049452,1,0.9793389439582825,h4d4,True,0.9885714054107666,4.760078299907036,0,0.0,
742,1653,advantage attraction fork long middlegame,59,31,e2e1,False,0.3372772010540732,2,0.28078603744506836,e2d2,True,0.9742857217788696,5.09608930000104,0,0.0,
744,1796,advantage discoveredAttack middlegame short,34,42,e4c5,False,0.2883182815425554,2,0.8138006329536438,d3c4,True,0.9642857313156128,6.226320600020699,0,0.0,
746,1652,endgame master masterVsMaster mate mateIn1 oneMove,102,25,e4e5,True,0.6637277571761298,1,0.9100054502487183,e4e5,True,0.9814285635948181,0.3205272000050172,0,0.0,
748,1733,attackingF2F7 attraction crushing deflection discoveredAttack long middlegame,36,41,e5c4,False,0.02775305380842995,4,0.8969340324401855,e5f7,True,0.8285714387893677,5.067746500018984,0,0.0,
750,1657,endgame epauletteMate mate mateIn1 oneMove queenEndgame,86,20,f8d6,False,0.24967835104475786,2,0.9917176365852356,f8e7,True,0.9228571653366089,0.6194782999809831,0,0.0,
752,1622,endgame master mate mateIn1 oneMove,122,18,e2d4,False,0.11833151878417732,4,0.7587006688117981,g6g3,True,0.9657142758369446,0.541822100058198,0,0.0,
754,1535,advantage long master middlegame pin sacrifice,37,34,c8c4,True,0.46529481992317573,1,0.7308359742164612,c8c4,True,0.9714285731315613,5.212091099936515,0,0.0,
756,1598,crushing deflection endgame long pin,72,33,e7e8,True,0.9302872246091429,1,0.966439962387085,e7e8,True,0.9942857027053833,4.345409199944697,0,0.0,
758,1555,advantage hangingPiece middlegame short,44,38,d1d4,True,0.685081504903779,1,0.8628861308097839,d1d4,True,0.9814285635948181,6.565464199986309,0,0.0,
760,1752,advantage deflection discoveredAttack long middlegame,29,33,e5f3,True,0.8770357367051808,1,0.17941322922706604,e5f3,True,0.9900000095367432,6.773281899979338,0,0.0,
762,1613,advancedPawn fork master mate mateIn2 middlegame short,57,29,h3g2,True,0.856900397427882,1,0.8516170382499695,h3g2,True,0.9928571581840515,0.6362416000338271,0,0.0,
764,1700,epauletteMate mate mateIn1 middlegame oneMove pin,62,35,d6b5,False,0.030488853214317355,6,0.9742352962493896,c5b6,True,0.8714285492897034,0.5958524000598118,0,0.0,
766,1839,attraction crushing endgame long,56,37,h2h7,True,0.692927608660898,1,0.984612226486206,h2h7,True,0.9257143139839172,4.336125800036825,0,0.0,
768,1636,advantage capturingDefender endgame pin short,53,35,b6c5,False,0.09189284150718992,2,0.7439311742782593,d7d4,True,0.7757142782211304,5.714735000045039,0,0.0,
770,1561,endgame mate mateIn2 pin short,54,40,e4e5,False,0.12836747571260898,2,0.9685533046722412,e4g6,True,0.9528571367263794,0.5902981999097392,0,0.0,
772,1528,mate mateIn2 middlegame pin short,53,45,g4f4,False,0.24053815894511305,3,0.9721691608428955,g4h3,True,0.9728571176528931,0.3741998999612406,0,0.0,
774,1594,attraction crushing deflection endgame exposedKing long sacrifice,62,23,f7e7,True,0.6441094155456678,1,0.9230339527130127,f7e7,True,0.9842857122421265,4.490679400041699,0,0.0,
776,1727,advantage fork intermezzo opening short,24,45,b5c7,True,0.9763570725012803,1,0.9562361836433411,b5c7,True,0.9942857027053833,6.688573300023563,0,0.0,
778,1649,crushing endgame pin short,85,23,e5c6,True,0.7696215764692609,1,0.9138404130935669,e5c6,True,0.9885714054107666,4.316614100011066,0,0.0,
780,1716,crushing fork long middlegame,40,28,h5h6,False,0.46873771097387895,2,0.9887372851371765,f5f6,True,0.9614285826683044,4.23953729995992,0,0.0,
782,1776,advantage fork middlegame short,28,38,d5f6,False,0.22308612384747686,3,0.9679225087165833,c4c5,True,0.9557142853736877,5.586577399983071,0,0.0,
784,1484,crushing fork long middlegame,41,30,b6f2,True,0.8546725215178558,1,0.9107649326324463,b6f2,True,0.9957143068313599,6.442019999958575,0,0.0,
786,1736,advantage attraction fork long middlegame,65,35,f8f1,True,0.9971551125469623,1,0.9916286468505859,f8f1,True,0.9985714554786682,4.68447110010311,0,0.0,
788,1719,advantage endgame fork long,80,23,e6e7,True,0.7657462566739854,1,0.9744643568992615,e6e7,True,0.9828571677207947,4.111767700058408,0,0.0,
790,1580,crushing deflection exposedKing long middlegame,54,39,d3g6,True,0.6501420047360871,1,0.9233763813972473,d3g6,True,0.9857142567634583,4.335589899914339,0,0.0,
792,1795,equality middlegame pin short,30,36,d1b1,True,0.7491213752235492,1,0.3973007798194885,d1b1,True,0.9742857217788696,4.525464699952863,0,0.0,
794,1471,attraction endgame mate mateIn2 sacrifice short,42,29,f3h3,False,0.0227448202704961,4,0.9903149604797363,h4h6,True,0.7457143068313599,2.6021083999658003,0,0.0,
796,1581,attraction mate mateIn4 middlegame sacrifice veryLong,50,43,h1h7,True,0.8184581213452046,1,0.982929527759552,h1h7,True,0.9842857122421265,0.738675499917008,0,0.0,
798,1455,crushing master middlegame pin short,81,40,e5d4,True,0.65131128898044,1,0.970260739326477,e5d4,True,0.9857142567634583,4.594575099996291,0,0.0,
800,1736,endgame fork mate mateIn4 sacrifice veryLong,67,28,e4g3,False,0.39972842825255034,2,0.8902266621589661,e4f2,True,0.9700000286102295,1.1083033999893814,0,0.0,
802,1484,advantage hangingPiece middlegame short,58,43,c1a3,True,0.6929149774734641,1,0.8363568782806396,c1a3,True,0.9857142567634583,4.230605199933052,0,0.0,
804,1842,crushing fork opening veryLong,35,43,f5f2,True,0.9903212878739945,1,0.5309121608734131,f5f2,True,0.9985714554786682,4.569257800001651,0,0.0,
806,1768,attraction long mate mateIn3 middlegame queensideAttack sacrifice,43,37,d8d1,True,0.7657715257254214,1,0.9743171334266663,d8d1,True,0.9900000095367432,0.5312333999900147,0,0.0,
808,1593,mate mateIn2 middlegame sacrifice short,68,42,g1g6,True,0.6343160726918279,1,0.6751022934913635,g1g6,True,0.9842857122421265,0.485039500053972,0,0.0,
810,1580,crushing fork intermezzo long middlegame pin sacrifice,43,39,g8g2,True,0.7786662272535567,1,0.9323472380638123,g8g2,True,0.9857142567634583,4.599938599974848,0,0.0,
812,1521,crushing endgame long skewer,79,26,a8a2,True,0.9431791097726308,1,0.8947969675064087,a8a2,True,0.9971428513526917,3.672876099939458,0,0.0,
814,1591,endgame mate mateIn2 short,40,29,f3f4,True,0.8715315696793601,1,0.8842772841453552,f3f4,True,0.991428554058075,0.4131221999414265,0,0.0,
816,1665,fork mate mateIn2 middlegame short,73,17,d3e4,True,0.9861843008931833,1,0.9503558278083801,d3e4,True,0.9985714554786682,1.018478999962099,0,0.0,
818,1504,long mate mateIn3 middlegame pin,75,45,b8b2,False,0.29719363360832185,2,0.4555204510688782,f3a3,True,0.9528571367263794,0.7517443000106141,0,0.0,
820,1770,crushing deflection endgame master queenEndgame short,68,24,e3f4,False,0.013148418648704413,2,0.9766991138458252,e3f4,False,0.43142858147621155,4.579090300016105,0,0.0,
822,1532,advancedPawn discoveredCheck doubleCheck endgame long mate mateIn3 promotion sacrifice,51,39,c2e2,False,0.17956758032128894,2,0.9963667392730713,a8a3,True,0.9557142853736877,0.8297940000193194,0,0.0,
824,1483,crushing deflection middlegame short,59,39,d8d1,True,0.6033994831672496,1,0.9131346344947815,d8d1,True,0.9842857122421265,4.2315101000713184,0,0.0,
826,1813,advantage exposedKing long middlegame sacrifice,31,40,b6d4,True,0.7928030647316537,1,0.9244617223739624,b6d4,True,0.9814285635948181,5.115579199977219,0,0.0,
828,1570,crushing discoveredAttack endgame short,56,41,e7d7,False,0.31964339086174526,2,0.9904423952102661,e7f7,True,0.8742856979370117,6.463804899947718,0,0.0,
830,1638,advantage endgame long pin,42,34,e7d7,True,0.30694044735690607,1,0.7335211038589478,e7d7,True,0.9742857217788696,4.664860499906354,0,0.0,
832,1676,advantage deflection middlegame short,49,45,b7a6,False,0.35452417739472303,2,0.8664238452911377,d8d2,True,0.9728571176528931,4.925789300003089,0,0.0,
834,1584,long mate mateIn3 middlegame sacrifice,26,44,f3f8,True,0.9113074289167561,1,0.9131394624710083,f3f8,True,0.9957143068313599,0.44615920004434884,0,0.0,
836,1677,endgame long mate mateIn3 operaMate sacrifice,45,31,a6f1,False,0.09701095402302602,3,0.970545768737793,b2f2,True,0.7685714364051819,1.298739799996838,0,0.0,
838,1835,crushing deflection endgame long master,74,21,f7g7,True,0.9381779314028033,1,0.9524126648902893,f7g7,True,0.9971428513526917,2.9537033999804407,0,0.0,
840,1889,advantage interference intermezzo middlegame short,35,47,c6d4,True,0.7827670173507814,1,0.5806043148040771,c6d4,True,0.9900000095367432,6.260890300036408,0,0.0,
842,1500,crushing endgame master masterVsMaster pin short,57,34,e8e2,True,0.566120300022274,1,0.9363616704940796,e8e2,True,0.9857142567634583,4.213909300044179,0,0.0,
844,1759,advantage fork long middlegame,46,34,d3h7,False,0.016681554857130604,3,0.8919102549552917,f1f4,True,0.618571400642395,4.881839099922217,0,0.0,
846,1819,endgame mate mateIn2 pin short,74,31,d3b5,False,0.08723570815940718,2,0.8549030423164368,c5c6,True,0.9285714030265808,1.2586360999848694,0,0.0,
848,1631,advantage discoveredAttack middlegame short,41,50,c2e3,True,0.9788118014071577,1,0.9834607243537903,c2e3,True,0.9971428513526917,4.56751369999256,0,0.0,
850,1464,crushing discoveredAttack endgame rookEndgame short,122,18,h4h6,False,0.08697223115220994,2,0.8629090785980225,c4c5,True,0.9599999785423279,4.449423599988222,0,0.0,
852,1542,attraction crushing kingsideAttack long opening sacrifice,24,44,f3g5,False,0.17534882728892762,2,0.359360933303833,d3h7,True,0.9300000071525574,4.165065300068818,0,0.0,
854,1693,advantage middlegame short trappedPiece,74,35,g4d7,False,0.4221857848075721,2,0.8491638898849487,f4g3,True,0.9757142663002014,5.756044400040992,0,0.0,
856,1878,advancedPawn crushing deflection middlegame promotion short,69,4,b6c7,True,0.8899085415361728,1,0.23554877936840057,b6c7,True,0.9957143068313599,4.389514500042424,0,0.0,
858,1863,attraction crushing long middlegame queensideAttack,50,34,d1d8,True,0.9960019036543912,1,0.9732773900032043,d1d8,True,0.9985714554786682,3.41946970007848,0,0.0,
860,1751,mate mateIn2 middlegame operaMate pillsburysMate sacrifice short,64,51,c1a1,False,0.035830142416516456,3,0.9609516263008118,c6c8,True,0.8842856884002686,1.202998899971135,0,0.0,
862,1827,deflection endgame equality long,87,20,e7c7,False,0.02438977753948812,6,0.8704586029052734,a1e5,True,0.7942857146263123,4.9334160999860615,0,0.0,
864,1537,crushing endgame fork short,55,39,f8d8,False,0.08725106013689232,2,0.9671234488487244,g5d5,True,0.9514285922050476,4.061524199903943,0,0.0,
866,1589,endgame mate mateIn2 short,58,26,b8b7,True,0.9357298954228653,1,0.9672010540962219,b8b7,True,0.9957143068313599,0.30490470002405345,0,0.0,
868,1540,advantage fork opening short,21,34,d8a5,True,0.7419475255246922,1,0.7411013245582581,d8a5,True,0.9885714054107666,6.159913000068627,0,0.0,
870,1811,advancedPawn advantage deflection endgame master pin promotion rookEndgame short,84,24,a6f6,False,0.016499636101354395,2,0.9774972796440125,a6f6,False,0.0014285714132711291,4.549315999960527,0,0.0,
872,1764,advantage hangingPiece middlegame veryLong,46,2,c1c2,True,0.8914189934783175,1,0.8289778232574463,c1c2,True,0.9971428513526917,6.278584099956788,0,0.0,
874,1748,crushing master middlegame pin short,60,47,a1a8,True,0.9462686205219211,1,0.8764582872390747,a1a8,True,0.9928571581840515,4.644402000005357,0,0.0,
876,1633,advantage fork master middlegame short,40,37,e4f6,False,0.10013463953948219,2,0.979259729385376,f3g4,True,0.9314285516738892,7.177584400051273,0,0.0,
878,1582,advantage endgame fork long sacrifice,48,28,d5d8,False,0.2991143729505015,2,0.903028130531311,d4c6,True,0.9557142853736877,3.408782299957238,0,0.0,
880,1863,advantage discoveredAttack middlegame short,49,29,c8h3,True,0.9867347640783707,1,0.8439434170722961,c8h3,True,0.9985714554786682,5.0862879999913275,0,0.0,
882,1612,crushing defensiveMove endgame hangingPiece knightEndgame short,91,12,c5d6,True,0.8785662786725412,1,0.5578466653823853,c5d6,True,0.9942857027053833,4.233801499940455,0,0.0,
884,1614,crushing endgame fork master short skewer,71,26,f3c3,True,0.7403111047590952,1,0.9660752415657043,f3c3,True,0.9900000095367432,4.527215100009926,0,0.0,
886,1713,advantage fork long opening,11,38,d8f6,True,0.7308802803930828,1,0.45297008752822876,d8f6,True,0.9885714054107666,5.5784028000198305,0,0.0,
888,1578,endgame mate mateIn2 short,69,35,h4h1,False,0.19057741385451762,2,0.9922308325767517,h4e1,True,0.9728571176528931,0.7128971000202,0,0.0,
890,1472,advantage endgame fork long master,49,33,e2e1,True,0.8846972687690645,1,0.9690861105918884,e2e1,True,0.9942857027053833,4.022928199963644,0,0.0,
892,1654,advantage endgame fork short,87,33,h8h1,False,0.04219714927671929,4,0.9811683893203735,e5e4,True,0.9685714244842529,4.253390999976546,0,0.0,
894,1572,advantage opening short trappedPiece,28,32,f7g8,False,0.13994191703837106,3,0.9709458351135254,f7b7,True,0.9014285802841187,6.313184599974193,0,0.0,
896,1504,clearance deflection fork long mate mateIn3 middlegame sacrifice,36,49,g6f8,True,0.6605280272541204,1,0.7880754470825195,g6f8,True,0.9871428608894348,0.4842373999999836,0,0.0,
898,1573,crushing deflection endgame rookEndgame short,77,24,b7b5,True,0.8569698924031937,1,0.7562007904052734,b7b5,True,0.9942857027053833,3.854634699993767,0,0.0,
900,1811,advantage middlegame pin short,58,35,g7g6,False,0.32119937954524436,2,0.8304004669189453,g7c7,True,0.741428554058075,6.167870400007814,0,0.0,
902,1727,advantage long middlegame trappedPiece,23,30,c7c5,True,0.451282350191935,1,0.5499041676521301,c7c5,True,0.9685714244842529,5.480275999987498,0,0.0,
904,1746,advantage fork middlegame short,77,48,c7c2,True,0.9650761752600993,1,0.9233683347702026,c7c2,True,0.9985714554786682,4.229833299992606,0,0.0,
906,1545,crushing deflection endgame short skewer,107,24,c8d8,True,0.5933319369668317,1,0.5180907249450684,c8d8,True,0.9842857122421265,6.16567350004334,0,0.0,
908,1749,crushing defensiveMove hangingPiece long middlegame,28,35,e4e5,False,0.012988906563120423,3,0.8044686913490295,e4e5,False,0.4399999976158142,6.900491099921055,0,0.0,
910,1524,endgame mate mateIn2 short,68,27,f7e8,True,0.9462085300554496,1,0.9562124013900757,f7e8,True,0.9971428513526917,0.34154639998450875,0,0.0,
912,1647,crushing long middlegame trappedPiece,41,51,e5f6,True,0.7399012743838832,1,0.8569499254226685,e5f6,True,0.5257142782211304,7.506641099927947,0,0.0,
914,1701,mate mateIn1 middlegame oneMove operaMate,50,44,g6e8,False,0.13940123141782937,2,0.8787738084793091,f1f8,True,0.9742857217788696,0.32015320006757975,0,0.0,
916,1817,advancedPawn attraction crushing endgame long promotion,67,31,f2f1,False,0.00973122298679161,5,0.9832561612129211,f2e1,False,0.02857142873108387,6.272403200040571,0,0.0,
918,1814,advantage endgame fork long quietMove,53,23,c3d4,False,0.02308748330546934,3,0.9628866910934448,b8d8,True,0.795714259147644,6.521914500044659,0,0.0,
920,1832,advantage long middlegame sacrifice,36,43,c3e4,True,0.3485578820160769,1,0.8310536742210388,c3e4,True,0.9642857313156128,3.9494066999759525,0,0.0,
922,1840,crushing hangingPiece long middlegame,31,48,d8d3,True,0.5920130995985516,1,0.9450237154960632,d8d3,True,0.9842857122421265,4.7481442000716925,0,0.0,
924,1460,crushing defensiveMove endgame hangingPiece long,128,2,h2g2,True,0.9623082963915223,1,0.8596551418304443,h2g2,True,0.9985714554786682,4.944426400004886,0,0.0,
926,1453,mate mateIn2 middlegame short,50,42,c5c6,False,0.13687787092522735,2,0.8851858377456665,b5c6,True,0.9300000071525574,7.841409799992107,0,0.0,
928,1854,crushing endgame exposedKing fork long,63,30,d8b6,True,0.7729321743170361,1,0.9219751358032227,d8b6,True,0.9857142567634583,3.020272900001146,0,0.0,
930,1545,mate mateIn2 middlegame pin queensideAttack short,38,34,a6b7,False,0.3966822030291272,2,0.9889979958534241,a4c6,True,0.9785714149475098,0.3649435000261292,0,0.0,
932,1668,advantage exposedKing fork long opening,17,32,c6b5,True,0.6454332488994525,1,0.3643261790275574,c6b5,True,0.9785714149475098,5.212145400000736,0,0.0,
934,1557,endgame mate mateIn1 morphysMate oneMove,85,32,h2g2,False,0.35644246356069803,2,0.6810379028320312,c8f5,True,0.9671428799629211,0.43952290003653616,0,0.0,
936,1691,advantage fork long middlegame,27,53,d6b4,False,0.04044437738693426,3,0.9802445769309998,d4c2,True,0.8985714316368103,6.862357999896631,0,0.0,
938,1616,attraction discoveredAttack kingsideAttack mate mateIn2 middlegame short,42,41,g6h7,True,0.8407768708854789,1,0.9549678564071655,g6h7,True,0.9900000095367432,0.6306801000609994,0,0.0,
940,1735,advantage fork long middlegame,44,40,g4f6,True,0.8118244331208383,1,0.9840917587280273,g4f6,True,0.9900000095367432,4.3964587999507785,0,0.0,
942,1898,advantage endgame hangingPiece short,59,20,d5c4,False,0.03149844379409168,2,0.9615527391433716,g8g6,True,0.8528571724891663,3.8320423999102786,0,0.0,
944,1636,crushing endgame intermezzo long pin sacrifice skewer,71,31,c6d5,False,0.020512172903486166,2,0.9846004247665405,c6d5,False,0.0014285714132711291,4.0865285999607295,0,0.0,
946,1817,advantage discoveredAttack long middlegame,45,46,c6d4,False,0.24103156144212506,2,0.7528069615364075,b5e2,True,0.9200000166893005,6.692924899980426,0,0.0,
948,1651,crushing endgame hangingPiece master short,92,16,f2e2,False,0.14778285414249315,2,0.813174307346344,g3h4,True,0.9085714221000671,5.182901000021957,0,0.0,
950,1666,crushing defensiveMove endgame sacrifice short,110,12,e2d4,False,0.1624332419222814,2,0.9806407690048218,e2g3,True,0.8700000047683716,5.754108900087886,0,0.0,
952,1549,endgame mate mateIn2 short,72,30,d6f6,True,0.9769824133890374,1,0.9805580973625183,d6f6,True,0.9985714554786682,0.1907329000532627,0,0.0,
954,1795,crushing deflection kingsideAttack middlegame short,62,30,h6h7,False,0.10363498971806669,4,0.9841985702514648,b3e6,True,0.9457142949104309,4.5033225999213755,0,0.0,
956,1483,crushing endgame fork short,90,24,a6c8,True,0.4039423091247164,1,0.7910814881324768,a6c8,True,0.9757142663002014,7.54740599996876,0,0.0,
958,1513,endgame mate mateIn2 short,67,24,e1c3,True,0.928640082067648,1,0.9229238629341125,e1c3,True,0.9942857027053833,0.2554624000331387,0,0.0,
960,1689,kingsideAttack mate mateIn2 middlegame short,53,38,h4f2,True,0.9940822925677223,1,0.9523338675498962,h4f2,True,0.9985714554786682,0.24967970000579953,0,0.0,
962,1465,crushing fork middlegame short,44,40,h3e6,True,0.8173953757918712,1,0.9488353729248047,h3e6,True,0.9885714054107666,4.147448800038546,0,0.0,
964,1704,crushing endgame fork long sacrifice,57,32,e5f3,False,0.011727445730823537,5,0.9221557974815369,h5h4,False,0.0028571428265422583,4.766445999965072,0,0.0,
966,1756,advantage endgame pin short,51,50,f5f1,False,0.3632342537185643,2,0.9618953466415405,c6b6,True,0.9628571271896362,6.497039000038058,0,0.0,
968,1670,crushing fork opening short,20,43,e2b5,True,0.995396529685264,1,0.7521993517875671,e2b5,True,0.9985714554786682,4.155942199984565,0,0.0,
970,1457,endgame mate mateIn2 short,120,18,a7a6,False,0.4000486236236444,2,0.9224364161491394,g4g5,True,0.9700000286102295,0.30036940006539226,0,0.0,
972,1475,advantage endgame master short xRayAttack,76,4,g1h1,False,0.003175729868441445,4,0.8578252792358398,b3e3,True,0.6742857098579407,5.651667199912481,0,0.0,
974,1828,crushing kingsideAttack master middlegame pin short,37,34,c5f2,False,0.20383503953185295,3,0.9698349237442017,h4g3,True,0.9599999785423279,4.421493999892846,0,0.0,
976,1526,mate mateIn1 middlegame oneMove,68,36,c6e6,False,0.05309040852310145,4,0.8793944716453552,c6e8,True,0.9285714030265808,0.6561808999394998,0,0.0,
978,1639,attraction clearance crushing endgame long pin,74,34,c1c8,False,0.03092628546692078,2,0.8948812484741211,c1c8,False,0.022857142612338066,6.944244000012986,0,0.0,
980,1581,crushing endgame fork short,51,43,f4e2,True,0.8179356808497615,1,0.9636762142181396,f4e2,True,0.9871428608894348,4.701595000107773,0,0.0,
982,1703,kingsideAttack mate mateIn1 middlegame oneMove pin,27,48,d5d4,False,0.268783008842644,2,0.7982056140899658,d5g2,True,0.9157142639160156,0.7120847000041977,0,0.0,
984,1592,endgame mate mateIn2 short,78,30,h5g6,True,0.8900713298192766,1,0.9853443503379822,h5g6,True,0.9942857027053833,0.2577253000345081,0,0.0,
986,1455,mate mateIn1 middlegame oneMove,30,52,c2h7,True,0.9964111288529592,1,0.95928555727005,c2h7,True,0.9985714554786682,0.06692370004020631,0,0.0,
988,1481,advantage capturingDefender middlegame short,23,51,g4f3,True,0.5282697808236203,1,0.6298202872276306,g6h4,False,0.4714285731315613,5.382938000024296,0,0.0,
990,1711,discoveredCheck doubleCheck mate mateIn2 middlegame short,45,33,d7b6,True,0.4857226930324019,1,0.7480093240737915,d7b6,True,0.9785714149475098,0.53885520005133,0,0.0,
992,1729,advantage deflection middlegame short,49,32,g7g5,True,0.7179650732204764,1,0.7564196586608887,g7g5,True,0.9857142567634583,4.158088400028646,0,0.0,
994,1479,hangingPiece long mate mateIn3 middlegame,50,34,c7d6,True,0.8352000178581878,1,0.6997148990631104,c7d6,True,0.9928571581840515,0.5505608000094071,0,0.0,
996,1538,discoveredCheck doubleCheck fork mate mateIn2 middlegame short,56,36,h6f7,True,0.9747725199314284,1,0.9978750348091125,h6f7,True,0.9971428513526917,0.21988600003533065,0,0.0,
998,1584,advantage fork middlegame short,20,46,d5c7,True,0.9575779972158868,1,0.7941762804985046,d5c7,True,0.9957143068313599,4.028466699994169,0,0.0,
1000,1828,advancedPawn mate mateIn2 middlegame sacrifice short,43,27,c2d3,True,0.7617953795493645,1,0.9691168069839478,c2d3,True,0.991428554058075,0.3018576999893412,0,0.0,
1002,1737,attraction crushing defensiveMove endgame fork veryLong,68,8,f2f3,True,0.7164243527387091,1,0.5702160596847534,f2f3,True,0.9885714054107666,5.794723600032739,0,0.0,
1004,1672,advantage fork middlegame pin short,33,38,d4f3,False,0.12120607867926043,2,0.9955358505249023,d4e2,True,0.9342857003211975,4.6307881999528036,0,0.0,
1006,1799,advantage clearance intermezzo opening sacrifice veryLong,39,42,f2g4,False,0.15723262238934738,2,0.8727560639381409,f6g4,True,0.9428571462631226,7.721987100085244,0,0.0,
1008,1549,endgame mate mateIn2 rookEndgame short,72,31,e6b6,True,0.8763748254227784,1,0.8979274034500122,e6b6,True,0.9928571581840515,0.4195921999635175,0,0.0,
1010,1769,crushing deflection endgame long queenEndgame skewer,93,24,d1f1,True,0.4137527727230513,1,0.5121701955795288,d1c1,False,0.13428571820259094,4.698824199964292,0,0.0,
1012,1534,mate mateIn1 middlegame oneMove,50,41,h6f7,False,0.2107077515745418,3,0.9916107058525085,f4f6,True,0.9257143139839172,0.8663799000205472,0,0.0,
1014,1464,crushing fork long middlegame,36,29,h3g4,False,0.021267670985483017,5,0.6971085071563721,h3g4,False,0.0014285714132711291,5.715164000052027,0,0.0,
1016,1635,endgame mate mateIn2 queenEndgame short,68,19,f6f8,True,0.7376597319073511,1,0.9843934178352356,f6f8,True,0.9857142567634583,0.4185583000071347,0,0.0,
1018,1670,endgame mate mateIn2 short,106,26,d4b3,True,0.6509369019515717,1,0.7430381774902344,d4b3,True,0.9857142567634583,0.3906872000079602,0,0.0,
1020,1793,crushing endgame fork long,77,32,g2g1,True,0.7835080761281553,1,0.9851827621459961,g2g1,True,0.991428554058075,4.351791099994443,0,0.0,
1022,1555,advantage endgame master short trappedPiece,47,34,b8b7,False,0.32939694189516744,2,0.9378337860107422,b8a8,True,0.9571428298950195,4.394323599990457,0,0.0,
1024,1464,advantage fork long master middlegame,82,46,g4h6,False,0.1809527200045021,3,0.951353907585144,a8d5,True,0.9557142853736877,4.28956239996478,0,0.0,
1026,1552,advantage discoveredAttack middlegame short,40,43,d5f6,False,0.25535886203174024,2,0.9981800317764282,d5e7,True,0.9714285731315613,4.854272700031288,0,0.0,
1028,1757,fork mate mateIn2 middlegame short,65,20,a2a1,False,0.2517863130022837,3,-0.1610383838415146,a4a3,True,0.9757142663002014,0.4958098999923095,0,0.0,
1030,1563,crushing endgame long skewer,56,26,f8g8,True,0.9584395721257742,1,0.8382452130317688,f8g8,True,0.9942857027053833,2.3738403000170365,0,0.0,
1032,1797,crushing opening short trappedPiece,23,46,c8c1,False,0.018996264857300296,3,0.8546719551086426,f5c2,True,0.6785714030265808,6.690408900030889,0,0.0,
1034,1652,advantage fork middlegame short,59,38,b6e3,False,0.1136383368376174,3,0.9650416374206543,e7c7,True,0.9700000286102295,5.992323399987072,0,0.0,
1036,1656,attackingF2F7 crushing fork long middlegame sacrifice,41,41,h7d3,False,0.0785486674966401,2,0.9730951189994812,f4e4,False,0.10857142508029938,7.217764099943452,0,0.0,
1038,1898,deflection discoveredAttack kingsideAttack mate mateIn2 middlegame pin short,44,43,f5h6,True,0.9246593031058788,1,0.9378268122673035,f5h6,True,0.9842857122421265,0.35017240000888705,0,0.0,
1040,1651,crushing deflection master middlegame short,57,40,c2e4,True,0.9591943974421328,1,0.9598374366760254,c2e4,True,0.9942857027053833,4.390362699981779,0,0.0,
1042,1635,advantage endgame fork long,63,29,c8c1,True,0.9980923394367855,1,0.9437536597251892,c8c1,True,0.9985714554786682,4.208076000097208,0,0.0,
1044,1565,endgame mate mateIn2 operaMate short,62,23,f1f8,True,0.9984223731013602,1,0.988503634929657,f1f8,True,0.9985714554786682,0.46865050005726516,0,0.0,
1046,1711,mate mateIn1 oneMove opening,16,40,f1b5,False,8.130452982364762e-05,9,0.9052666425704956,e5d6,False,0.0,4.562395400018431,0,0.0,
1048,1690,crushing defensiveMove deflection long middlegame,59,3,c6d5,True,0.7109876233619711,1,0.4941575527191162,c6d5,True,0.9514285922050476,5.923222800018266,0,0.0,
1050,1468,crushing fork long opening,14,36,f3h5,True,0.9290964006312751,1,0.8593809008598328,f3h5,True,0.9957143068313599,4.1834462999831885,0,0.0,
1052,1687,endgame fork mate mateIn2 short,92,27,c7b5,True,0.9001517064709808,1,0.8294627070426941,c7b5,True,0.9957143068313599,0.38108720001764596,0,0.0,
1054,1474,endgame master mate mateIn1 oneMove rookEndgame,51,33,d3h3,True,0.6523680403660435,1,0.997185230255127,d3h3,True,0.9785714149475098,0.4542820999631658,0,0.0,
1056,1835,advantage fork long middlegame sacrifice,45,42,f5g4,False,0.2922982478984085,2,0.9436393976211548,d5c3,True,0.9528571367263794,6.03571850003209,0,0.0,
1058,1775,advantage fork middlegame short,39,40,e5b2,False,0.20021086393030066,2,0.860084593296051,g4h2,True,0.9614285826683044,5.877425599959679,0,0.0,
1060,1693,advantage endgame long quietMove rookEndgame skewer,70,25,c3h3,True,0.8785662361701476,1,0.8431727290153503,c3h3,True,0.9942857027053833,5.058254900039174,0,0.0,
1062,1713,crushing long middlegame pin quietMove,39,33,c6c5,True,0.9277851582883765,1,0.8137913346290588,c6c5,True,0.9571428298950195,6.663389200111851,0,0.0,
1064,1614,attackingF2F7 crushing deflection discoveredAttack master opening short,22,39,d5c6,False,0.49627259034703347,2,0.9603025913238525,d5f7,True,0.9728571176528931,4.0307005000067875,0,0.0,
1066,1783,clearance kingsideAttack mate mateIn2 middlegame sacrifice short,42,39,e4f6,True,0.7839856378728138,1,0.961903989315033,e4f6,True,0.9871428608894348,2.366457699914463,0,0.0,
1068,1472,crushing fork middlegame short,35,43,f5e4,False,0.16044917572981007,2,0.948240339756012,d5e4,True,0.8985714316368103,4.419339600019157,0,0.0,
1070,1832,crushing endgame master pin short,119,15,g2f1,True,0.38049718953692524,1,0.8429110646247864,g2f1,True,0.9757142663002014,5.217752899974585,0,0.0,
1072,1837,crushing discoveredAttack discoveredCheck middlegame short,57,32,h4g3,True,0.8480939837107754,1,0.3925884962081909,h4g3,True,0.9928571581840515,2.5668846999760717,0,0.0,
1074,1739,crushing fork opening short,30,45,d1a4,True,0.7391399781638105,1,0.6739199161529541,d1a4,True,0.9885714054107666,4.6909982999786735,0,0.0,
1076,1462,advantage attraction kingsideAttack middlegame sacrifice veryLong,39,43,h8h2,True,0.39822160906574844,1,0.9681165218353271,h8h2,True,0.9785714149475098,4.963806099956855,0,0.0,
1078,1525,advantage endgame fork short,62,31,e4c5,False,0.36559936869408666,2,0.9078664779663086,f3e5,True,0.9571428298950195,4.78644129994791,0,0.0,
1080,1812,advantage capturingDefender endgame master short,59,38,b3b2,False,0.10098014442860397,4,0.8050192594528198,d6d4,True,0.7442857027053833,6.977094699977897,0,0.0,
1082,1827,advantage long master middlegame trappedPiece,44,33,f1h1,True,0.8254821938886598,1,0.6614888906478882,f1h1,True,0.991428554058075,2.813157199998386,0,0.0,
1084,1811,advantage fork middlegame short,29,44,d8h4,False,0.010448351063105297,6,0.7491848468780518,e6a2,False,0.0014285714132711291,6.025042399996892,0,0.0,
1086,1497,attraction crushing endgame long pawnEndgame quietMove zugzwang,77,6,a5a4,True,0.8750626829516285,1,0.8129240274429321,a5a4,True,0.9928571581840515,7.090530700050294,0,0.0,
1088,1466,anastasiaMate attraction kingsideAttack long mate mateIn3 middlegame sacrifice,44,37,e7g6,False,0.014397519269887447,2,0.9972418546676636,h3h7,True,0.4985714256763458,3.7385363000212237,0,0.0,
1090,1887,crushing endgame long pin,59,37,a1a2,False,0.002188153937464486,12,0.9362540245056152,a1f1,False,0.0,5.51609449996613,0,0.0,
1092,1545,attraction kingsideAttack mate mateIn2 middlegame sacrifice short,49,46,g6g1,False,0.022896149893521282,3,0.9920266270637512,d6h2,True,0.7557142972946167,2.1080269999802113,0,0.0,
1094,1562,advantage endgame pin veryLong,57,30,g7d4,True,0.9958245818025989,1,0.9501180648803711,g7d4,True,0.9985714554786682,8.088017400004901,0,0.0,
1096,1853,advantage defensiveMove hangingPiece middlegame short,32,2,h1g2,True,0.9938718162968612,1,0.36192649602890015,h1g2,True,1.0,5.357031799969263,0,0.0,
1098,1683,mate mateIn1 middlegame oneMove pin,65,36,e4f3,False,0.003341839271714734,17,0.9916759729385376,h6h5,False,0.0,7.5272528999485075,0,0.0,
1100,1648,advantage capturingDefender fork long middlegame sacrifice,41,31,c7g3,False,0.15636236003252516,2,0.6489190459251404,h5h2,True,0.9128571152687073,5.012157600023784,0,0.0,
1102,1546,advantage deflection endgame long,100,34,c2c4,True,0.801479578845632,1,0.9732511043548584,c2c4,True,0.9828571677207947,4.188509800005704,0,0.0,
1104,1863,advancedPawn advantage kingsideAttack middlegame pin short,57,41,e3f2,True,0.929117161353116,1,0.9740445017814636,e3f2,True,0.9785714149475098,6.702117600012571,0,0.0,
1106,1732,crushing middlegame pin short,23,43,f5h3,True,0.724618499674663,1,0.9717240333557129,f5h3,True,0.9128571152687073,4.0807979999808595,0,0.0,
1108,1539,crushing endgame long rookEndgame skewer,137,18,g7g8,False,0.02915296935151848,2,0.3069988489151001,g7g8,False,0.0014285714132711291,2.2603979000123218,0,0.0,
1110,1783,mate mateIn2 middlegame short,52,29,h3g3,False,0.20630381941629292,2,0.6220464706420898,a1g1,True,0.545714259147644,4.90689880005084,0,0.0,
1112,1628,crushing master middlegame pin short,85,40,c2c1,True,0.7175077736573731,1,0.9683233499526978,c2c1,True,0.9871428608894348,4.451758199953474,0,0.0,
1114,1472,advantage fork middlegame short,39,29,a6c5,True,0.9359882093115145,1,0.9386957883834839,a6c5,True,0.9971428513526917,5.251427600043826,0,0.0,
1116,1862,advancedPawn crushing deflection endgame long promotion rookEndgame,80,20,f8h8,False,0.3675065379039011,2,0.8616327047348022,b6b7,True,0.9057142734527588,7.427021799958311,0,0.0,
1118,1623,attraction crushing endgame short,89,44,c1c2,False,0.25108035326766853,2,0.9662848711013794,c7g3,True,0.9571428298950195,3.1320515000261366,0,0.0,
1120,1751,attraction crushing discoveredAttack kingsideAttack long middlegame sacrifice,49,44,d6h2,False,0.15634944853400193,2,0.9967707991600037,g8g2,True,0.9599999785423279,3.8409821999957785,0,0.0,
1122,1734,crushing endgame fork veryLong,122,25,g4f5,False,0.14217009453129661,2,0.9769525527954102,d3f5,True,0.9642857313156128,4.557448400068097,0,0.0,
1124,1622,crushing endgame fork short,84,26,g4h5,False,0.10589224458072778,2,0.9866085052490234,g4e4,True,0.9385714530944824,3.8796755999792367,0,0.0,
1126,1541,advantage hangingPiece long middlegame,50,45,e6c6,True,0.9450645242547178,1,0.5877912044525146,e6c6,True,0.9971428513526917,5.674259599996731,0,0.0,
1128,1587,crushing middlegame pin short trappedPiece,24,43,d4g7,True,0.6293183679902437,1,0.9857958555221558,d4g7,True,0.9371428489685059,5.192477499949746,0,0.0,
1130,1751,advantage hangingPiece middlegame short,25,43,e5a1,True,0.6352097157723116,1,0.8290389180183411,e5a1,True,0.9842857122421265,4.74543230002746,0,0.0,
1132,1472,endgame master mate mateIn1 oneMove pin,73,29,e4c2,False,0.14756975977422856,2,0.9877598285675049,d4d1,True,0.9399999976158142,0.505282900063321,0,0.0,
1134,1664,capturingDefender crushing opening short,38,49,g6e8,True,0.6656797930433959,1,0.911361575126648,g6e8,True,0.9885714054107666,4.803249499993399,0,0.0,
1136,1632,master mate mateIn2 middlegame pin short,40,31,g4f6,True,0.7949527430334855,1,0.9658774733543396,g4f6,True,0.9885714054107666,0.9509406000142917,0,0.0,
1138,1745,crushing deflection endgame master short,68,46,d1d8,False,0.04310686733817005,2,0.9755281805992126,b3e6,True,0.8985714316368103,4.833241199958138,0,0.0,
1140,1603,endgame mate mateIn2 sacrifice short,69,40,h5h3,True,0.7535748234417435,1,0.9614999890327454,h5h3,True,0.9885714054107666,0.43953249999321997,0,0.0,
1142,1456,clearance kingsideAttack long mate mateIn3 middlegame sacrifice,41,46,g3e2,True,0.6449494853155796,1,0.9495680928230286,g3e2,True,0.9842857122421265,0.4356597999576479,0,0.0,
1144,1560,kingsideAttack master mate mateIn2 middlegame pin short,46,37,d2h6,True,0.7255284257380721,1,0.7077410221099854,d2h6,True,0.9885714054107666,0.36831969988998026,0,0.0,
1146,1678,crushing exposedKing long middlegame skewer,43,34,e7f6,False,0.05290048763331404,3,0.7814065217971802,e7d6,True,0.8742856979370117,7.541972300037742,0,0.0,
1148,1818,advancedPawn kingsideAttack mate mateIn2 middlegame promotion short,45,36,f2f1,False,0.023233970180151012,4,0.9674766659736633,b5f1,True,0.7742857336997986,2.0914155999198556,0,0.0,
1150,1752,advancedPawn deflection discoveredAttack discoveredCheck endgame exposedKing mate mateIn5 promotion swallowstailMate veryLong,69,23,h4h1,True,0.9846830296247856,1,0.9119121432304382,h4h1,True,0.9985714554786682,0.8776056999340653,0,0.0,
1152,1714,advantage middlegame pin short,34,37,e3h6,True,0.4882794685321455,1,0.9705423712730408,e3h6,True,0.9442856907844543,6.084815499954857,0,0.0,
1154,1645,crushing fork long middlegame sacrifice,44,33,g5e6,False,0.29975805985733656,2,0.896202027797699,g1g4,True,0.9757142663002014,4.427179699996486,0,0.0,
1156,1886,crushing endgame skewer veryLong,58,27,f4h6,False,0.004288114511885185,4,0.9918777346611023,f4h6,False,0.0,7.0425051000202075,0,0.0,
1158,1502,kingsideAttack mate mateIn1 middlegame oneMove,55,51,d6h2,True,0.9925882773708756,1,0.9890201091766357,d6h2,True,0.9985714554786682,0.05495450005400926,0,0.0,
1160,1716,advantage endgame fork long,71,20,h3h1,True,0.5807521033197257,1,0.5375679135322571,h3h1,True,0.9857142567634583,4.141801599995233,0,0.0,
1162,1485,kingsideAttack mate mateIn2 middlegame short,42,55,d5f6,True,0.9810641667675666,1,0.988601803779602,d5f6,True,0.9957143068313599,0.3506335000274703,0,0.0,
1164,1549,crushing endgame long pin,42,20,f1b5,True,0.9768466421558728,1,0.2934074103832245,f1b5,True,0.9971428513526917,5.4461146999383345,0,0.0,
1166,1511,advantage deflection middlegame short,31,41,e8d8,False,0.24262917422479574,2,0.3351859152317047,a8d8,True,0.9642857313156128,5.009389600018039,0,0.0,
1168,1787,endgame intermezzo long mate mateIn3 pillsburysMate,77,35,c8c1,False,0.0621610037115708,2,0.9793826341629028,e5d4,True,0.9428571462631226,0.7470357000129297,0,0.0,
1170,1628,crushing long middlegame pin,49,31,e7e4,True,0.996068881557722,1,0.6033193469047546,e7e4,True,0.9985714554786682,5.726100299973041,0,0.0,
1172,1476,endgame mate mateIn2 short,106,24,d2e1,True,0.9670020681802461,1,0.8720221519470215,d2e1,True,0.9985714554786682,0.23220710002351552,0,0.0,
1174,1885,attraction crushing deflection middlegame short,35,46,e8e2,True,0.9614449988826007,1,0.9305704236030579,e8e2,True,0.9957143068313599,4.106664699967951,0,0.0,
1176,1632,crushing middlegame sacrifice short,34,41,d4e6,False,0.04848429050866338,2,0.9595417976379395,f1f7,True,0.9171428680419922,3.687804099987261,0,0.0,
1178,1627,advantage long middlegame pin,33,27,d7d5,True,0.8159573805272154,1,0.8731318116188049,d7d5,True,0.977142870426178,5.073513699928299,0,0.0,
1180,1735,attraction crushing fork long middlegame sacrifice,55,47,d4f3,False,0.0012028351261220316,5,0.9923361539840698,a8a7,False,0.0,5.695677599986084,0,0.0,
1182,1550,mate mateIn2 middlegame short,46,44,d1d8,True,0.9475376395110745,1,0.9791359305381775,d1d8,True,0.9971428513526917,0.19369059999007732,0,0.0,
1184,1673,advantage deflection middlegame pin short skewer,52,39,e1e7,False,0.38877147619507624,2,0.8726778030395508,h3h7,True,0.9785714149475098,4.360401700017974,0,0.0,
1186,1678,advantage deflection middlegame short,51,40,d2b2,False,0.1989035431675276,2,0.9778177738189697,d2d1,True,0.9657142758369446,5.930234799976461,0,0.0,
1188,1705,mate mateIn2 middlegame short,58,42,d4d7,False,0.0006474424030029419,9,0.9418419003486633,d4d5,False,0.0,4.753668499994092,0,0.0,
1190,1768,advantage endgame long sacrifice,63,20,c7b6,False,0.1086853949920248,2,0.591241180896759,c7e5,True,0.9585714340209961,6.162233300041407,0,0.0,
1192,1717,attraction hookMate long mate mateIn3 middlegame sacrifice,38,48,f6h5,False,0.021868224792834765,5,0.9575772285461426,h4h6,True,0.7442857027053833,2.3606719999806955,0,0.0,
1194,1715,advantage hangingPiece middlegame short,49,36,c2c1,False,0.16329093350543253,3,0.8991856575012207,c2c5,True,0.9714285731315613,5.363051599939354,0,0.0,
1196,1731,mate mateIn2 middlegame short,26,41,c1h6,True,0.7430133048914697,1,0.9744139909744263,c1h6,True,0.9842857122421265,0.5340359000256285,0,0.0,
1198,1634,attraction crushing fork long master middlegame,42,43,e4e8,True,0.991048397734005,1,0.9960981607437134,e4e8,True,0.9985714554786682,5.381145799998194,0,0.0,
1200,1603,advantage discoveredAttack long middlegame,33,35,e6d5,True,0.29878937155543434,1,0.9325322508811951,e6d5,True,0.895714282989502,7.1426334999268875,0,0.0,
1202,1594,kingsideAttack long mate mateIn3 middlegame pin sacrifice,29,44,b6f2,False,0.04417300960499772,3,0.9685282111167908,f6f2,True,0.8942857384681702,1.1738606999861076,0,0.0,
1204,1885,advantage endgame exposedKing fork long,83,32,c4a3,False,0.038718118727298384,3,0.9561788439750671,d5d4,True,0.8885714411735535,4.633034400059842,0,0.0,
1206,1573,deflection mate mateIn2 middlegame pin short,55,30,g6g3,True,0.9960103685212262,1,0.9507998824119568,g6g3,True,0.9985714554786682,0.16968240006826818,0,0.0,
1208,1540,anastasiaMate attraction kingsideAttack mate mateIn4 middlegame sacrifice veryLong,55,41,f4e2,True,0.8705519928981283,1,0.9193884134292603,f4e2,True,0.904285728931427,2.506744899903424,0,0.0,
1210,1526,endgame mate mateIn2 short,104,36,c7c8,False,0.23679724253792114,2,0.9786280393600464,f3f7,True,0.9742857217788696,0.5173414000310004,0,0.0,
1212,1859,advantage discoveredAttack opening short,35,31,e7f5,True,0.544236210586639,1,0.6670054197311401,e7f5,True,0.977142870426178,7.169918300001882,0,0.0,
1214,1734,advantage fork middlegame short,29,41,e6d5,False,0.14274432725437816,2,0.7290274500846863,d6d5,True,0.954285740852356,4.830789799918421,0,0.0,
1216,1696,advantage deflection endgame fork long pin skewer,63,35,g1f1,True,0.9135748053995464,1,0.9480586647987366,g1f1,True,0.9957143068313599,4.985005100024864,0,0.0,
1218,1552,endgame mate mateIn1 oneMove queenEndgame,90,21,e8e5,True,0.8693749920557587,1,0.9967978596687317,e8e5,True,0.9885714054107666,0.2221237999619916,0,0.0,
1220,1623,long mate mateIn3 middlegame pillsburysMate sacrifice,62,49,e4e8,False,6.883293828274936e-05,28,0.9873460531234741,e4e8,False,0.0,4.672173999948427,0,0.0,
1222,1627,crushing deflection endgame rookEndgame short,107,13,c8d8,True,0.5569195036221221,1,0.8052217960357666,c8d8,True,0.9871428608894348,3.9956108999904245,0,0.0,
1224,1774,bishopEndgame crushing deflection endgame master short,57,20,d6c5,False,0.14092518299217777,3,0.9507924914360046,d6f4,True,0.8642857074737549,5.437267899978906,0,0.0,
1226,1831,crushing endgame exposedKing fork long,55,28,f6h6,True,0.9937867481604973,1,0.804673969745636,f6h6,True,0.9985714554786682,4.1305194000015035,0,0.0,
1228,1796,crushing master middlegame sacrifice short,57,42,e5f3,True,0.9987537861870387,1,0.9523321986198425,e5f3,True,0.9985714554786682,3.330089500057511,0,0.0,
1230,1625,crushing endgame master rookEndgame short skewer,69,18,d3d2,False,0.11742441324112779,2,0.9850719571113586,d8e8,True,0.9628571271896362,4.601427299901843,0,0.0,
1232,1568,advantage deflection endgame short,60,39,d1d8,True,0.96875423941417,1,0.9810261726379395,d1d8,True,0.9971428513526917,4.229501800029539,0,0.0,
1234,1738,endgame mate mateIn1 oneMove,73,17,g1h1,False,0.4714357691719271,2,0.9503070116043091,g5g4,True,0.9814285635948181,0.3758458000374958,0,0.0,
1236,1537,attraction discoveredAttack long mate mateIn3 middlegame sacrifice,46,38,e4g4,True,0.8109379426699177,1,0.9710590243339539,e4g4,True,0.9471428394317627,2.38082249998115,0,0.0,
1238,1516,attraction crushing endgame fork long rookEndgame sacrifice,94,13,f4f5,False,0.09668701742622739,2,0.9704107046127319,e4e6,True,0.8757143020629883,5.552199900033884,0,0.0,
1240,1458,crushing long middlegame pin sacrifice,37,38,d6d2,True,0.9164238041975686,1,0.7596898078918457,d6d2,True,0.9942857027053833,6.44885649997741,0,0.0,
1242,1496,crushing discoveredAttack discoveredCheck endgame short,89,23,f3c3,False,0.12852408341574215,2,0.9787255525588989,f3f7,True,0.949999988079071,4.608232200029306,0,0.0,
1244,1579,advantage discoveredAttack long middlegame,65,33,b3a2,True,0.49882964387977535,1,0.9406814575195312,b3a2,True,0.9671428799629211,5.001794300042093,0,0.0,
1246,1491,advantage middlegame short skewer,77,32,c8g4,True,0.2612783250080888,1,0.5818429589271545,c8g4,True,0.9642857313156128,6.492470799945295,0,0.0,
1248,1717,advantage capturingDefender intermezzo middlegame pin short,30,33,f3e5,False,0.020464866076845903,4,0.8414468169212341,a1f6,True,0.7257142663002014,5.470777099952102,0,0.0,
1250,2296,crushing long middlegame pin,64,36,e5g3,False,0.05551373490155113,4,0.9769755005836487,e5g3,False,0.03857142850756645,7.459065000060946,0,0.0,
1252,2085,mate mateIn2 middlegame short,41,36,d5g2,True,0.8206648555769791,1,0.8019552826881409,d5g2,True,0.9857142567634583,0.5021270000142977,0,0.0,
1254,2080,crushing deflection endgame master pawnEndgame short,72,11,e6e7,False,0.0038691405182775585,3,0.957438588142395,e6e7,False,0.0,8.664574599941261,0,0.0,
1256,2271,advantage intermezzo long middlegame pin,49,38,f5d3,True,0.5926534996582337,1,0.9046571850776672,f5d3,True,0.6128571629524231,5.716318199993111,0,0.0,
1258,2229,advantage capturingDefender endgame short,77,28,f8f7,False,0.059714174551795,3,0.9482579827308655,e6f6,True,0.9385714530944824,5.263541999971494,0,0.0,
1260,2228,crushing defensiveMove long middlegame sacrifice,37,4,f8f7,False,0.37048456179570816,2,0.5537415146827698,g8h8,True,0.9471428394317627,3.6651182000059634,0,0.0,
1262,2043,crushing long opening trappedPiece,22,42,d5c6,True,0.6025931177743787,1,0.6090540289878845,d5c6,True,0.8842856884002686,6.727195200044662,0,0.0,
1264,1983,advantage deflection long middlegame,49,37,h5f4,True,0.22357348547872732,1,0.9707327485084534,h5f4,True,0.9599999785423279,6.913808099925518,0,0.0,
1266,2035,capturingDefender crushing deflection middlegame short,38,53,d2g5,False,0.035592975955781134,4,0.8441130518913269,e1e5,True,0.8642857074737549,4.987542200018652,0,0.0,
1268,2162,advantage hangingPiece master masterVsMaster middlegame short,26,2,g1f1,True,0.8118412762675554,1,0.1893930733203888,g1f1,True,0.9857142567634583,5.933425399940461,0,0.0,
1270,2166,crushing defensiveMove endgame sacrifice short,107,4,e5f5,True,0.8242316416046792,1,0.9612840414047241,e5f5,True,0.9857142567634583,4.6816340000368655,0,0.0,
1272,2223,advantage capturingDefender middlegame short,35,39,h5f3,True,0.903813260248669,1,0.4911364018917084,h5f3,True,0.9942857027053833,6.819125200039707,0,0.0,
1274,2009,advantage discoveredAttack middlegame veryLong,35,27,d4f3,False,0.06222141527516229,3,0.7521031498908997,g7g6,True,0.7571428418159485,7.035388499964029,0,0.0,
1276,2062,advantage discoveredAttack discoveredCheck endgame fork sacrifice veryLong,60,33,g1g7,False,0.11244237340964852,2,0.9930887222290039,d3f5,True,0.9228571653366089,6.716409000102431,0,0.0,
1278,1937,crushing fork middlegame veryLong,32,41,b3e6,False,0.27885920196558606,2,0.9393688440322876,d4d5,True,0.9114285707473755,5.585534799960442,0,0.0,
1280,1963,advancedPawn crushing deflection endgame long promotion rookEndgame,120,18,g6d6,False,0.03868875051939333,2,0.9191707372665405,g6d6,False,0.45428571105003357,4.4536625999026,0,0.0,
1282,2302,advantage deflection kingsideAttack long master middlegame pin,35,39,e6e3,True,0.9575006473122106,1,0.8694961071014404,e6e3,True,0.9628571271896362,5.692959800013341,0,0.0,
1284,1933,mate mateIn2 middlegame queensideAttack short,46,44,a2a8,True,0.6380054286481944,1,0.7251120209693909,a2a8,True,0.9842857122421265,0.334300700109452,0,0.0,
1286,1943,advantage endgame fork long,66,34,f3g3,False,0.041918901883327836,2,0.9923113584518433,f3f5,True,0.8642857074737549,4.714466999983415,0,0.0,
1288,2289,advancedPawn crushing discoveredAttack discoveredCheck endgame long rookEndgame,96,7,f7f8,True,0.9663298564576924,1,0.9870089292526245,f7f8,True,0.8885714411735535,4.496064500068314,0,0.0,
1290,2062,crushing fork middlegame veryLong,69,30,d7d3,True,0.7517340193847364,1,0.8367639183998108,d7d3,True,0.9871428608894348,5.893789599998854,0,0.0,
1292,1942,deflection kingsideAttack mate mateIn4 middlegame veryLong,46,39,d1c1,False,0.35962157533807093,2,0.9785151481628418,d1c1,False,0.041428569704294205,5.950762500055134,0,0.0,
1294,2300,advancedPawn crushing endgame long promotion sacrifice,96,19,h6h7,False,0.012360510738722668,3,0.9436017274856567,f5e7,False,0.004285714123398066,5.564645499922335,0,0.0,
1296,1901,advancedPawn endgame mate mateIn2 pawnEndgame short,98,7,c6c7,False,0.016263344218518067,3,0.9790670275688171,c6c7,False,0.0014285714132711291,4.3686269000172615,0,0.0,
1298,2185,crushing kingsideAttack long middlegame pin sacrifice,47,58,b3h3,False,0.0015631304707779473,8,0.9961028099060059,g4f2,False,0.0,5.692243200028315,0,0.0,
1300,2253,advantage long middlegame trappedPiece,32,50,d4b5,False,0.1488082108259715,2,0.37060481309890747,c4d5,True,0.9585714340209961,5.795313599985093,0,0.0,
1302,2291,crushing deflection middlegame pin veryLong,45,45,g6g3,True,0.780101767311129,1,0.9632789492607117,g6g3,True,0.9114285707473755,3.8614203999750316,0,0.0,
1304,2095,advantage capturingDefender long middlegame,53,32,b6b2,True,0.7750955060454578,1,0.8615992069244385,b6b2,True,0.954285740852356,5.661884499946609,0,0.0,
1306,1944,discoveredAttack discoveredCheck endgame long mate mateIn3,65,19,d2b2,True,0.993236475825276,1,0.5233485698699951,d2b2,True,0.9985714554786682,1.3807060000253841,0,0.0,
1308,2038,advantage discoveredAttack middlegame short,30,27,d3h7,False,0.042526781155277346,2,0.5790315270423889,d3c4,True,0.795714259147644,5.021013500052504,0,0.0,
1310,2145,advantage hangingPiece long opening,23,31,f8f7,False,0.22918454938364127,2,0.7119997143745422,a5c4,True,0.9628571271896362,5.993302199989557,0,0.0,
1312,1993,advancedPawn advantage endgame promotion sacrifice veryLong,65,20,f4f3,False,0.10822103034760054,2,0.9689933061599731,f4e4,True,0.7085714340209961,4.540564999915659,0,0.0,
1314,2192,attraction crushing deflection kingsideAttack long middlegame sacrifice,36,42,d3h7,False,0.004230584803164128,4,0.97734534740448,a2a3,False,0.0,6.5368825000477955,0,0.0,
1316,2072,crushing deflection endgame pawnEndgame veryLong zugzwang,111,8,b6b5,False,0.026031252854266527,4,0.8254178166389465,b6b5,False,0.0014285714132711291,5.42690630001016,0,0.0,
1318,2123,advantage middlegame pin sacrifice veryLong,33,2,g8h8,True,0.6829641357634132,1,0.44857317209243774,g8h8,True,0.9571428298950195,6.945862299995497,0,0.0,
1320,2150,advantage deflection master middlegame pin queensideAttack short,54,36,f1c1,False,0.01619955603485353,5,0.9697098135948181,e6d7,True,0.5928571224212646,7.318566100089811,0,0.0,
1322,2304,advantage fork master middlegame short,57,42,c4a3,False,0.0016853340473006308,9,0.944949209690094,c8b8,False,0.0,6.526002200087532,0,0.0,
1324,1921,crushing fork long middlegame,21,40,f6b2,True,0.4391239900109804,1,0.4743964374065399,f6b2,True,0.9714285731315613,5.623333800002001,0,0.0,
1326,2138,crushing endgame long pin,79,24,e2h5,False,0.0006678933248059791,9,0.9508708715438843,e2h5,False,0.0,4.051770999911241,0,0.0,
1328,1907,endgame epauletteMate mate mateIn2 short,74,32,h3f5,False,0.39528006989727776,2,0.9104354381561279,f2a7,True,0.9700000286102295,0.41987750004045665,0,0.0,
1330,2071,advantage long middlegame pin,29,52,e5f3,True,0.9981307247980763,1,0.822607159614563,e5f3,True,0.9985714554786682,5.776219599996693,0,0.0,
1332,2338,advantage clearance endgame skewer veryLong,62,32,h2h7,True,0.8361891762785572,1,0.972909688949585,h2h7,True,0.991428554058075,5.91260800010059,0,0.0,
1334,2024,crushing defensiveMove hangingPiece middlegame pin veryLong,43,50,h5g3,False,0.1596398185124338,2,0.15954628586769104,e5a1,True,0.9728571176528931,4.001257399911992,0,0.0,
1336,2324,crushing deflection endgame veryLong,62,33,h7f7,False,0.11339933730014487,2,0.9713162183761597,e4d5,True,0.8928571343421936,5.276289599947631,0,0.0,
1338,2219,advantage long middlegame skewer,21,36,h5g4,False,0.45030996559218434,2,0.9759941101074219,c8g4,True,0.8871428370475769,6.1968418000033125,0,0.0,
1340,1945,advantage fork long middlegame pin,58,43,e5d6,True,0.6804149412668407,1,0.9932481050491333,e5d6,True,0.904285728931427,6.448089100071229,0,0.0,
1342,2002,advantage deflection kingsideAttack long master middlegame,55,37,f5h3,False,0.2317038302381933,2,0.8720241785049438,f4h3,True,0.9442856907844543,5.676358200027607,0,0.0,
1344,2153,crushing kingsideAttack middlegame pin veryLong,66,43,f7f8,True,0.9240404843186572,1,0.9559192657470703,f7f8,True,0.9971428513526917,6.550912200007588,0,0.0,
1346,2203,advantage defensiveMove deflection endgame exposedKing veryLong,70,5,f5d3,False,0.08049359530129271,4,0.696481466293335,e1e2,False,0.17428570985794067,5.741988699999638,0,0.0,
1348,2223,advantage fork long middlegame,61,36,e2g3,True,0.9859669847243548,1,0.8733220100402832,e2g3,True,0.9985714554786682,4.779946899972856,0,0.0,
1350,1903,deflection kingsideAttack master mate mateIn4 middlegame sacrifice veryLong,50,46,c1c8,False,0.018134988920847344,4,0.5027907490730286,b3f7,True,0.6585714221000671,2.1592885999707505,0,0.0,
1352,2073,advantage discoveredAttack discoveredCheck endgame short,71,44,d5e4,False,0.1219337107966984,2,0.9442703723907471,d5e4,False,0.014285714365541935,4.945112699992023,0,0.0,
1354,2228,crushing fork master middlegame short,42,45,e1e8,False,0.0018549234669391268,10,0.9610326886177063,a7b8,False,0.0,3.6939996000146493,0,0.0,
1356,2032,advancedPawn collinearMove crushing endgame master pin veryLong,80,28,f7d5,False,0.31471293579614895,2,0.8532631993293762,f7c7,False,0.17571428418159485,6.237090800073929,0,0.0,
1358,1934,endgame long mate mateIn3,75,34,a6b7,True,0.7577091842531894,1,0.9572334289550781,a6b7,True,0.9871428608894348,0.6750627000583336,0,0.0,
1360,2295,advantage long middlegame pin,58,48,g6e6,True,0.3384687607254118,1,0.9132671356201172,g6e6,True,0.9014285802841187,8.116269099991769,0,0.0,
1362,2096,advantage fork middlegame veryLong,49,37,f2f3,False,0.25053192169920946,2,0.9597823023796082,f8f3,True,0.904285728931427,4.674509200034663,0,0.0,
1364,2347,advantage attraction kingsideAttack long middlegame sacrifice,54,41,g3g7,True,0.8314450326569387,1,0.9738492369651794,g3g7,True,0.9399999976158142,5.483976499992423,0,0.0,
1366,2131,advantage discoveredAttack long middlegame,32,48,e3g3,True,0.8268214798994185,1,0.8055891394615173,e3g3,True,0.9857142567634583,5.211926499963738,0,0.0,
1368,1981,crushing discoveredAttack discoveredCheck kingsideAttack middlegame sacrifice short,33,45,d7h3,True,0.4549296543374494,1,0.8906165361404419,d7h3,True,0.9428571462631226,4.679573300061747,0,0.0,
1370,1943,endgame long mate mateIn3 triangleMate,73,29,e6h6,False,0.16353113014087037,2,0.9537993669509888,d5f3,True,0.9528571367263794,0.9231131999986246,0,0.0,
1372,2020,advantage discoveredAttack long middlegame,23,53,g4e3,False,0.3961775906803101,2,0.5495214462280273,d5c4,True,0.9314285516738892,5.155523799941875,0,0.0,
1374,2032,advantage middlegame short trappedPiece,36,49,d1d8,False,0.15296803999831626,2,0.9014732241630554,d1a1,True,0.9371428489685059,4.783635100000538,0,0.0,
1376,1969,advantage fork middlegame short,37,36,d6f4,False,0.07376483092748919,3,0.9255571365356445,b4c2,True,0.9257143139839172,5.66542059998028,0,0.0,
1378,2196,advantage doubleCheck endgame short,70,29,e6f6,True,0.32127802440314374,1,0.8350779414176941,e6f6,True,0.9557142853736877,5.2126394000370055,0,0.0,
1380,2296,advancedPawn crushing discoveredAttack discoveredCheck endgame exposedKing veryLong,95,22,d3d2,False,0.4637528651248438,2,0.9796713590621948,c2e2,True,0.941428542137146,5.495493400027044,0,0.0,
1382,2278,crushing long middlegame pin,37,44,f5f3,False,0.0003576888858032319,22,0.9093419909477234,f5f3,False,0.0,5.7534880000166595,0,0.0,
1384,2123,advantage attraction fork long master middlegame sacrifice,21,40,e5f3,False,0.0008271143991851371,6,0.8144579529762268,e5f3,False,0.0,4.937856700038537,0,0.0,
1386,2031,crushing deflection discoveredAttack discoveredCheck kingsideAttack long middlegame,41,37,g8g2,True,0.7886390823039313,1,0.9257401823997498,g8g2,True,0.9885714054107666,4.8483798999805,0,0.0,
1388,2075,advantage attraction fork long middlegame,38,46,e4h7,False,0.002281370126032729,3,0.9655028581619263,e4h7,False,0.0,4.805472299922258,0,0.0,
1390,2279,crushing defensiveMove discoveredAttack fork middlegame veryLong,67,30,f8e6,False,0.023874964214635988,4,0.34660762548446655,f8e6,False,0.0028571428265422583,4.848316799965687,0,0.0,
1392,2127,advantage attraction deflection kingsideAttack long middlegame sacrifice,39,45,d6c5,False,0.021788437154681303,2,0.9743001461029053,d6c5,False,0.48571428656578064,9.160030400031246,0,0.0,
1394,2301,crushing long middlegame pin sacrifice,34,44,f3g5,False,0.030408880538355262,4,0.5466619729995728,f3g5,False,0.004285714123398066,9.94151769997552,0,0.0,
1396,2297,advantage discoveredAttack long middlegame pin,49,29,c8h3,True,0.38385339947844316,1,0.9500994682312012,c8h3,True,0.9728571176528931,4.490983999916352,0,0.0,
1398,2045,advantage kingsideAttack long middlegame pin sacrifice,43,47,e8e2,False,0.020137855303684577,6,0.9900408387184143,g6f4,True,0.7171428799629211,5.652944199973717,0,0.0,
1400,2136,mate mateIn2 middlegame short,59,35,f8f1,False,0.0018014688215941062,3,0.9850921034812927,f8f1,False,0.0,0.9629979999735951,0,0.0,
1402,1967,advantage endgame fork long,72,35,e5g5,False,0.0012989611388680398,26,0.9971765875816345,e5f6,False,0.0,6.372206600033678,0,0.0,
1404,1980,advantage endgame fork long sacrifice,69,28,f2g2,True,0.3327935460967485,1,0.9930945634841919,f2g2,True,0.9385714530944824,4.089793200022541,0,0.0,
1406,2137,advantage middlegame short trappedPiece,25,46,b4c3,False,0.20895503427486883,2,0.9256503582000732,b4e7,True,0.9614285826683044,5.8626986999297515,0,0.0,
1408,2161,crushing fork long middlegame,38,36,e4f6,False,0.016612966993847424,3,0.8039799928665161,e3d2,True,0.581428587436676,7.063139999983832,0,0.0,
1410,2058,advantage discoveredAttack discoveredCheck fork long middlegame,44,40,f7h8,False,0.003126086666512764,3,0.7109447121620178,f7h8,False,0.0,7.227996799978428,0,0.0,
1412,1913,advantage attackingF2F7 middlegame pin short,28,44,d5f7,False,0.049792582784890155,2,0.7792106866836548,d3b5,True,0.9242857098579407,5.887648700037971,0,0.0,
1414,2042,advantage capturingDefender endgame short,100,34,g4e5,False,0.19987613693749254,3,0.8674111366271973,d3b5,True,0.9228571653366089,4.830248299986124,0,0.0,
1416,1944,crushing deflection endgame veryLong,62,39,c4h4,True,0.9658519557260222,1,0.9919257760047913,c4h4,True,0.9971428513526917,5.324957799981348,0,0.0,
1418,1921,advantage middlegame short trappedPiece,43,39,d8c8,True,0.8159231197260323,1,0.47676968574523926,d8c8,True,0.9900000095367432,5.747542100027204,0,0.0,
1420,2272,advantage long middlegame quietMove sacrifice,50,40,h6h7,False,0.034491638786176546,4,0.980219841003418,g3f3,False,0.04571428522467613,9.37416290002875,0,0.0,
1422,2013,advantage fork long master middlegame,41,33,e6d5,True,0.7436409630534256,1,0.6400036215782166,e6d5,True,0.9471428394317627,6.897889900021255,0,0.0,
1424,1908,crushing discoveredAttack discoveredCheck endgame short,61,31,d4e2,False,0.00016828398733123267,8,0.9968925714492798,d4e2,False,0.0,6.9808284000027925,0,0.0,
1426,2028,crushing discoveredCheck doubleCheck middlegame short,48,36,f5d6,True,0.9001633771782421,1,0.9856491684913635,f5d6,True,0.9900000095367432,3.5144351000199094,0,0.0,
1428,2319,advantage attraction kingsideAttack long opening sacrifice,21,52,g4d1,False,0.04738711527782487,3,0.7558506727218628,a7f2,True,0.7485714554786682,5.807393499999307,0,0.0,
1430,1995,advantage fork middlegame short,30,29,h4f5,False,0.2745170905433893,2,0.9658640027046204,g3e5,True,0.9714285731315613,5.347994399955496,0,0.0,
1432,2083,crushing discoveredAttack long middlegame,48,48,d3h7,False,0.28329187184017807,2,0.9423168301582336,e3g3,True,0.9685714244842529,5.0471174999838695,0,0.0,
1434,1907,advantage discoveredAttack discoveredCheck middlegame short,30,45,b3d5,True,0.7552033292481803,1,0.49914827942848206,b3d5,True,0.9900000095367432,4.548658199957572,0,0.0,
1436,2306,crushing deflection fork long middlegame,48,41,d2c4,False,0.037969824188396804,7,0.9067802429199219,f3e3,True,0.8728571534156799,4.171450599911623,0,0.0,
1438,2165,advantage hangingPiece long middlegame,43,41,d6e5,True,0.5303252353970761,1,0.7586029767990112,d6e5,True,0.9814285635948181,5.6552525999723,0,0.0,
1440,1936,endgame long mate mateIn3 queenEndgame,91,30,h6h5,True,0.38057743750270434,1,0.5279700756072998,h6h5,True,0.9700000286102295,0.6850601999321952,0,0.0,
1442,2058,advantage attraction exposedKing fork middlegame veryLong,49,40,h7h5,False,0.39683731665401495,2,0.7993850111961365,e8e4,True,0.45571428537368774,6.069073999999091,0,0.0,
1444,2201,advantage defensiveMove master middlegame pin short,56,38,g4c8,True,0.7788402696385784,1,0.9147711992263794,g4c8,True,0.9885714054107666,3.829797299928032,0,0.0,
1446,1950,endgame mate mateIn2 short,133,27,d1a4,False,0.07288836754307361,4,0.9691864848136902,d1d3,True,0.9471428394317627,0.8467095999512821,0,0.0,
1448,2052,crushing exposedKing interference long middlegame sacrifice,48,41,h1h8,True,0.44746076120883627,1,0.9820157289505005,h1h8,True,0.9742857217788696,4.420575500000268,0,0.0,
1450,2114,crushing endgame master pin short,75,28,d2d1,True,0.3799747864649893,1,0.9523253440856934,d2c1,False,0.1257142871618271,5.274912799941376,0,0.0,
1452,1979,crushing endgame fork long,82,30,e3e7,True,0.9576046180051037,1,0.9339463710784912,e3e7,True,0.9971428513526917,5.66995130002033,0,0.0,
1454,2055,attraction crushing endgame exposedKing intermezzo rookEndgame veryLong,63,24,a7c7,True,0.8997250096849354,1,0.9887967705726624,a7c7,True,0.9885714054107666,5.21162810001988,0,0.0,
1456,2225,crushing endgame interference veryLong,70,35,h3h8,True,0.8924955130235628,1,0.59333336353302,h3h8,True,0.9928571581840515,6.10305569996126,0,0.0,
1458,1909,advantage master middlegame sacrifice short,60,33,g5g6,False,0.2330141168696274,2,0.9937347769737244,f6g6,True,0.9685714244842529,5.8313567999284714,0,0.0,
1460,2205,crushing defensiveMove deflection long middlegame skewer,42,35,a4c5,False,0.008242087535141105,2,0.9698256254196167,a4c5,False,0.0,4.77108199999202,0,0.0,
1462,1931,attraction crushing fork long middlegame,45,34,f6g4,False,0.004056832708452857,5,0.9340086579322815,d8d7,False,0.0,3.341504400013946,0,0.0,
1464,2069,exposedKing long master mate mateIn3 middlegame sacrifice,74,43,c7g7,True,0.7007961487015621,1,0.9667338132858276,c7g7,True,0.9800000190734863,6.084850199986249,0,0.0,
1466,1931,advancedPawn attraction crushing defensiveMove endgame long promotion rookEndgame,64,5,f2g1,False,0.2833022243303509,2,0.991798460483551,f2e3,True,0.8442857265472412,5.835014499956742,0,0.0,
1468,2135,advantage middlegame pin short,38,42,e1e7,False,0.04200176229728827,2,0.8271682262420654,f3e5,False,0.4171428680419922,7.896906699985266,0,0.0,
1470,1900,advantage intermezzo kingsideAttack long middlegame pin,39,33,f4h3,False,0.2865276353540889,2,0.9806848764419556,f6g5,True,0.941428542137146,5.108865799964406,0,0.0,
1472,2072,advantage discoveredAttack discoveredCheck endgame long,72,42,d5f3,True,0.6671280313569509,1,0.9934126138687134,d5f3,True,0.9814285635948181,4.968621699954383,0,0.0,
1474,1921,advantage long middlegame queensideAttack sacrifice,54,40,g3d6,False,0.34738177046119634,2,0.8878948092460632,d1d6,True,0.9728571176528931,4.344373800093308,0,0.0,
1476,1933,crushing middlegame sacrifice veryLong,42,40,d7f6,False,0.016915092446347518,5,0.9955495595932007,h6f8,True,0.5828571319580078,6.542508800048381,0,0.0,
1478,2028,advantage long middlegame trappedPiece,58,39,e3c4,False,0.0027656832794635535,9,0.8700781464576721,a3a4,False,0.0,5.5390331000089645,0,0.0,
1480,2046,advantage middlegame pin short,34,47,d1a4,True,0.5533416859145117,1,0.9322856664657593,d1a4,True,0.9642857313156128,7.802658400032669,0,0.0,
1482,1942,long mate mateIn3 middlegame,66,31,g2c6,False,0.01355478874780979,6,0.8692345023155212,g2c6,False,0.0014285714132711291,6.4660063000628725,0,0.0,
1484,1977,crushing middlegame pin short,65,36,d7c7,True,0.8211712875670729,1,0.9341834187507629,d7c7,True,0.9900000095367432,8.140343000064604,0,0.0,
1486,2182,crushing master middlegame queensideAttack sacrifice short,45,37,d4b5,False,0.036385116817402974,2,0.8498108983039856,a5a4,False,0.11714285612106323,7.776385299977846,0,0.0,
1488,2162,advantage fork master middlegame short,17,43,c6b4,False,0.3485442183338851,2,0.9080734848976135,c6a5,True,0.954285740852356,5.91808879992459,0,0.0,
1490,2177,advantage middlegame short trappedPiece,44,31,f3e4,False,0.22869052692400782,2,0.4519619047641754,e2e4,True,0.9585714340209961,6.565161400008947,0,0.0,
1492,2039,long mate mateIn3 opening sacrifice,16,49,e5g6,False,0.044762853437516154,2,0.9771536588668823,h5f7,True,0.9014285802841187,1.3531922000693157,0,0.0,
1494,2333,crushing fork middlegame veryLong,44,42,e1e6,False,0.13428557843387956,2,0.8566329479217529,c4b6,True,0.677142858505249,6.828131799935363,0,0.0,
1496,2059,advancedPawn attraction crushing endgame long promotion,89,37,b2b1q,False,0.2787050166464864,2,0.8360061049461365,d1h1,True,0.8871428370475769,4.2485514000291005,0,0.0,
1498,1947,crushing hangingPiece long middlegame,54,31,d4e6,True,0.9345366871084788,1,0.8128671646118164,d4e6,True,0.9957143068313599,4.282727399957366,0,0.0,
1500,2055,advantage exposedKing fork long middlegame,36,50,g5f7,False,0.02789380451906097,6,0.7485564947128296,h7g8,True,0.8285714387893677,4.777133899973705,0,0.0,
1502,2266,crushing discoveredAttack master middlegame short,46,30,d2f4,False,0.09948991802530545,4,0.946438729763031,d2c3,True,0.6600000262260437,5.03815699997358,0,0.0,
1504,1927,crushing endgame rookEndgame short trappedPiece,71,17,f6g7,True,0.3956710953358248,1,0.9301372766494751,f6g7,True,0.9628571271896362,3.828220200026408,0,0.0,
1506,1959,crushing endgame pin sacrifice short,64,34,c3c7,False,0.11638539349326081,2,0.9912473559379578,f4f5,True,0.9342857003211975,5.08946459996514,0,0.0,
1508,2164,advantage middlegame pin short,33,50,d4f3,False,0.23083336465440418,2,0.766204833984375,a8a1,True,0.9714285731315613,5.315630399971269,0,0.0,
1510,2008,advantage intermezzo long middlegame queensideAttack sacrifice,43,36,a3b3,False,0.092095274757067,3,0.9655448794364929,a3a2,True,0.9228571653366089,6.72062909998931,0,0.0,
1512,1908,endgame mate mateIn2 short,54,34,e4g6,False,0.4238858960175132,2,0.9797371625900269,e8g6,True,0.9671428799629211,0.7667694999836385,0,0.0,
1514,2313,crushing endgame pin short,113,25,g6g3,True,0.9546770531784483,1,0.9760726094245911,g6g3,True,0.9757142663002014,6.333795399987139,0,0.0,
1516,2260,long mate mateIn3 middlegame sacrifice,52,37,e3f3,False,0.19196268012368406,4,0.7708190679550171,g5h7,True,0.8985714316368103,1.5180665000807494,0,0.0,
1518,2071,mate mateIn2 middlegame short,40,43,c6a7,False,0.00042570263742419554,25,0.9986963868141174,c6a5,False,0.0,8.520247699925676,0,0.0,
1520,1983,crushing defensiveMove hangingPiece middlegame short,57,42,c4a3,False,0.06536965429043312,3,0.9291244745254517,g8h7,True,0.9285714030265808,6.3583233000244945,0,0.0,
1522,1952,advantage attraction kingsideAttack long middlegame sacrifice,32,50,d3h7,True,0.9940130459470667,1,0.74419105052948,d3h7,True,0.9985714554786682,7.585627099964768,0,0.0,
1524,2120,crushing discoveredAttack discoveredCheck endgame long,48,32,f6g6,False,0.05315726913950149,3,0.9934391379356384,f6f7,True,0.9285714030265808,3.733678999939002,0,0.0,
1526,2062,crushing endgame hangingPiece long,75,2,b8d8,False,0.47565527053153295,2,0.0508803054690361,e8d8,True,0.9828571677207947,5.424749500001781,0,0.0,
1528,2104,advantage discoveredAttack endgame short,56,31,h5h7,False,0.003928186193180697,21,0.9765706062316895,e3b3,False,0.0,9.05904790002387,0,0.0,
1530,2273,advantage middlegame short trappedPiece,29,22,c8a6,False,0.008643519907085775,8,0.4080403745174408,d8e8,False,0.0,6.53477779997047,0,0.0,
1532,2153,crushing endgame exposedKing fork sacrifice veryLong,76,31,g3g8,True,0.8838900502904454,1,0.9206110239028931,g3g8,True,0.9928571581840515,5.657755300053395,0,0.0,
1534,1902,endgame kingsideAttack long mate mateIn3 sacrifice,45,34,g6g3,True,0.9024871493763403,1,0.998447835445404,g6g3,True,0.9942857027053833,1.207416099961847,0,0.0,
1536,2324,advantage fork long middlegame,35,32,g6f5,True,0.9953361837376064,1,0.5276328325271606,g6f5,True,0.9985714554786682,4.72720510000363,0,0.0,
1538,2320,advantage deflection fork intermezzo long middlegame,38,50,g5g7,True,0.6921256382708344,1,0.9157169461250305,g5g7,True,0.9785714149475098,5.196545199956745,0,0.0,
1540,2315,advantage endgame fork veryLong,58,30,d3d5,True,0.9322518619046171,1,0.9445042610168457,d3d5,True,0.9971428513526917,4.838641499984078,0,0.0,
1542,1921,advantage endgame fork long,54,27,c3f6,False,0.28025628217394694,2,0.8778595924377441,c3b4,True,0.9685714244842529,5.202778400038369,0,0.0,
1544,1936,clearance long mate mateIn3 middlegame sacrifice,38,46,e4f6,False,0.024053359430203394,2,0.9398847222328186,e4g5,True,0.7557142972946167,1.6237489999039099,0,0.0,
1546,1925,crushing fork long middlegame pin,61,2,c8d8,True,0.5166273772320267,1,0.48500964045524597,c8d8,True,0.8642857074737549,3.619062599958852,0,0.0,
1548,1924,clearance crushing middlegame pin sacrifice short,45,44,f4h3,True,0.9417485515803158,1,0.9801864624023438,f4h3,True,0.9900000095367432,4.278505900059827,0,0.0,
1550,2069,advantage capturingDefender intermezzo long middlegame,47,40,e8e1,True,0.8854565749515506,1,0.9067806005477905,e8e1,True,0.9214285612106323,6.199317499995232,0,0.0,
1552,2314,crushing middlegame pin short,38,41,e4f6,False,0.03240843855828063,5,0.9204721450805664,c1c7,True,0.8171428442001343,6.0291740000247955,0,0.0,
1554,2045,advancedPawn advantage defensiveMove endgame long quietMove sacrifice,71,15,c6d4,True,0.3948911988905137,1,0.6735589504241943,c6d4,True,0.9742857217788696,7.078507099999115,0,0.0,
1556,2021,advantage endgame fork long,51,25,e3e1,False,0.17498583651477176,3,0.996600329875946,e3c1,True,0.9685714244842529,5.177981600048952,0,0.0,
1558,1924,attraction crushing fork long middlegame sacrifice,36,50,d5e7,False,0.018612132733402165,3,0.6973716020584106,e3c5,False,0.0014285714132711291,4.917770100058988,0,0.0,
1560,1931,crushing middlegame short trappedPiece,73,22,c6b4,False,0.01895458117543099,3,0.9966031908988953,a5b5,False,0.011428571306169033,5.527833599946462,0,0.0,
1562,1959,crushing long master middlegame pin,52,40,f7e5,True,0.9492276487919877,1,0.661622941493988,f7e5,True,0.9957143068313599,6.546049399999902,0,0.0,
1564,2208,attraction crushing deflection long middlegame sacrifice,68,30,f1f6,False,0.18649193327756894,2,0.9658487439155579,f1f6,False,0.018571428954601288,5.771319100051187,0,0.0,
1566,2013,crushing long middlegame quietMove sacrifice,56,48,f4f6,True,0.3370086103078975,1,0.7747858762741089,d1d2,False,0.0771428570151329,6.65091049997136,0,0.0,
1568,1982,crushing deflection long middlegame pin,59,32,g3h2,False,0.3915234907479189,2,0.9837304353713989,h5h1,True,0.9700000286102295,4.352271300042048,0,0.0,
1570,2122,advantage discoveredAttack endgame long pin,60,37,f5e7,False,0.0016408795212750293,5,0.9856114983558655,a4a5,False,0.0,5.1456558998906985,0,0.0,
1572,2156,advantage hangingPiece long middlegame,49,3,f6g7,True,0.799897761720245,1,0.6728129982948303,f6g7,True,0.991428554058075,6.4040577000705525,0,0.0,
1574,1964,attraction crushing kingsideAttack long middlegame sacrifice,36,52,e4h7,True,0.9016950078514245,1,0.9533980488777161,e4h7,True,0.9857142567634583,3.5182315000565723,0,0.0,
1576,2154,advantage endgame pin short,65,34,e4f2,False,0.013396849103313171,3,0.9548596739768982,a5a4,True,0.9100000262260437,7.252835100051016,0,0.0,
1578,1993,collinearMove mate mateIn2 middlegame pin sacrifice short,48,40,e6f6,True,0.9214142907597379,1,0.9726561903953552,e6f6,True,0.991428554058075,0.48863479995634407,0,0.0,
1580,2255,bishopEndgame crushing deflection endgame long,88,11,b6b5,True,0.422148822830499,1,0.6330916285514832,b2b4,False,0.23000000417232513,5.412737000035122,0,0.0,
1582,1959,advantage fork hangingPiece long opening,39,30,c5c1,True,0.9183470945560925,1,0.8046223521232605,c5c1,True,0.9971428513526917,6.18655059998855,0,0.0,
1584,1909,advantage attraction exposedKing middlegame veryLong,78,44,b1b8,True,0.9981800807092521,1,0.9984949827194214,b1b8,True,0.9985714554786682,4.470690699992701,0,0.0,
1586,2123,endgame mate mateIn2 short,69,34,e5f3,False,0.0779139915886291,2,0.9357509016990662,c2d1,True,0.9585714340209961,0.9028463000431657,0,0.0,
1588,1904,crushing defensiveMove master middlegame pin short,55,25,c2c1,True,0.9572533784902333,1,0.915160059928894,c2c1,True,0.9957143068313599,7.267639799974859,0,0.0,
1590,1942,attraction mate mateIn2 middlegame morphysMate short,87,25,d7f5,False,0.38585701019651963,2,0.6760261058807373,b4b3,True,0.9800000190734863,0.42979429999832064,0,0.0,
1592,2088,advantage endgame long pin,93,30,a5b6,True,0.9006803121848503,1,0.9862061738967896,a5b6,True,0.9885714054107666,5.791525900014676,0,0.0,
1594,1988,equality fork middlegame short,55,33,e5f4,True,0.5221395214368925,1,0.9254761338233948,e5f4,True,0.9471428394317627,5.261858500074595,0,0.0,
1596,2203,advancedPawn crushing defensiveMove endgame promotion rookEndgame sacrifice veryLong,91,25,d8e8,False,0.10699680745499478,3,0.9788180589675903,d4d3,True,0.5028571486473083,5.924817200051621,0,0.0,
1598,2130,advantage long middlegame pin,36,53,e3g5,False,0.10080156014579314,2,0.9792585372924805,g8a8,True,0.9428571462631226,6.140587899950333,0,0.0,
1600,1988,advantage endgame master sacrifice short,70,33,f6g6,True,0.5466129556561278,1,0.9317657351493835,f6g6,True,0.9671428799629211,5.553386899991892,0,0.0,
1602,1974,attraction deflection endgame mate mateIn2 queensideAttack sacrifice short,85,17,d8d1,False,0.01094981783984595,4,0.9979987144470215,b2b1,True,0.9614285826683044,0.6131776999682188,0,0.0,
1604,2128,advantage clearance kingsideAttack long middlegame sacrifice,44,40,g4h6,True,0.6071237050737209,1,0.949540913105011,g4h6,True,0.9842857122421265,5.530493299942464,0,0.0,
1606,2271,advantage hangingPiece kingsideAttack long middlegame,47,41,d6h2,False,0.00036228481424899943,6,0.9626147747039795,d6h2,False,0.0,3.565088600036688,0,0.0,
1608,2078,crushing defensiveMove endgame hangingPiece master short,83,23,d4g4,True,0.8946344789224439,1,0.9835526943206787,d4g4,True,0.9942857027053833,5.990634000045247,0,0.0,
1610,2057,advantage fork long middlegame,54,28,f4c7,True,0.6425790651141623,1,0.9568869471549988,f4c7,True,0.9842857122421265,5.487063699983992,0,0.0,
1612,1900,mate mateIn2 middlegame short,42,42,h1h7,True,0.8371045064386983,1,0.5913434028625488,h1h7,True,0.9842857122421265,0.4663704000413418,0,0.0,
1614,1955,advantage defensiveMove endgame long pin,84,23,c7c8,True,0.9878058501874789,1,0.9867079257965088,c7c8,True,0.9985714554786682,5.397483699955046,0,0.0,
1616,1994,advantage endgame exposedKing fork long,63,31,d4e2,True,0.6937595288758659,1,0.9708707928657532,d4e2,True,0.9828571677207947,4.104826000053436,0,0.0,
1618,2334,advancedPawn advantage deflection exposedKing fork intermezzo long middlegame sacrifice,59,43,d8h4,False,0.14957000666609463,2,0.934258759021759,f2g2,True,0.9371428489685059,5.543125000083819,0,0.0,
1620,2134,crushing endgame hangingPiece master short,111,18,g8f8,False,0.026548341796265692,2,0.46827131509780884,g8f8,False,0.0014285714132711291,5.041009200038388,0,0.0,
1622,1975,crushing deflection endgame long master,73,23,c4b2,False,0.05151266485012455,2,0.9749804735183716,a2b3,True,0.9228571653366089,3.3927933000959456,0,0.0,
1624,2288,advantage exposedKing fork middlegame veryLong,41,46,a8g8,False,0.1181613334569898,2,0.8591784238815308,f1d2,True,0.9714285731315613,5.047421100083739,0,0.0,
1626,2180,crushing exposedKing middlegame pin veryLong,61,49,h8c8,True,0.7252071080670045,1,0.9547778367996216,h8c8,True,0.8414285778999329,6.375680199940689,0,0.0,
1628,1906,advancedPawn crushing fork middlegame sacrifice veryLong,46,37,g3g6,True,0.6789157241095248,1,0.8057389259338379,g3g6,True,0.9728571176528931,3.882785400026478,0,0.0,
1630,1943,advantage fork middlegame short,47,32,b2c1,True,0.9279880641523659,1,0.9749468564987183,b2c1,True,0.9928571581840515,4.566121099982411,0,0.0,
1632,2035,advantage fork middlegame short,51,35,b6a5,False,0.1250866810285195,3,0.10979407280683517,b6a5,False,0.41428571939468384,7.3889275001129135,0,0.0,
1634,2294,advantage attraction kingsideAttack long middlegame,69,47,h6e3,False,0.007513089890100743,4,0.9701383113861084,f3e3,False,0.0,7.054890199913643,0,0.0,
1636,2000,advantage fork long master middlegame,53,42,f5h3,False,0.002587314479177053,3,0.9852346777915955,f5h3,False,0.0,5.642583500011824,0,0.0,
1638,2079,crushing deflection endgame long sacrifice,80,33,f7g7,True,0.6365020297091999,1,0.9770900011062622,f7g7,True,0.9857142567634583,4.558055999921635,0,0.0,
1640,2110,long mate mateIn3 middlegame sacrifice,48,41,e7d7,False,0.10996006736152851,3,0.9522234797477722,c7c8,True,0.9514285922050476,0.8561898999614641,0,0.0,
1642,2315,advantage attraction fork middlegame pin sacrifice veryLong,46,34,h3e6,True,0.8711610102393795,1,0.9821067452430725,h3e6,True,0.7228571176528931,5.567626099917106,0,0.0,
1644,2342,mate mateIn4 middlegame operaMate sacrifice veryLong,36,47,e4d6,False,0.005438719466200678,5,0.95088130235672,d2e3,False,0.0,8.336767200031318,0,0.0,
1646,1906,endgame mate mateIn2 short,64,29,g6g7,True,0.8711347201528898,1,0.9736791849136353,g6g7,True,0.9942857027053833,0.38762940000742674,0,0.0,
1648,2097,advantage master middlegame pin short,30,50,d3g6,False,0.1388992414604752,2,0.8626242876052856,d3g6,False,0.1599999964237213,5.030013400013559,0,0.0,
1650,2309,clearance crushing endgame long pin,92,42,c5c8,False,0.19386976990865165,4,0.9351310729980469,c5a3,True,0.9642857313156128,4.867462299996987,0,0.0,
1652,2329,crushing kingsideAttack long middlegame pin,32,39,g3g7,True,0.7224707448914871,1,0.9936099052429199,g3g7,True,0.9728571176528931,4.245998799917288,0,0.0,
1654,1912,crushing long middlegame sacrifice,48,38,c3d5,False,0.21657359515730662,2,0.9457277059555054,d4f5,True,0.9614285826683044,3.9643764999927953,0,0.0,
1656,2215,discoveredCheck doubleCheck endgame mate mateIn2 pillsburysMate short,71,23,h4f3,False,0.006675445318322563,5,0.918792188167572,h4f3,False,0.0,6.044430100009777,0,0.0,
1658,2039,advantage long middlegame sacrifice,28,47,e4f6,False,0.013845592285993885,3,0.864880383014679,f1f5,True,0.47428572177886963,5.307573500089347,0,0.0,
1660,2332,crushing endgame long pin,62,20,b5c6,False,0.030221194494358002,2,0.6571445465087891,b5c6,False,0.04285714402794838,6.629694500006735,0,0.0,
1662,2156,attraction crushing kingsideAttack long middlegame,26,49,c4f7,False,0.3512113620681864,2,0.9793327450752258,g5f7,True,0.8642857074737549,6.049859100021422,0,0.0,
1664,2301,crushing fork master middlegame veryLong,59,49,g7d4,False,0.1408922955053968,2,0.4181992709636688,g7d4,False,0.009999999776482582,5.93413840001449,0,0.0,
1666,2031,endgame master mate mateIn2 short,90,26,c5c8,True,0.9492796980426604,1,0.957325279712677,c5c8,True,0.9957143068313599,0.343790499959141,0,0.0,
1668,1984,advantage fork long middlegame,34,37,f4d6,True,0.9097430181620192,1,0.6297328472137451,f4d6,True,0.9957143068313599,5.100323099992238,0,0.0,
1670,1916,advantage long middlegame sacrifice,63,43,f5f3,True,0.888525296174947,1,0.852162778377533,f5f3,True,0.9942857027053833,5.937935099937022,0,0.0,
1672,1926,crushing discoveredAttack long middlegame,38,35,c3e4,True,0.6276941858499665,1,0.5967653393745422,c3e4,True,0.9728571176528931,4.421513900044374,0,0.0,
1674,2132,advantage exposedKing middlegame sacrifice veryLong,58,41,e3e7,False,0.00048791736211737226,18,0.9510912895202637,a2a3,False,0.0,6.246505300048739,0,0.0,
1676,2039,advantage endgame fork long pin sacrifice,68,29,g2g4,False,0.3327177315905528,2,0.9180113077163696,f1f5,True,0.9742857217788696,4.736539400066249,0,0.0,
1678,1950,crushing endgame pin short,68,33,d7d4,True,0.5064656081514546,1,0.9939597845077515,d7d4,True,0.977142870426178,3.63904060004279,0,0.0,
1680,2250,advantage defensiveMove endgame pin short,57,6,f6g6,False,0.02781991322364718,6,0.9240488409996033,f6e6,True,0.7714285850524902,4.4324859998887405,0,0.0,
1682,1935,attraction crushing endgame master queensideAttack sacrifice short,50,45,c1c8,False,0.06676568812552655,2,0.988180935382843,b3b7,True,0.5485714077949524,6.060356999980286,0,0.0,
1684,2077,attraction bishopEndgame crushing endgame veryLong,90,10,h6g5,False,0.24611471143591576,2,0.8876553773880005,d4e5,True,0.9514285922050476,4.968051499919966,0,0.0,
1686,2014,advantage deflection discoveredAttack discoveredCheck middlegame queensideAttack veryLong xRayAttack,68,31,a7a8,True,0.8061219487196889,1,0.9836423993110657,d1d7,False,0.3042857050895691,6.620270499959588,0,0.0,
1688,2278,advantage hangingPiece master middlegame short,79,2,g4f3,True,0.8389255388881424,1,0.7174544334411621,g4f3,True,0.9957143068313599,5.347831199993379,0,0.0,
1690,2113,advantage discoveredAttack middlegame queensideAttack veryLong,42,38,c3b5,False,0.2236215871604001,2,0.5508280396461487,e3b6,True,0.8857142925262451,6.672508499934338,0,0.0,
1692,2167,advantage clearance fork long middlegame quietMove,26,38,g5f6,True,0.5538474105992428,1,0.9379252791404724,g5f6,True,0.9800000190734863,2.4083521999418736,0,0.0,
1694,1964,advantage hangingPiece middlegame pin short,48,41,e4e6,True,0.8599488764613603,1,0.969662606716156,e4e6,True,0.9928571581840515,4.652761799981818,0,0.0,
1696,2255,crushing endgame pin veryLong,57,41,e6h3,False,0.10513375797983618,4,0.9902556538581848,e6b6,True,0.9528571367263794,5.249700600048527,0,0.0,
1698,2189,crushing endgame hangingPiece long rookEndgame,101,14,g8g6,False,0.014019902092921291,2,0.8668792247772217,g8g6,False,0.46142858266830444,4.025970900082029,0,0.0,
1700,1970,advantage capturingDefender fork middlegame veryLong,54,38,c3d5,True,0.9365612710347254,1,0.9095417261123657,c3d5,True,0.9957143068313599,4.948704400099814,0,0.0,
1702,2240,crushing middlegame pin short,62,50,f2d4,True,0.6618680692445419,1,0.9758195281028748,f2d4,True,0.8157142996788025,7.352498200023547,0,0.0,
1704,1922,attraction crushing exposedKing fork long middlegame,57,39,f8f2,True,0.995264865765029,1,0.9655326008796692,f8f2,True,0.9985714554786682,4.512895900057629,0,0.0,
1706,1918,advantage discoveredAttack endgame short,51,38,f4f3,False,0.08923346978783672,3,0.9902124404907227,f4h2,True,0.9457142949104309,4.613509000046179,0,0.0,
1708,1944,capturingDefender crushing deflection master middlegame short,44,41,a6c6,True,0.495459215285941,1,0.8516395688056946,a6c6,True,0.9514285922050476,5.395688000018708,0,0.0,
1710,2076,clearance crushing intermezzo long master middlegame sacrifice,69,36,f5f2,False,0.004528402711608858,7,0.9032540917396545,f5f6,False,0.0,8.16131310001947,0,0.0,
1712,1910,crushing discoveredAttack discoveredCheck endgame kingsideAttack long sacrifice,70,29,f3f8,False,0.13031132216291152,3,0.9951202869415283,g4h6,True,0.9457142949104309,4.408389099990018,0,0.0,
1714,2183,advantage fork long middlegame,50,46,e1e8,True,0.443149414057159,1,0.9154928922653198,e1e8,True,0.949999988079071,4.7657721999567,0,0.0,
1716,2324,crushing fork master middlegame short,40,51,e4f6,False,0.0477898119705817,4,0.8149322271347046,g5e7,False,0.058571428060531616,5.961897799978033,0,0.0,
1718,1990,advantage discoveredAttack fork long middlegame,44,49,e5c7,False,0.01139541585000096,3,0.9943087697029114,e5c7,False,0.26571428775787354,5.4933145000832155,0,0.0,
1720,2196,crushing deflection exposedKing fork middlegame veryLong,50,36,h3h8,True,0.9575116198230823,1,0.8054613471031189,h3h8,True,0.9971428513526917,2.551382699981332,0,0.0,
1722,1948,advantage hangingPiece opening short,12,42,e5f6,False,0.14077601722468533,2,0.7207558155059814,f3a8,True,0.8985714316368103,5.526447599986568,0,0.0,
1724,2005,advantage deflection exposedKing middlegame quietMove sacrifice skewer veryLong,54,36,d1h1,True,0.9638989335437064,1,0.8745468258857727,d1h1,True,0.9957143068313599,6.840289600077085,0,0.0,
1726,2085,crushing defensiveMove endgame hangingPiece veryLong,134,5,f5f6,True,0.9208451516907192,1,0.662040650844574,f5f6,True,0.9928571581840515,5.087361399899237,0,0.0,
1728,1917,advantage deflection endgame veryLong,86,31,g6g7,False,0.01513369360987765,8,0.916450023651123,g6h7,False,0.3400000035762787,7.392425600090064,0,0.0,
1730,2141,advancedPawn endgame mate mateIn2 short,89,23,a3a1,False,0.09644194393850601,2,0.9995980858802795,b3b2,True,0.9571428298950195,0.9367696000263095,0,0.0,
1732,2098,advantage master middlegame skewer veryLong,42,27,f5f6,False,0.14019510064047955,2,0.934080958366394,h1g1,True,0.9171428680419922,6.422267299960367,0,0.0,
1734,2226,advantage deflection middlegame veryLong,62,41,g4g7,False,0.007866669588208884,10,0.599280595779419,g4g7,False,0.0,4.6161559000611305,0,0.0,
1736,2004,crushing deflection middlegame queensideAttack short,40,44,f7d6,False,0.08783641075622341,3,0.9718757271766663,a4a6,True,0.9557142853736877,5.399151200079359,0,0.0,
1738,2090,crushing fork interference intermezzo master middlegame short,49,42,e4f2,True,0.822855130664451,1,0.7211059331893921,e4f2,True,0.7614285945892334,7.225821500062011,0,0.0,
1740,2313,crushing middlegame pin veryLong,43,39,g6h6,False,0.3432113408462695,2,0.9398467540740967,e7h4,True,0.9785714149475098,4.625222300062887,0,0.0,
1742,2086,capturingDefender crushing middlegame short,36,48,e7f7,False,0.07481002109747913,3,0.775214672088623,c4f7,True,0.954285740852356,6.033726499998011,0,0.0,
1744,2044,discoveredAttack discoveredCheck endgame mate mateIn2 short,47,29,f6d5,False,0.11605840159118756,3,0.9676788449287415,f6e4,True,0.9285714030265808,0.8593011999037117,0,0.0,
1746,2221,advantage fork middlegame short,60,48,e5h5,True,0.7920289674903465,1,0.9800305962562561,e5h5,True,0.9900000095367432,5.0827090999810025,0,0.0,
1748,2187,advantage discoveredAttack middlegame short,70,37,g5f7,True,0.5711775008203224,1,0.9675374627113342,g5f7,True,0.9757142663002014,4.346148499986157,0,0.0,
1750,1927,advantage fork long middlegame,29,35,f6g5,True,0.6941098537140131,1,0.694503664970398,f6g5,True,0.9842857122421265,5.381143999984488,0,0.0,
1752,1971,advantage endgame fork long master sacrifice,91,33,h8g6,False,0.04115252627487293,3,0.9924038052558899,b4g4,True,0.8971428275108337,5.311367899994366,0,0.0,
1754,2336,advantage deflection master middlegame queensideAttack short,63,50,c4a3,True,0.7216048529854449,1,0.9957277178764343,c4a3,True,0.9700000286102295,3.34215869999025,0,0.0,
1756,1971,advantage capturingDefender long middlegame,29,45,g4f3,False,0.40846545082078006,2,0.6380788087844849,c6d4,True,0.954285740852356,6.195001799962483,0,0.0,
1758,2274,attraction crushing fork long middlegame,37,43,g5g4,True,0.8494440279246988,1,0.9662119150161743,g5g4,True,0.9842857122421265,5.750987899955362,0,0.0,
1760,2148,crushing fork long middlegame,22,35,f4e5,True,0.5449312013927203,1,0.8290212750434875,f4e5,True,0.9742857217788696,5.3727583000436425,0,0.0,
1762,2050,advantage discoveredAttack discoveredCheck kingsideAttack middlegame sacrifice veryLong,59,38,f5g3,True,0.959614295166457,1,0.510399341583252,f5g3,True,0.9971428513526917,6.279542000032961,0,0.0,
1764,2266,advantage endgame long master masterVsMaster pin,66,30,d3g6,False,0.006980282108155676,5,0.946382999420166,d3g6,False,0.0,5.159881000057794,0,0.0,
1766,2226,crushing endgame long master trappedPiece,80,34,f4e6,False,0.20984872511429944,2,0.9953872561454773,c7d8,True,0.927142858505249,4.109154399950057,0,0.0,
1768,2075,endgame master mate mateIn2 short,66,31,d6e8,True,0.5215953127593849,1,0.9439818859100342,d6e8,True,0.9528571367263794,6.709438699996099,0,0.0,
1770,2176,advantage fork long middlegame,62,49,c1c6,True,0.5104592898267712,1,0.8938366770744324,c1c6,True,0.941428542137146,5.1521759000606835,0,0.0,
1772,2252,advantage capturingDefender long middlegame,26,43,d4c6,True,0.5573491645822416,1,0.8847640156745911,d4c6,True,0.8899999856948853,5.530074100010097,0,0.0,
1774,1928,crushing endgame pin short,86,2,c3c2,False,0.32791920483762443,2,0.9904008507728577,c3d3,True,0.9700000286102295,4.327576300012879,0,0.0,
1776,2183,crushing endgame long pin sacrifice,67,45,g8g2,False,0.00018031001411043001,14,0.9547525644302368,f4g5,False,0.0,6.816767600015737,0,0.0,
1778,2078,advantage attraction exposedKing long master middlegame skewer,37,43,d7h3,False,0.11410940971082616,4,0.9855064153671265,c6g2,True,0.8842856884002686,6.266835400019772,0,0.0,
1780,2273,advantage long middlegame pin,85,43,f5f1,False,0.05441933944992353,4,0.9611552953720093,g4d1,True,0.8342857360839844,6.583523300010711,0,0.0,
1782,2100,advantage fork long middlegame,39,50,f4e2,False,0.0007765610142843757,4,0.8818267583847046,f4e2,False,0.0,7.190141099970788,0,0.0,
1784,2252,advantage deflection discoveredAttack master masterVsMaster middlegame pin superGM veryLong,62,49,d1d7,False,0.13943877132607138,2,0.9273935556411743,e4b7,True,0.9685714244842529,3.6084811999462545,0,0.0,
1786,2176,crushing deflection endgame short,126,4,a5b7,True,0.5764150022449708,1,0.6233265399932861,a5c4,False,0.051428571343421936,4.385545899975114,0,0.0,
1788,1991,advantage defensiveMove endgame fork long,99,13,h7h6,True,0.6753420635181612,1,0.41930559277534485,h7h6,True,0.9857142567634583,4.167811800027266,0,0.0,
1790,2064,advantage discoveredAttack discoveredCheck endgame long,59,27,e4d2,True,0.7609924539554183,1,0.994466245174408,e4d2,True,0.9585714340209961,5.411960499943234,0,0.0,
1792,2197,crushing fork master middlegame sacrifice short,50,44,h6g7,True,0.9212384765650122,1,0.9844032526016235,h6g7,True,0.9942857027053833,0.9158554000314325,0,0.0,
1794,1966,advantage discoveredAttack discoveredCheck long middlegame,24,33,f1f4,False,0.1557484504998485,3,0.8633455634117126,c1f4,True,0.8614285588264465,6.934740799944848,0,0.0,
1796,2214,advantage endgame exposedKing sacrifice veryLong,51,27,g6g4,False,0.14768095202862047,2,0.9408883452415466,h4g4,True,0.9642857313156128,3.2676862000953406,0,0.0,
1798,2132,advantage endgame fork long pin,62,24,g3g4,False,0.26222451245697276,2,0.8897032737731934,f3e4,True,0.8128571510314941,7.618350500008091,0,0.0,
1800,2325,attraction crushing kingsideAttack middlegame sacrifice short,47,47,d5f4,False,0.012902663816554721,5,0.8484604358673096,f8f2,True,0.415714293718338,6.100332299945876,0,0.0,
1802,2086,crushing long middlegame pin trappedPiece,66,52,f4g6,True,0.8095703709701639,1,0.958143949508667,f4g6,True,0.9928571581840515,4.505125999916345,0,0.0,
1804,1958,exposedKing long mate mateIn3 middlegame sacrifice,43,33,d5e3,True,0.8342744376220819,1,0.8993770480155945,d5e3,True,0.991428554058075,0.4781564000295475,0,0.0,
1806,1946,advantage middlegame pin short,40,45,e1e5,False,0.02905258914347418,4,0.95644611120224,f1f7,True,0.808571457862854,4.900512299966067,0,0.0,
1808,2316,advancedPawn advantage discoveredAttack kingsideAttack long middlegame,34,52,g6h7,False,0.08828638475001963,2,0.937389075756073,g6f7,True,0.7971428632736206,5.937629600055516,0,0.0,
1810,1929,crushing endgame hangingPiece knightEndgame short,104,14,d5c7,True,0.5418034731408458,1,0.9113578796386719,d5c7,True,0.9785714149475098,4.886587899993174,0,0.0,
1812,1941,advantage exposedKing long middlegame pin,66,39,e3e7,False,0.10872276680578978,2,0.9893119931221008,g3g6,True,0.9642857313156128,4.332111499970779,0,0.0,
1814,2346,advantage fork hangingPiece intermezzo middlegame short,74,29,h5e8,True,0.9519881695737736,1,0.6230143308639526,h5e8,True,0.9971428513526917,6.264748900081031,0,0.0,
1816,2100,advantage endgame long pin quietMove sacrifice,50,39,f1f6,False,7.612925071685144e-06,37,0.9951690435409546,e5f6,False,0.0,4.036985900020227,0,0.0,
1818,2128,advantage long middlegame trappedPiece,30,56,d5f6,True,0.9364016505482089,1,0.7553634643554688,d5f6,True,0.9957143068313599,4.857056999928318,0,0.0,
1820,2085,crushing defensiveMove endgame hangingPiece master short,87,27,h1d1,True,0.653698019815095,1,0.9701487421989441,h1d1,True,0.5157142877578735,5.88335320004262,0,0.0,
1822,2141,crushing defensiveMove endgame hangingPiece long master masterVsMaster,103,8,b2d3,False,0.20766096665232642,2,0.8909096121788025,b2a4,False,0.3028571307659149,5.682426800020039,0,0.0,
1824,2276,crushing middlegame pin veryLong,46,52,h5g6,True,0.9203419729715494,1,0.6616252660751343,h5g6,True,0.9942857027053833,6.434234999935143,0,0.0,
1826,2200,crushing middlegame pin veryLong,61,37,c6c5,False,0.10399012438473265,4,0.47470301389694214,g5g4,True,0.949999988079071,7.8676293999888,0,0.0,
1828,2045,advantage attraction endgame exposedKing fork veryLong,72,19,g5e6,False,0.1586377300803578,2,0.988250195980072,g5e6,False,0.019999999552965164,6.174553799908608,0,0.0,
1830,1921,discoveredCheck doubleCheck endgame mate mateIn2 short,46,26,f6h5,False,0.2273578310080469,2,0.9639925360679626,f6e8,True,0.9514285922050476,0.8253496999386698,0,0.0,
1832,2241,capturingDefender crushing long middlegame pin,34,52,e6f7,False,0.24511579516121204,2,0.9731196165084839,d1b3,True,0.9128571152687073,5.9142969999229535,0,0.0,
1834,2194,advancedPawn advantage attraction kingsideAttack long opening,24,52,g6f7,True,0.9350106118386051,1,0.98331618309021,g6f7,True,0.9871428608894348,4.4453418999910355,0,0.0,
1836,2030,advantage endgame pin short,88,18,g4g5,False,0.0220596431286969,10,0.908274233341217,c4c5,True,0.7485714554786682,6.493671300006099,0,0.0,
1838,1957,crushing discoveredAttack discoveredCheck middlegame short,47,32,f2h3,False,0.1603106641412027,2,0.9696260094642639,f2d1,True,0.9514285922050476,5.598325500031933,0,0.0,
1840,2096,crushing endgame fork long,67,26,b5f1,False,0.003995557704249619,2,0.930655300617218,b5f1,False,0.0,8.392871499992907,0,0.0,
1842,1967,advantage middlegame pin short,31,29,e7e2,False,0.3249173331913563,2,0.33825233578681946,d4f3,True,0.9685714244842529,4.464974900009111,0,0.0,
1844,1975,crushing fork long middlegame,57,39,f6f3,True,0.9033102523632559,1,0.9756872057914734,f6f3,True,0.9942857027053833,4.831630400032736,0,0.0,
1846,2090,crushing defensiveMove endgame long sacrifice,66,4,f2f3,True,0.5049147765928496,1,0.5409494042396545,f2f3,True,0.977142870426178,2.2405703000258654,0,0.0,
1848,2110,advantage endgame hangingPiece short,71,44,d8d1,False,0.0007541406940791421,9,0.960451602935791,c4c1,False,0.0,7.0071963999653235,0,0.0,
1850,2081,crushing deflection endgame long queenEndgame,114,27,e5d6,False,0.0005773651303984959,10,0.9825921654701233,e5h8,False,0.0,5.336602699942887,0,0.0,
1852,2329,attackingF2F7 crushing fork intermezzo master middlegame veryLong,46,40,h5f7,False,0.018063603181530115,3,0.9190931916236877,e4d5,True,0.6614285707473755,6.5287710999837145,0,0.0,
1854,1982,advantage fork long middlegame sacrifice,65,44,e8e1,False,0.002684348326436115,9,0.969700813293457,a6a5,False,0.0,6.041189200012013,0,0.0,
1856,2029,advantage endgame long pin,58,23,d6f5,False,0.276163877060235,2,0.8928546905517578,f4g4,True,0.9657142758369446,7.609446399961598,0,0.0,
1858,2254,crushing fork long middlegame,54,39,b2c3,False,0.08527613143438618,3,0.7398405075073242,a1a7,True,0.75,7.257271499955095,0,0.0,
1860,2276,crushing long master masterVsMaster middlegame sacrifice,48,48,d6f7,False,0.1661469726312589,3,0.9547403454780579,d1d5,True,0.9100000262260437,4.731034400057979,0,0.0,
1862,2186,crushing discoveredAttack master middlegame quietMove veryLong,60,45,d4f5,False,0.000304362507161247,16,0.7335100769996643,f3e4,False,0.0,5.744352399953641,0,0.0,
1864,2003,crushing discoveredAttack long middlegame pin,50,52,e4f6,False,0.2378790476362264,3,0.6625706553459167,e4d6,True,0.9714285731315613,3.9319139000726864,0,0.0,
1866,1922,advancedPawn attraction crushing kingsideAttack long middlegame sacrifice,23,49,d6h2,True,0.7928871047136904,1,0.8622204065322876,d6h2,True,0.6442857384681702,7.40024440002162,0,0.0,
1868,2052,advancedPawn advantage discoveredAttack long middlegame,62,39,h4h7,True,0.9830901867203935,1,0.9908624887466431,h4h7,True,0.9971428513526917,4.286406600032933,0,0.0,
1870,2122,crushing defensiveMove endgame hangingPiece master short,98,13,b5c5,True,0.7529276530927101,1,0.7167437076568604,b5c5,True,0.822857141494751,3.3064604999963194,0,0.0,
1872,2246,advantage middlegame pin short,34,42,e3g3,False,0.026257707337394163,3,0.9378970265388489,h6g6,True,0.8114285469055176,7.67269550007768,0,0.0,
1874,2054,attraction crushing deflection endgame veryLong,54,43,f4f7,False,0.15912369097350368,2,0.9793806672096252,d3d4,True,0.9528571367263794,4.895032300031744,0,0.0,
1876,1905,crushing middlegame pin short,53,52,e8e2,False,0.17125140996506788,3,0.8516393899917603,a6b7,True,0.9257143139839172,3.926227700081654,0,0.0,
1878,1958,crushing endgame skewer veryLong,61,23,b6b2,True,0.9704797212999146,1,0.9566056132316589,b6b2,True,0.9971428513526917,5.718514599953778,0,0.0,
1880,1904,bishopEndgame endgame mate mateIn2 short,89,17,c8g4,False,0.3412132127304847,2,0.8751120567321777,c8b7,True,0.977142870426178,0.3875656999880448,0,0.0,
1882,2236,crushing deflection long master middlegame,43,36,h5g3,True,0.6548699232096795,1,0.8647076487541199,h5g3,True,0.9828571677207947,3.8223242999520153,0,0.0,
1884,2031,endgame mate mateIn2 short,56,36,c5b6,False,0.09889501238028689,3,0.9913480877876282,c5a7,True,0.954285740852356,0.8538755000336096,0,0.0,
1886,2098,crushing endgame short trappedPiece,75,19,b6c4,False,0.00932193891255822,8,0.5405582189559937,c6c5,False,0.0,6.486059400020167,0,0.0,
1888,2016,crushing endgame hangingPiece quietMove veryLong,72,6,h7g8,True,0.9224018279178006,1,0.3693704903125763,h7g8,True,0.9942857027053833,4.791947199963033,0,0.0,
1890,1983,advantage discoveredAttack long middlegame pin,52,25,g2h2,False,0.43971406892254283,2,0.933017373085022,g2h3,True,0.9814285635948181,4.538988300017081,0,0.0,
1892,1988,advantage discoveredAttack master middlegame short,28,40,c3d5,True,0.3188849348834762,1,0.4170377552509308,c3d5,True,0.9700000286102295,4.534726099926047,0,0.0,
1894,1951,crushing endgame hangingPiece long,70,39,f3f6,True,0.6181003626613092,1,0.9482327699661255,f3f6,True,0.9800000190734863,3.336503400001675,0,0.0,
1896,2053,crushing endgame long master sacrifice,84,46,c1c8,False,0.10139592918161568,2,0.9944860935211182,e5f7,True,0.9628571271896362,4.741708099958487,0,0.0,
1898,2002,deflection endgame mate mateIn2 short,58,31,a4e8,True,0.9965939774746931,1,0.8661115169525146,a4e8,True,0.9985714554786682,0.3814894000533968,0,0.0,
1900,1978,cornerMate endgame mate mateIn2 short,66,32,e7g7,False,0.4940148528073525,2,0.9985477328300476,e7e8,True,0.977142870426178,0.5293876000214368,0,0.0,
1902,1929,advantage fork long middlegame quietMove,58,45,h5f6,False,0.011935065366688657,2,0.8774488568305969,h5f6,False,0.3271428644657135,5.343603100045584,0,0.0,
1904,2256,crushing fork middlegame short,36,47,f3f6,False,0.21744749747500747,2,0.9480984210968018,c5e7,True,0.9557142853736877,4.7737466000253335,0,0.0,
1906,1963,attraction crushing endgame fork veryLong,72,18,a1a8,True,0.9871878508556,1,0.9613491892814636,a1a8,True,0.9985714554786682,3.3915863999864087,0,0.0,
1908,2039,advantage fork long middlegame,27,33,c5d4,True,0.5144243539484064,1,0.5752524733543396,c5d4,True,0.9800000190734863,6.579990300000645,0,0.0,
1910,2068,endgame mate mateIn2 short,71,20,c7c6,False,0.0029635680508614333,6,0.9333401918411255,e7d7,False,0.0,7.537759799975902,0,0.0,
1912,2212,advantage discoveredAttack middlegame short,39,43,d6c7,True,0.8607687327328304,1,0.8870626091957092,d6c7,True,0.7357142567634583,6.661303300061263,0,0.0,
1914,1981,advantage defensiveMove hangingPiece long master middlegame,51,50,d6d1,False,0.41691407452993823,2,0.8931280374526978,c3e2,True,0.9814285635948181,5.044036200037226,0,0.0,
1916,2159,advantage discoveredAttack discoveredCheck middlegame short,50,34,h5g3,True,0.4061879269605545,1,0.6631975173950195,h5g3,True,0.9671428799629211,4.417938099941239,0,0.0,
1918,2248,attraction crushing kingsideAttack middlegame sacrifice short,54,42,g1g7,True,0.896969881801981,1,0.7250849008560181,g1g7,True,0.9942857027053833,5.122720899991691,0,0.0,
1920,1924,bishopEndgame crushing endgame quietMove sacrifice short,80,9,g2f3,False,0.012768462249897793,4,0.7728086113929749,h4h5,True,0.39714285731315613,7.4626800999976695,0,0.0,
1922,2006,advantage middlegame pin short,39,41,g7d4,False,0.1742487875658083,2,0.8273272514343262,g7h6,True,0.9714285731315613,5.012019900023006,0,0.0,
1924,2022,endgame long mate mateIn3,84,31,d5d8,False,0.0664256870022532,3,0.9815789461135864,d5d6,True,0.9314285516738892,0.8277765000239015,0,0.0,
1926,1978,clearance crushing defensiveMove long middlegame sacrifice,57,4,f7e8,False,0.21422385389754606,3,0.7318617701530457,f7e6,True,0.9442856907844543,4.191663300036453,0,0.0,
1928,2031,advantage long master middlegame pin,45,30,c8c6,True,0.8204722287698687,1,0.5583640933036804,c8c6,True,0.9528571367263794,6.234361600014381,0,0.0,
1930,1910,advantage discoveredAttack middlegame short,43,39,f8e8,False,0.015562422406289743,4,0.7428795099258423,d7f6,True,0.5699999928474426,6.522437599953264,0,0.0,
1932,1932,attraction endgame exposedKing long mate mateIn3,74,27,g2g7,True,0.9937490082504886,1,0.942929744720459,g2g7,True,0.9985714554786682,0.971588300075382,0,0.0,
1934,2128,advancedPawn crushing endgame long rookEndgame sacrifice,122,14,g8f8,False,0.0015303359703221426,8,0.9795088171958923,g8f8,False,0.0,6.51052010001149,0,0.0,
1936,2222,crushing endgame hangingPiece rookEndgame short,80,11,d2e1,False,0.11873155202974399,2,0.7141607999801636,d6d8,True,0.7514285445213318,6.246718899928965,0,0.0,
1938,2187,attraction fork long mate mateIn3 middlegame sacrifice,55,44,c7c2,False,0.0203503477061298,7,0.9465119242668152,b8b1,True,0.5414285659790039,4.683383700088598,0,0.0,
1940,2011,attraction crushing endgame long sacrifice skewer,74,29,g4e3,False,0.0004649888498203517,11,0.9735208749771118,g4e3,False,0.0,4.962535300059244,0,0.0,
1942,2131,crushing fork middlegame short,47,36,c5f2,True,0.6678064897254249,1,0.9405043125152588,c5f2,True,0.9871428608894348,3.4460022000130266,0,0.0,
1944,2297,crushing fork middlegame short,56,38,f5h5,True,0.29003966761237643,1,0.9320093393325806,f5h5,True,0.9557142853736877,4.647536600008607,0,0.0,
1946,2089,advantage long middlegame pin,36,38,f5f6,True,0.39134198855891045,1,0.9496073722839355,f5f6,True,0.8942857384681702,4.875879100058228,0,0.0,
1948,2334,advantage exposedKing fork long middlegame pin,61,35,c5c2,True,0.9583040971426687,1,0.9708278775215149,c5c2,True,0.9900000095367432,4.87597769999411,0,0.0,
1950,2239,advantage endgame master rookEndgame trappedPiece veryLong,74,19,e3e4,True,0.9548372501331298,1,0.8944622874259949,e3e4,True,0.8242856860160828,5.6163632000098005,0,0.0,
1952,2104,advantage defensiveMove fork long middlegame,23,45,e5f3,False,0.04202689512359351,3,0.7256245613098145,b2b4,True,0.9014285802841187,7.809111199923791,0,0.0,
1954,2113,crushing exposedKing fork long middlegame sacrifice,44,2,g1h2,True,0.6066441110200392,1,0.38357943296432495,g1h2,True,0.9828571677207947,4.676945799961686,0,0.0,
1956,2297,crushing defensiveMove deflection endgame veryLong,90,14,h5h6,True,0.9854069669315528,1,0.9438934326171875,h5h6,True,0.9971428513526917,6.293073500040919,0,0.0,
1958,2339,endgame long mate mateIn3,75,32,f4e3,False,0.004586221909498726,10,0.9775802493095398,f4e3,False,0.0,5.674608699977398,0,0.0,
1960,1922,crushing discoveredAttack master middlegame short,62,42,e3f4,True,0.3378243832312993,1,0.9581781029701233,e3f4,True,0.9757142663002014,6.181345699937083,0,0.0,
1962,2195,crushing fork long middlegame,55,35,a5b3,False,0.04269878931096279,3,0.9185035824775696,e7g5,False,0.015714285895228386,7.972430300083943,0,0.0,
1964,2024,advantage fork long middlegame,60,34,b7a7,False,0.0063718781595519846,3,0.7516586184501648,b7a7,False,0.0,5.202605099999346,0,0.0,
1966,1943,advantage attraction kingsideAttack long middlegame,42,37,e1e8,True,0.990214177859443,1,0.8722355961799622,e1e8,True,0.9985714554786682,5.445638500037603,0,0.0,
1968,2195,crushing defensiveMove endgame master pin queenEndgame short,78,23,f4h6,False,0.00259435545680068,11,0.9923798441886902,g3h3,False,0.0,4.795179899898358,0,0.0,
1970,2036,advantage endgame long trappedPiece,87,29,e8e3,True,0.5788135614627896,1,0.9080504179000854,e8e3,True,0.9828571677207947,5.150358699960634,0,0.0,
1972,2001,advantage hangingPiece middlegame short,19,41,f6d5,True,0.6717169708221656,1,0.4816768169403076,f6d5,True,0.9871428608894348,5.308647400001064,0,0.0,
1974,1914,advancedPawn advantage attraction middlegame queensideAttack veryLong,52,43,c6b7,True,0.7613420150795895,1,0.8377520442008972,c6b7,True,0.9900000095367432,4.254223600029945,0,0.0,
1976,2268,advantage endgame fork long,41,33,d5c3,True,0.968879425345934,1,0.7827360033988953,d5c3,True,0.9971428513526917,5.774454499944113,0,0.0,
1978,2025,advantage discoveredAttack middlegame short,39,42,f4h3,True,0.9580172428540809,1,0.9474486708641052,f4h3,True,0.7685714364051819,7.116783699952066,0,0.0,
1980,2262,advantage castling discoveredAttack discoveredCheck master middlegame short,30,32,a1d1,False,0.1716399487486023,2,0.6887246370315552,e1c1,True,0.9628571271896362,4.974738700082526,0,0.0,
1982,2172,advantage deflection fork master middlegame short,59,43,f8f1,False,0.16487667012229879,2,0.936964750289917,g4f2,True,0.5785714387893677,5.826193600078113,0,0.0,
1984,1967,crushing discoveredAttack kingsideAttack long middlegame pin,40,50,d5f6,False,0.3601994344303092,2,0.9972995519638062,d5e7,True,0.9671428799629211,1.1762190000154078,0,0.0,
1986,2075,backRankMate deflection mate mateIn5 middlegame sacrifice veryLong xRayAttack,52,45,d5e7,False,0.0006598433954244413,5,0.9856410026550293,e1e8,False,0.0,2.3902450000168756,0,0.0,
1988,2073,advancedPawn crushing defensiveMove endgame long sacrifice,52,25,e5f6,True,0.5263797881877025,1,0.9870833158493042,e1e4,False,0.05285714194178581,6.053617800003849,0,0.0,
1990,2151,advantage endgame long pin quietMove,57,37,e4d2,True,0.6834316888199031,1,0.9488851428031921,e4d2,True,0.9071428775787354,8.71627219999209,0,0.0,
1992,2058,advantage defensiveMove hangingPiece middlegame short,49,33,d4a1,True,0.9349518778702631,1,0.6088927984237671,d4a1,True,0.9957143068313599,4.618024499970488,0,0.0,
1994,2081,endgame mate mateIn2 short,62,42,b3g3,True,0.975492451923387,1,0.9864435195922852,b3g3,True,0.9985714554786682,0.36867250001523644,0,0.0,
1996,1911,deflection kingsideAttack long mate mateIn3 middlegame pillsburysMate,34,54,h5f7,True,0.9027399931318213,1,0.9841607809066772,h5f7,True,0.9885714054107666,0.46284190006554127,0,0.0,
1998,2197,advantage fork long middlegame,64,36,e5g6,False,0.15358751441335627,3,0.9813291430473328,f1f4,True,0.9085714221000671,7.482980499975383,0,0.0,
2000,2091,crushing endgame master masterVsMaster short trappedPiece,98,20,d7f6,False,0.004300726983204799,4,0.9481561779975891,d7f6,False,0.0,5.1864988000597805,0,0.0,
2002,2162,crushing endgame pin veryLong,70,31,e6h6,False,0.04369385380474882,4,0.9714280962944031,e6c6,True,0.8600000143051147,5.888239399995655,0,0.0,
2004,2040,crushing discoveredAttack long middlegame,37,36,f6g4,True,0.9648828588411394,1,0.9843667149543762,f6g4,True,0.9957143068313599,5.290838600019924,0,0.0,
2006,1979,attraction crushing exposedKing fork long middlegame,79,30,d2f3,False,0.06016308331310657,2,0.8202149271965027,g3g1,True,0.9314285516738892,5.7111021999735385,0,0.0,
2008,2172,advantage discoveredAttack discoveredCheck endgame quietMove veryLong,55,25,g7g2,True,0.929087091975953,1,0.9725427627563477,g7g2,True,0.9971428513526917,1.3088831000495702,0,0.0,
2010,2307,crushing endgame interference sacrifice veryLong,65,41,c3c1,False,0.08184441154363228,3,0.9856345057487488,g4g2,True,0.8799999952316284,4.816128000034951,0,0.0,
2012,2178,crushing endgame fork long,90,20,d7f7,False,0.03254655627068901,3,0.8991551399230957,d7g4,False,0.17428570985794067,6.253231500042602,0,0.0,
2014,2283,crushing middlegame sacrifice veryLong,31,37,d4f3,False,0.06120554808030289,3,0.9165934920310974,g6f4,True,0.9328571557998657,2.458541600033641,0,0.0,
2016,2272,advantage deflection endgame master short,83,20,h3h6,False,0.11230787144093576,2,0.3595540225505829,h3f3,True,0.6757143139839172,5.833007799927145,0,0.0,
2018,2217,advancedPawn advantage endgame fork veryLong,65,20,c2c1,True,0.919235954897954,1,0.990920901298523,c2c1,True,0.9957143068313599,7.13390769995749,0,0.0,
2020,2048,crushing endgame long sacrifice,54,35,f4b4,True,0.9347188962491555,1,0.9694212675094604,f4b4,True,0.9942857027053833,8.236857600044459,0,0.0,
2022,2079,crushing defensiveMove hangingPiece middlegame short,48,43,c6a8,True,0.6576717653510877,1,-0.08558377623558044,c6a8,True,0.9614285826683044,3.7147595999995247,0,0.0,
2024,2332,advantage discoveredAttack long middlegame,28,36,c3b5,True,0.6679699213014049,1,0.9630535840988159,c3b5,True,0.9814285635948181,5.593770199920982,0,0.0,
2026,1906,crushing fork long middlegame,34,38,d4f5,True,0.3786898737703416,1,0.8520330190658569,d4f5,True,0.9628571271896362,4.577979399939068,0,0.0,
2028,2174,crushing middlegame pin queensideAttack veryLong,28,41,d4a7,True,0.6303615308401834,1,0.8994388580322266,d4a7,True,0.9728571176528931,7.69152390002273,0,0.0,
2030,2083,crushing discoveredAttack discoveredCheck middlegame sacrifice veryLong,44,32,g5e6,False,0.011180096489215745,3,0.5572192668914795,g3c3,False,0.23999999463558197,7.2117255999473855,0,0.0,
2032,2183,crushing fork master middlegame short,35,36,h8h1,False,0.015106706266998414,3,0.965846598148346,f4e4,True,0.5542857050895691,7.057589700096287,0,0.0,
2034,2345,advantage fork master middlegame veryLong,69,38,c8c4,False,0.28292393663905324,2,0.8862574696540833,e7b4,False,0.1371428519487381,6.978138899896294,0,0.0,
2036,2078,deflection long mate mateIn3 middlegame,46,39,d3f5,False,0.09638162279319144,3,0.9852023124694824,d3f5,False,0.02857142873108387,7.366908899974078,0,0.0,
2038,2083,crushing endgame long master pin,84,28,h1g1,True,0.7175177919827024,1,0.9460633993148804,h1g1,True,0.5314285755157471,5.536329100024886,0,0.0,
2040,1917,advantage deflection middlegame short,49,36,g7f7,True,0.6885929016896316,1,0.15459904074668884,g7f7,True,0.9814285635948181,5.148293399950489,0,0.0,
2042,1959,advantage deflection long middlegame,64,44,d6g6,True,0.38160787960976766,1,0.9438586831092834,d6g6,True,0.9785714149475098,4.413506699958816,0,0.0,
2044,2030,crushing endgame hangingPiece long,56,36,f3a8,True,0.4652745048877139,1,0.9392948150634766,f3a8,True,0.9785714149475098,3.8522088000318035,0,0.0,
2046,2221,advantage long middlegame pin,69,30,c8c7,False,0.010926073756178312,5,0.9392219185829163,g5g2,False,0.027142856270074844,5.581877700053155,0,0.0,
2048,2037,endgame mate mateIn2 rookEndgame short,73,27,d4a4,True,0.8025151560812602,1,0.9848572015762329,d4a4,True,0.9928571581840515,0.4947944999439642,0,0.0,
2050,2193,crushing kingsideAttack master middlegame pin sacrifice veryLong,48,34,b2b3,False,0.03616388339389911,4,0.7342966794967651,b2b3,False,0.0028571428265422583,5.917532299994491,0,0.0,
2052,2107,advantage fork hangingPiece long middlegame,46,41,b3e6,True,0.9482480300587273,1,0.8015185594558716,b3e6,True,0.9928571581840515,6.893931999919005,0,0.0,
2054,2018,advancedPawn crushing endgame pin short,62,38,b4f8,False,0.14112990447799711,2,0.9558654427528381,e6e7,True,0.9614285826683044,1.7164026000536978,0,0.0,
2056,2281,advantage defensiveMove discoveredAttack middlegame veryLong,38,5,d2e2,True,0.8375113709640449,1,0.99102783203125,d2e2,True,0.9814285635948181,7.185479399980977,0,0.0,
2058,2104,advantage middlegame pin short,54,38,e5b5,False,0.00022150273470263195,10,0.9819737672805786,e5b5,False,0.0,6.2636775999562815,0,0.0,
2060,1935,crushing kingsideAttack middlegame pin short,42,41,h6g6,True,0.9476341535559569,1,0.7536534070968628,h6g6,True,0.9957143068313599,2.3419504000339657,0,0.0,
2062,1992,crushing endgame pin veryLong,67,34,h2h1,True,0.9101153505254665,1,0.9655492305755615,h2h1,True,0.9957143068313599,4.428475799970329,0,0.0,
2064,1975,advantage hangingPiece long middlegame pin,70,39,e6g7,True,0.9962793785489563,1,0.9709940552711487,e6g7,True,0.9971428513526917,8.568194000050426,0,0.0,
2066,1998,crushing deflection endgame rookEndgame veryLong,74,16,c3c7,True,0.35940022021155177,1,0.914363443851471,c3c7,True,0.9728571176528931,5.425731800030917,0,0.0,
2068,1952,crushing endgame long pin,75,33,g2g8,False,0.14602369733590337,3,0.8648214340209961,g2g4,True,0.9671428799629211,1.6562940999865532,0,0.0,
2070,2062,advantage defensiveMove long opening sacrifice,27,3,e8f7,True,0.4904768477245843,1,0.17058676481246948,e8f7,True,0.9828571677207947,3.8852692999644205,0,0.0,
2072,1908,exposedKing long mate mateIn3 middlegame,40,45,c4f7,False,0.11040414581376529,3,0.8231286406517029,g7g8,True,0.9571428298950195,1.236367099918425,0,0.0,
2074,2180,attraction crushing middlegame sacrifice veryLong,39,35,b8b2,True,0.7792398884474776,1,0.9791101217269897,b8b2,True,0.9014285802841187,5.915913000004366,0,0.0,
2076,2233,crushing long middlegame xRayAttack,43,39,e6e1,False,0.023244980898064482,3,0.9315993189811707,f8c8,True,0.6528571248054504,6.174725800054148,0,0.0,
2078,2309,advantage long middlegame sacrifice trappedPiece,29,26,f5e4,True,0.45089638377176583,1,0.6865929961204529,f5e4,True,0.9728571176528931,6.982391699915752,0,0.0,
2080,2177,advantage defensiveMove exposedKing long middlegame pin,83,3,g7f8,True,0.4154894899352064,1,0.9631295800209045,g7f8,True,0.9828571677207947,3.033305599936284,0,0.0,
2082,2173,capturingDefender crushing middlegame short,49,54,d6d1,False,0.005121693022685637,3,0.9374392628669739,d6d1,False,0.0,5.098310600034893,0,0.0,
2084,2193,crushing discoveredCheck doubleCheck middlegame veryLong,43,35,e5g4,False,0.09556723173562809,2,0.9470472931861877,e5f3,True,0.75,7.550316600012593,0,0.0,
2086,2182,crushing discoveredAttack endgame long,75,26,h4g3,False,0.1899773696737164,3,0.9337652921676636,f2g3,True,0.9671428799629211,4.135597700020298,0,0.0,
2088,2238,advantage long middlegame sacrifice,68,39,f3f8,True,0.8934759337959051,1,0.46949371695518494,f3f8,True,0.9957143068313599,4.29890679998789,0,0.0,
2090,2220,attraction discoveredCheck doubleCheck mate mateIn4 middlegame sacrifice veryLong,46,32,g1g7,True,0.9922754259365447,1,0.9800776243209839,g1g7,True,0.9985714554786682,0.7017661000136286,0,0.0,
2092,2144,advancedPawn crushing endgame master promotion skewer veryLong,98,21,h2h1,False,0.05968457654146627,3,0.8866392374038696,h7h8q,True,0.6971428394317627,7.109552399953827,0,0.0,
2094,1946,advantage master middlegame pin short,33,41,b4c3,False,0.0035645429279699535,15,0.041458860039711,b4c3,False,0.0,4.505923199933022,0,0.0,
2096,2307,advantage fork long middlegame,33,49,e3d4,False,0.044465495223682316,3,0.7802839875221252,g4f3,True,0.9171428680419922,5.964769599959254,0,0.0,
2098,2009,advantage attraction deflection fork long opening sacrifice,18,39,d1d8,True,0.6259444610523364,1,0.8261721730232239,d1d8,True,0.9742857217788696,5.889798399992287,0,0.0,
2100,2220,crushing deflection discoveredAttack kingsideAttack middlegame veryLong,24,51,d3h7,True,0.9804386011000737,1,0.9754899740219116,d3h7,True,0.9728571176528931,5.269761900068261,0,0.0,
2102,2206,crushing discoveredAttack endgame long pin,76,34,d7f5,False,0.00022786670060330686,6,0.8837423324584961,d7f5,False,0.0,5.194418499944732,0,0.0,
2104,1961,crushing fork middlegame sacrifice veryLong,45,37,b7g2,True,0.5703951962199345,1,0.32572662830352783,b7g2,True,0.9842857122421265,5.184170999913476,0,0.0,
2106,1965,advantage discoveredAttack endgame veryLong,81,5,f8g8,False,0.0002467155788186533,5,-0.6182135939598083,f8g8,False,0.0,3.9046650999225676,0,0.0,
2108,2228,crushing endgame fork long,108,21,e7f5,False,0.034937590963278226,2,0.6869035959243774,e7g8,True,0.8757143020629883,3.862798999994993,0,0.0,
2110,1909,mate mateIn2 middlegame queensideAttack sacrifice short,39,47,e5b2,False,0.01970601864424109,3,0.9697996377944946,b4a2,True,0.7014285922050476,1.9277197000337765,0,0.0,
2112,2340,advantage deflection discoveredCheck doubleCheck middlegame short,64,47,e4f6,True,0.9902317380311275,1,0.8811367154121399,e4f6,True,0.9985714554786682,7.089386800071225,0,0.0,
2114,1989,advantage defensiveMove middlegame pin short,48,3,f1f2,False,0.4640513480357725,2,0.6435620188713074,g1h1,True,0.9814285635948181,5.112248699995689,0,0.0,
2116,2132,attraction clearance crushing defensiveMove long middlegame sacrifice,43,38,e6a2,True,0.7344727321697346,1,0.8614361882209778,e6a2,True,0.9828571677207947,4.535871800035238,0,0.0,
2118,2144,deflection endgame long mate mateIn3 morphysMate sacrifice,69,38,f8f1,True,0.9557865898950871,1,0.970097005367279,f8f1,True,0.9957143068313599,0.530652999994345,0,0.0,
2120,2108,advantage endgame fork veryLong,64,27,h6f7,False,0.027488372881247312,2,0.9811205267906189,h6f7,False,0.0014285714132711291,6.093991199973971,0,0.0,
2122,2033,bishopEndgame crushing endgame long skewer,111,12,f4f3,False,0.1611062522533608,3,0.8664101958274841,d1g4,True,0.8885714411735535,6.038367599947378,0,0.0,
2124,2088,advantage collinearMove discoveredAttack discoveredCheck middlegame veryLong,56,47,e2c4,False,0.004342856862486902,6,0.9959925413131714,e2c4,False,0.0,7.101587100070901,0,0.0,
2126,1919,crushing endgame long queenEndgame skewer,118,28,b5e5,True,0.8254640344028901,1,0.47189319133758545,b5e5,True,0.9900000095367432,5.140971299959347,0,0.0,
2128,2004,crushing exposedKing kingsideAttack long middlegame pin,58,43,e7g6,False,0.01231250332258217,6,0.9146978259086609,d2g5,True,0.35285714268684387,7.500768900034018,0,0.0,
2130,1994,crushing endgame fork long,78,29,e7g5,False,0.278598763025981,2,0.9911276698112488,f4g5,True,0.9300000071525574,4.093122499994934,0,0.0,
2132,1969,crushing long middlegame pin,56,54,c5g5,True,0.9449489146497704,1,0.6686691045761108,c5g5,True,0.9957143068313599,3.4093391000060365,0,0.0,
2134,1990,advantage discoveredAttack discoveredCheck endgame long sacrifice skewer,94,22,h6g5,False,0.14843549388821567,3,0.9316684603691101,f4f5,True,0.9571428298950195,4.394101899932139,0,0.0,
2136,1923,advantage hangingPiece master middlegame short,47,40,h7e4,True,0.7232325914057426,1,0.9952897429466248,h7e4,True,0.9842857122421265,6.603231400018558,0,0.0,
2138,2328,attraction crushing defensiveMove endgame veryLong,58,33,c3e3,False,0.18120111163707997,3,0.9873277544975281,c3e3,False,0.09000000357627869,5.399145900039002,0,0.0,
2140,1939,crushing fork long middlegame,39,44,e7e1,False,0.43643520502433725,2,0.9607676863670349,e7d7,True,0.9785714149475098,4.504007300012745,0,0.0,
2142,1916,endgame mate mateIn2 short vukovicMate,84,17,d7f6,True,0.9691680943139902,1,0.9610031247138977,d7f6,True,0.9971428513526917,0.4071624999633059,0,0.0,
2144,1932,mate mateIn2 middlegame pillsburysMate short,57,34,e8e5,False,0.01640429036715757,4,0.9592818021774292,b7f3,True,0.6000000238418579,2.174992199987173,0,0.0,
2146,2092,advantage fork long master middlegame,31,42,e4c3,True,0.8224086606491965,1,0.9077078700065613,e4c3,True,0.9871428608894348,4.422834800090641,0,0.0,
2148,2134,advantage fork middlegame pin veryLong,34,36,e2b5,True,0.903375177266031,1,0.4076346755027771,e2b5,True,0.46000000834465027,6.948547299951315,0,0.0,
2150,2046,crushing endgame skewer veryLong,67,25,h3f5,False,0.16768838535406197,2,0.27712729573249817,h3f1,True,0.9471428394317627,6.1060920000309125,0,0.0,
2152,1951,advantage attraction master middlegame veryLong,31,42,a3e3,True,0.33900088780008364,1,0.8544694185256958,a3e3,True,0.9700000286102295,6.131230399943888,0,0.0,
2154,2091,crushing discoveredAttack exposedKing kingsideAttack long middlegame,44,41,h6g7,True,0.9006530047883732,1,0.6373552083969116,h6g7,True,0.9885714054107666,6.851134399999864,0,0.0,
2156,2253,advantage discoveredAttack endgame long master,58,32,e4f6,False,0.0005354915841047906,7,0.9582789540290833,f3f4,False,0.0,4.81612829992082,0,0.0,
2158,2121,advantage attraction long master middlegame,47,34,f4e3,False,0.37366514744628493,2,0.9176505208015442,d8d1,True,0.9614285826683044,5.358213600004092,0,0.0,
2160,2083,attraction crushing long middlegame,52,34,e5e6,False,0.3935119209309325,2,0.8127733469009399,h7f5,True,0.9614285826683044,5.52236439997796,0,0.0,
2162,2056,crushing defensiveMove deflection endgame rookEndgame veryLong,111,17,e5e2,True,0.9903777623137542,1,0.9316612482070923,e5e2,True,0.9985714554786682,4.203197099966928,0,0.0,
2164,2044,crushing endgame pin short,93,25,h3h1,False,0.0007003199648145358,9,0.7978174090385437,h3h1,False,0.0,4.433981099980883,0,0.0,
2166,2134,fork long mate mateIn3 middlegame,53,35,g7g6,False,0.19121338630500126,2,-0.3491683006286621,g4h6,True,0.9742857217788696,0.7627417000476271,0,0.0,
2168,2015,advantage fork long middlegame,29,39,e4d2,True,0.5819625648098541,1,0.7890422940254211,e4d2,True,0.9642857313156128,4.134582900092937,0,0.0,
2170,2197,advancedPawn advantage kingsideAttack middlegame sacrifice short,45,51,a8a5,False,0.3374406721899981,2,0.9838472604751587,a8a5,False,0.3328571319580078,6.579063100041822,0,0.0,
2172,2322,advantage long middlegame pin sacrifice,59,40,d8d4,True,0.5212973533254527,1,0.4367399215698242,d8d4,True,0.6800000071525574,8.271241499925964,0,0.0,
2174,1900,advantage fork middlegame short,53,36,h5g5,False,0.32616831101422544,2,0.9377102255821228,h5g6,True,0.9599999785423279,5.3914503999985754,0,0.0,
2176,2182,crushing discoveredAttack discoveredCheck endgame long,55,30,e3e1,False,0.05465323105404596,2,0.9951986074447632,b4c5,True,0.9442856907844543,4.3710949999513105,0,0.0,
2178,1908,kingsideAttack mate mateIn2 middlegame short,45,42,g4h3,True,0.8748497803486295,1,0.9411473274230957,g4h3,True,0.9957143068313599,0.5051165000768378,0,0.0,
2180,2050,advantage defensiveMove endgame fork long,71,35,g5h5,False,0.1821851720024122,2,0.9813340306282043,c3g3,True,0.9614285826683044,3.1896314999321476,0,0.0,
2182,1965,advantage interference middlegame short,47,41,g5g2,True,0.6612121432547918,1,0.9693922400474548,g5g2,True,0.9842857122421265,5.297876799944788,0,0.0,
2184,2123,advantage intermezzo long middlegame sacrifice,59,28,b7c6,True,0.4414394955287038,1,0.820574164390564,b7c6,True,0.9800000190734863,4.144920699996874,0,0.0,
2186,2037,mate mateIn2 middlegame queensideAttack sacrifice short,71,45,c3b3,True,0.9940078847250081,1,0.9943462610244751,c3b3,True,0.9985714554786682,0.21843789995182306,0,0.0,
2188,2243,attraction crushing endgame quietMove sacrifice veryLong,54,41,h5f7,False,0.261093369450766,2,0.9524222612380981,f4g4,False,0.05999999865889549,6.982130900025368,0,0.0,
2190,2025,crushing deflection endgame master rookEndgame short,96,16,a2a3,True,0.540545204251105,1,0.7737603783607483,a2a3,True,0.9757142663002014,3.769191400031559,0,0.0,
2192,2005,advantage master middlegame short trappedPiece,43,41,h5d1,False,0.005232169592817002,7,0.880469560623169,h5d1,False,0.0,5.315833600005135,0,0.0,
2194,2209,crushing fork middlegame sacrifice veryLong,46,45,d7d8,True,0.7531920237372642,1,0.9797462224960327,d7d8,True,0.977142870426178,5.437314999988303,0,0.0,
2196,2086,advantage discoveredAttack discoveredCheck exposedKing middlegame veryLong,49,44,f8f4,False,0.3477924859527926,2,0.9493708610534668,c7f4,True,0.9585714340209961,5.110262000001967,0,0.0,
2198,2147,advantage fork interference intermezzo long middlegame,51,43,c5b3,False,0.07421222551933629,2,0.9135154485702515,c5d3,True,0.954285740852356,5.276803700020537,0,0.0,
2200,2220,advantage attraction discoveredAttack middlegame pin veryLong,36,45,b7e7,False,0.32262085473319185,2,0.9824591875076294,b7e7,False,0.07571428269147873,4.984446799964644,0,0.0,
2202,2139,blindSwineMate clearance endgame mate mateIn2 quietMove short,55,22,a4a3,False,1.0471168366572015e-05,13,0.984785795211792,a4a3,False,0.0,5.470845100004226,0,0.0,
2204,2060,advancedPawn bishopEndgame crushing endgame hangingPiece long promotion,100,18,e6e7,False,0.22806423804547138,2,0.9338265657424927,e4b7,True,0.8214285969734192,4.3337676000082865,0,0.0,
2206,2256,advantage clearance long middlegame sacrifice,28,49,g5f6,False,0.1693595832304488,2,0.93345707654953,e1e7,True,0.6842857003211975,5.516402499983087,0,0.0,
2208,1927,advantage fork opening short,25,30,d8a5,False,0.03987639279270971,4,0.5066063404083252,d8d5,True,0.8899999856948853,6.67949090001639,0,0.0,
2210,2098,crushing middlegame pin short,50,43,h6g5,True,0.9408341223986817,1,0.9159482717514038,h6g5,True,0.9814285635948181,6.077354400069453,0,0.0,
2212,1926,advantage defensiveMove middlegame pin veryLong,57,4,g8f7,False,0.1605927329772913,3,0.8742956519126892,g8h7,True,0.8642857074737549,7.0948379000183195,0,0.0,
2214,2266,crushing discoveredAttack long middlegame,47,35,c8b7,True,0.5676651745069413,1,0.4867856502532959,c8b7,True,0.9871428608894348,5.207849200000055,0,0.0,
2216,2083,advancedPawn advantage discoveredAttack endgame fork long master,66,38,f6f7,True,0.9933630102934161,1,0.9120445251464844,f6f7,True,0.9985714554786682,4.205975499935448,0,0.0,
2218,2010,advantage attraction endgame fork sacrifice veryLong,65,34,c2e3,True,0.9784206125123857,1,0.9412345290184021,c2e3,True,0.9957143068313599,7.448290899978019,0,0.0,
2220,2226,crushing deflection endgame fork long,42,45,e5d6,False,0.003346383681862804,5,0.9863853454589844,e5d6,False,0.0,6.355931600090116,0,0.0,
2222,2089,endgame long mate mateIn3 queenEndgame,111,28,f5d3,False,0.008112795634515006,3,0.806713342666626,f5d3,False,0.0,4.422033800045028,0,0.0,
2224,2025,advancedPawn advantage attraction deflection master middlegame queensideAttack short,53,33,b6e3,False,0.29972288956417054,2,0.9786677360534668,c3c2,True,0.868571400642395,6.824788199970499,0,0.0,
2226,2068,advantage middlegame pin sacrifice short,51,46,f8f3,True,0.34634874002260685,1,0.9406577944755554,f8f3,True,0.9614285826683044,6.0000495000276715,0,0.0,
2228,2061,endgame exposedKing long mate mateIn3,107,27,d4f3,True,0.6303856545004695,1,0.3580009341239929,d4f3,True,0.9842857122421265,0.4127562999492511,0,0.0,
2230,1967,advantage capturingDefender deflection endgame intermezzo long sacrifice,57,35,a4c2,True,0.5107434159169267,1,0.9092893600463867,a4c2,True,0.977142870426178,5.175156499957666,0,0.0,
2232,2126,crushing deflection long middlegame pin,51,37,h4h2,True,0.6452219311446972,1,0.9907248616218567,h4h2,True,0.9814285635948181,4.766320499940775,0,0.0,
2234,2215,advantage defensiveMove endgame hangingPiece quietMove veryLong,80,36,a6c8,True,0.6060053405158838,1,0.7723678946495056,a6c8,True,0.9828571677207947,7.593436699942686,0,0.0,
2236,2038,advancedPawn crushing endgame long promotion sacrifice,64,22,c5b6,True,0.48381636888956414,1,0.943183958530426,c5b6,True,0.7671428322792053,6.000757800065912,0,0.0,
2238,2317,advantage long middlegame pin quietMove,52,41,e1e3,True,0.6634772983452503,1,0.9114037156105042,e1e3,True,0.9828571677207947,1.1338797999778762,0,0.0,
2240,2250,advantage endgame fork short,118,33,f1f7,False,0.0010952352088174563,16,0.9842369556427002,e5e6,False,0.0,5.269502500072122,0,0.0,
2242,1957,advantage fork long middlegame,27,3,c8e6,True,0.7731495891464515,1,-0.288566529750824,c8e6,True,0.991428554058075,4.693626999971457,0,0.0,
2244,2179,advantage defensiveMove fork long opening,17,29,a8c8,True,0.6706099049047041,1,0.9476954340934753,a8c8,True,0.9885714054107666,5.241664699977264,0,0.0,
2246,1972,crushing discoveredAttack long middlegame,54,28,b5c6,True,0.6758080342793655,1,0.8484916687011719,b5c6,True,0.9900000095367432,4.887926899944432,0,0.0,
2248,2041,advantage intermezzo master opening pin veryLong,20,37,f4e5,False,0.352356878967126,2,0.8330678939819336,b5c6,True,0.7257142663002014,6.860000499989837,0,0.0,
2250,2273,advantage fork middlegame veryLong,39,38,f5g3,False,8.030966614216669e-05,5,0.9878826141357422,f5g3,False,0.0,6.764530099928379,0,0.0,
2252,1959,advantage clearance middlegame pin veryLong,69,32,e3h3,True,0.9226194661861252,1,0.9812997579574585,e3h3,True,0.9957143068313599,5.658687499933876,0,0.0,
2254,1940,advantage middlegame pin short,61,39,d5f4,False,0.0029833309905483857,10,0.9633932113647461,d5f4,False,0.0,0.5830804000142962,0,0.0,
2256,1975,advantage deflection endgame master short,78,37,c1h6,False,0.13921029419059083,2,0.9846169948577881,g1g7,True,0.9285714030265808,5.478272999986075,0,0.0,
2258,2177,advantage deflection endgame short,91,38,g4g1,False,0.1413253558517366,2,0.9820439219474792,d8d1,True,0.9300000071525574,4.762343100039288,0,0.0,
2260,1922,collinearMove crushing discoveredAttack discoveredCheck kingsideAttack middlegame short,49,33,g2f2,False,0.09599121378876284,3,0.9723101258277893,g2g4,True,0.9214285612106323,3.6983537999913096,0,0.0,
2262,1901,advantage endgame fork master short,65,46,d3f2,False,0.12548717058545522,3,0.9579739570617676,d3e1,True,0.9571428298950195,5.426823599962518,0,0.0,
2264,2075,crushing kingsideAttack middlegame pin sacrifice short,42,60,e1e8,False,0.003557377264787603,5,0.980550229549408,e1e8,False,0.0,4.559777199989185,0,0.0,
2266,1947,advantage discoveredCheck doubleCheck kingsideAttack long opening,24,44,e2c4,True,0.9462082970434748,1,0.453856498003006,e2c4,True,0.9957143068313599,4.935966099961661,0,0.0,
2268,2018,advantage deflection middlegame short,56,39,e6g5,False,0.05831684830070949,3,0.9894362092018127,h2h6,True,0.9314285516738892,6.0083449999801815,0,0.0,
2270,2138,advantage fork long middlegame pin,41,33,c3a2,False,0.00830179526686033,3,0.9605025053024292,c3a2,False,0.0,5.5033475999953225,0,0.0,
2272,2317,mate mateIn2 middlegame short,34,48,h4g4,True,0.8857275076430609,1,0.9819268584251404,h4g4,True,0.991428554058075,0.6745113999349996,0,0.0,
2274,2331,advantage collinearMove deflection discoveredAttack discoveredCheck fork middlegame sacrifice veryLong,56,35,f2f7,True,0.49237831154656436,1,0.8850124478340149,f2f7,True,0.9814285635948181,5.221128900069743,0,0.0,
2276,2291,advantage endgame long pin,69,30,c3c1,False,0.00016711960665713316,9,0.9875625371932983,c3c1,False,0.0,8.076706400024705,0,0.0,
2278,2232,crushing exposedKing fork long master middlegame,46,50,e5f7,False,0.3390686441545561,2,0.7858842611312866,e5g6,True,0.7928571701049805,7.590896000037901,0,0.0,
2280,2253,advantage middlegame quietMove sacrifice veryLong,48,42,e4f6,True,0.9977892172340401,1,0.9922189116477966,e4f6,True,0.9985714554786682,0.4804728999733925,0,0.0,
2282,2055,advantage long middlegame sacrifice,54,40,h6h8,False,0.00022527843960864116,31,0.8541244864463806,e2f2,False,0.0,6.442452499992214,0,0.0,
2284,2257,advantage endgame pin short,72,39,b7b8,True,0.9707984513758308,1,0.9734481573104858,b7b8,True,0.9485714435577393,5.435358399990946,0,0.0,
2286,2164,crushing discoveredAttack discoveredCheck fork long middlegame sacrifice,46,44,e6g5,True,0.214119827427573,1,0.9878063797950745,e6g5,True,0.9585714340209961,6.547292599920183,0,0.0,
2288,2202,advantage capturingDefender master masterVsMaster middlegame short,42,31,g3f4,False,0.016574566291231888,8,0.9899975061416626,e5e1,False,0.0014285714132711291,5.461682899971493,0,0.0,
2290,2132,crushing middlegame pin quietMove short,53,29,c7c3,False,0.010514259969766212,3,0.9666591286659241,c7c3,False,0.167142853140831,4.610050799907185,0,0.0,
2292,1934,advantage discoveredAttack master middlegame short,46,40,e4f6,True,0.9709318647056113,1,0.47703817486763,e4f6,True,0.9957143068313599,5.948697000043467,0,0.0,
2294,2050,advantage interference middlegame short,45,43,c8a6,True,0.9697813123562068,1,0.5020025968551636,c8a6,True,0.9328571557998657,6.488525199936703,0,0.0,
2296,2172,advantage endgame long pin,64,39,f5h5,True,0.7418365928103412,1,0.985200822353363,f5h5,True,0.949999988079071,4.869283500011079,0,0.0,
2298,1982,advantage defensiveMove fork long middlegame pin,57,46,e8e1,True,0.9812751328132268,1,0.9230639934539795,e8e1,True,0.9985714554786682,7.521224900032394,0,0.0,
2300,2333,advancedPawn crushing deflection endgame promotion rookEndgame veryLong,88,22,e7e5,True,0.7186646261362883,1,0.9844505786895752,d6d7,False,0.14000000059604645,4.843733499990776,0,0.0,
2302,2069,advantage fork middlegame veryLong,49,43,d5g2,True,0.7193959225157947,1,0.9948449730873108,d5g2,True,0.9814285635948181,4.2243662000400946,0,0.0,
2304,2307,advantage endgame fork short,66,38,d8d6,True,0.9056529052042658,1,0.7718826532363892,d8d6,True,0.9785714149475098,5.613799600047059,0,0.0,
2306,2064,advantage endgame long pin quietMove,57,24,b2c1,False,0.007788323285232941,8,0.9634221196174622,b2a2,False,0.0,5.603075199993327,0,0.0,
2308,1917,crushing endgame fork short,85,34,b2a3,True,0.3251337727303092,1,0.9414326548576355,b2a3,True,0.8942857384681702,4.383174500078894,0,0.0,
2310,2099,advantage endgame fork long pin sacrifice,65,28,f2g1,False,0.06756819722280304,5,0.35266774892807007,d5f3,True,0.9428571462631226,5.432244400028139,0,0.0,
2312,2005,crushing discoveredAttack discoveredCheck exposedKing long middlegame,44,34,d1d6,False,0.01157207260652285,3,0.9145927429199219,a3a4,False,0.0,4.484526199987158,0,0.0,
2314,2028,advancedPawn advantage discoveredAttack discoveredCheck long middlegame,74,52,d5d6,True,0.887359302995955,1,0.7893329858779907,d5d6,True,0.991428554058075,5.493206599960104,0,0.0,
2316,2260,crushing fork middlegame pin veryLong,18,27,e2b5,True,0.48725464115551315,1,0.4531571567058563,e2b5,True,0.9714285731315613,6.046534699969925,0,0.0,
2318,1980,crushing hangingPiece master middlegame short,54,2,g1g2,True,0.6569196796551912,1,0.10374592989683151,g1g2,True,0.9871428608894348,6.233027000096627,0,0.0,
2320,2149,advantage attraction endgame sacrifice skewer veryLong,67,30,f7g6,False,0.013033051245793448,2,0.9373517036437988,f7g6,False,0.004285714123398066,7.961434799944982,0,0.0,
2322,2256,advantage discoveredAttack long middlegame,48,34,a3b4,True,0.7725007907525463,1,0.5232352018356323,a3b4,True,0.9842857122421265,6.408649999997579,0,0.0,
2324,2333,advantage hangingPiece opening short,13,3,e8f7,True,0.8906527485179857,1,0.004042524378746748,e8f7,True,0.9957143068313599,5.242925400030799,0,0.0,
2326,2087,crushing middlegame pin short,40,44,d5f6,True,0.9337588870422439,1,0.8825053572654724,d5f6,True,0.7285714149475098,5.273249800084159,0,0.0,
2328,2098,attraction exposedKing kingsideAttack long mate mateIn3 middlegame,28,41,h6g7,True,0.7145980257379533,1,0.9249791502952576,h6g7,True,0.9857142567634583,0.6326519000576809,0,0.0,
2330,2111,crushing deflection endgame short,58,22,h4f5,False,0.22068195893062734,2,0.976498544216156,h4g6,True,0.6557142734527588,5.652527999947779,0,0.0,
2332,2200,crushing deflection endgame exposedKing long,58,41,e1e8,False,0.0007154617712712729,4,0.9854112863540649,e1e8,False,0.0,5.369027200038545,0,0.0,
2334,2072,advantage discoveredAttack discoveredCheck endgame short,96,2,h5g5,True,0.6703411082162511,1,0.8620471358299255,h5g5,True,0.9314285516738892,3.9081577999750152,0,0.0,
2336,2012,mate mateIn2 middlegame short,65,26,b6d5,True,0.8132150794825393,1,0.6716562509536743,b6d5,True,0.991428554058075,0.42378999991342425,0,0.0,
2338,2075,advantage middlegame pin short,80,37,h4g6,True,0.9929346292548272,1,0.9733828902244568,h4g6,True,0.9985714554786682,6.395382900023833,0,0.0,
2340,2106,cornerMate mate mateIn2 middlegame short,70,29,d1d8,False,0.17425304986350346,2,0.9215096831321716,g5h6,True,0.9314285516738892,0.7928807999705896,0,0.0,
2342,2125,advancedPawn advantage deflection endgame long promotion,74,10,c5d4,False,0.017671469911513967,2,0.8963456153869629,c5d4,False,0.0071428571827709675,5.962891399976797,0,0.0,
2344,2173,crushing endgame fork long pin,87,24,c3a5,False,0.19744440802763352,3,0.9558953046798706,c3d2,False,0.029999999329447746,4.936954000033438,0,0.0,
2346,2071,bishopEndgame crushing endgame quietMove trappedPiece veryLong,85,10,g7h7,False,0.011857352100705367,2,0.7144412398338318,g7h7,False,0.0014285714132711291,7.869792199926451,0,0.0,
2348,2132,attraction crushing middlegame short,33,41,d8a8,False,0.31684823963623415,2,0.8634628057479858,c6g2,True,0.9442856907844543,5.289083100040443,0,0.0,
2350,1995,crushing discoveredAttack fork middlegame veryLong,38,35,f4e5,True,0.8832621855788079,1,0.4986361265182495,f4e5,True,0.9942857027053833,3.8033817000687122,0,0.0,
2352,1921,advantage long middlegame pin,33,45,d7f5,False,0.07772800858130359,2,0.811008870601654,f6e4,True,0.9585714340209961,4.570999099989422,0,0.0,
2354,2177,advantage discoveredAttack long middlegame,40,35,e4f6,True,0.847521176309507,1,0.8815222382545471,e4f6,True,0.9599999785423279,5.118303900002502,0,0.0,
2356,2105,crushing endgame hangingPiece master rookEndgame short,85,8,d3e4,True,0.9166078787109039,1,0.6030988693237305,d3e4,True,0.9971428513526917,4.723695300053805,0,0.0,
2358,2027,crushing endgame long sacrifice skewer,51,32,h6g7,False,0.014848905057874888,2,0.8300364017486572,g8g4,True,0.522857129573822,5.187436699983664,0,0.0,
2360,2318,kingsideAttack long mate mateIn3 middlegame,36,48,d5e7,False,0.09370196674357059,2,0.9716189503669739,d5f6,True,0.9428571462631226,0.7515361000550911,0,0.0,
2362,1970,crushing endgame fork long,75,31,f8d6,True,0.8432876722038785,1,0.6005856990814209,f8d6,True,0.9628571271896362,4.926698000053875,0,0.0,
2364,2025,crushing deflection endgame long,65,29,g7g2,True,0.50540267477538,1,0.9811849594116211,g7g2,True,0.9728571176528931,4.328655700082891,0,0.0,
2366,1949,kingsideAttack master masterVsMaster mate mateIn2 middlegame pin short,30,40,h6h7,False,0.37192412992447854,2,0.8799003958702087,h5g6,True,0.9757142663002014,0.4983137999661267,0,0.0,
2368,2098,advantage endgame fork short,62,42,c1c7,False,0.10373424759707096,3,0.9121422171592712,d5b7,True,0.949999988079071,6.156240599928424,0,0.0,
2370,2097,long mate mateIn3 middlegame operaMate sacrifice,55,27,g4g3,False,0.4862532251796904,2,0.941715657711029,h5h3,True,0.9571428298950195,0.6726797000737861,0,0.0,
2372,2100,advantage middlegame sacrifice short,27,45,g4f3,False,0.018837786622665116,3,0.49618837237358093,e8e2,True,0.5842857360839844,5.937582999933511,0,0.0,
2374,2013,attraction crushing kingsideAttack middlegame sacrifice short,43,34,e5h2,True,0.9421271659428719,1,0.9282438158988953,e5h2,True,0.9957143068313599,3.808667700039223,0,0.0,
2376,2292,crushing endgame long skewer,150,25,b6b5,False,7.193663620407741e-05,20,0.7400164008140564,b6e6,False,0.0,4.73746780003421,0,0.0,
2378,2346,advantage long middlegame trappedPiece,42,41,h1g1,True,0.513263716713595,1,0.856640636920929,h1g1,True,0.9071428775787354,6.588704699999653,0,0.0,
2380,2126,crushing discoveredAttack kingsideAttack long middlegame,44,47,e4f6,False,0.01674054236513758,4,0.9607497453689575,e6d7,True,0.6271428465843201,6.524969700025395,0,0.0,
2382,1952,mate mateIn2 middlegame sacrifice short,63,41,b3b2,False,0.11196141562972986,2,0.9235111474990845,b3a3,True,0.9685714244842529,0.704706999938935,0,0.0,
2384,2338,advantage clearance middlegame pin short,29,49,b4c3,False,0.0007171180313549222,10,0.9802291393280029,f6d5,False,0.0,7.230116500053555,0,0.0,
2386,2069,advantage deflection fork long middlegame sacrifice,37,50,f8f2,True,0.9511704614313715,1,0.9310176372528076,f8f2,True,0.9942857027053833,6.974129099980928,0,0.0,
2388,2018,advantage capturingDefender discoveredAttack middlegame short,30,35,f3e5,True,0.8732444520272679,1,0.8808115720748901,f3e5,True,0.9957143068313599,4.792157200048678,0,0.0,
2390,2072,crushing hangingPiece master middlegame short superGM,29,36,h8h7,True,0.9300105117484392,1,0.8476054668426514,h8h7,True,0.9957143068313599,5.528362900018692,0,0.0,
2392,2064,advantage discoveredAttack discoveredCheck interference long middlegame,46,44,b3d5,True,0.3609613726109324,1,0.518988311290741,b3a4,False,0.3100000023841858,6.668860699981451,0,0.0,
2394,2178,advantage attraction fork long middlegame,43,40,e5f3,False,0.001860857562555309,2,0.9935166835784912,e5f3,False,0.0,4.789750299998559,0,0.0,
2396,2110,long mate mateIn3 middlegame pillsburysMate sacrifice,55,36,e5c6,True,0.6955464902725972,1,0.7264078855514526,e5c6,True,0.9871428608894348,0.4253467998933047,0,0.0,
2398,2277,crushing endgame sacrifice short,78,2,g1h2,True,0.9467236561894611,1,0.9635675549507141,g1h2,True,0.9985714554786682,5.307283999980427,0,0.0,
2400,2175,crushing deflection endgame queensideAttack short,60,26,a7a8,True,0.9977357000250676,1,0.9934374094009399,a7a8,True,1.0,6.814647900057025,0,0.0,
2402,2169,crushing endgame fork long,60,26,d8e8,False,0.4644103696952937,2,0.9982650876045227,b6c5,True,0.9657142758369446,4.729967400082387,0,0.0,
2404,1965,crushing deflection endgame master short,78,34,c3e4,True,0.8252008850017079,1,0.991912841796875,c3e4,True,0.991428554058075,3.9612553999759257,0,0.0,
2406,2308,advantage defensiveMove hangingPiece middlegame short,33,42,g4e5,False,0.04148092799244414,5,0.44923314452171326,e6d5,True,0.8828571438789368,7.943903999985196,0,0.0,
2408,1916,attraction crushing master middlegame sacrifice short,21,40,f8b4,False,0.02159094603364497,4,0.6992870569229126,d8d1,True,0.7557142972946167,5.421933899982832,0,0.0,
2410,2089,attraction mate mateIn5 middlegame sacrifice veryLong,69,32,a6a2,True,0.3942485227536005,1,0.7022536396980286,a6a2,True,0.9800000190734863,1.2592674000188708,0,0.0,
2412,2016,crushing endgame long skewer,82,23,f2f3,False,0.10734964649285382,4,0.9426009058952332,f6g6,False,0.034285712987184525,4.84251420001965,0,0.0,
2414,2093,advantage middlegame short trappedPiece,23,41,d6h2,False,0.010866165469416057,2,0.8211644887924194,d6h2,False,0.20428571105003357,5.447420999989845,0,0.0,
2416,1988,crushing deflection endgame short,83,19,a2a1,True,0.6987226853048517,1,0.9986935257911682,a2a1,True,0.9728571176528931,4.099416299955919,0,0.0,
2418,1950,crushing endgame rookEndgame short skewer,71,19,b2b1,False,0.007483936374094009,3,0.9509653449058533,b2b1,False,0.0,5.729143600095995,0,0.0,
2420,2083,crushing middlegame sacrifice short,31,42,c5b4,True,0.5026239426252826,1,0.21616266667842865,c5b4,True,0.9642857313156128,6.501050999970175,0,0.0,
2422,1904,advantage deflection middlegame short,19,46,b6b3,False,0.44451777222667016,2,0.8151412010192871,b6a5,True,0.9728571176528931,6.217172699980438,0,0.0,
2424,2208,crushing fork middlegame short,57,32,f6g4,True,0.5526250432227023,1,0.9822178483009338,f6g4,True,0.9728571176528931,4.555453099892475,0,0.0,
2426,2085,advantage discoveredAttack long middlegame,26,48,d4d6,False,0.0007812639307976237,4,0.9436068534851074,e5f6,False,0.0,7.548335600062273,0,0.0,
2428,2334,advantage hangingPiece middlegame veryLong,42,38,e4f6,False,0.02137715752051297,2,0.7519656419754028,a5e5,True,0.7428571581840515,7.065241599921137,0,0.0,
2430,2135,clearance crushing middlegame sacrifice veryLong,54,38,b3c4,False,0.40427851815596344,2,0.9933943152427673,d1d5,True,0.9014285802841187,3.710250400006771,0,0.0,
2432,2013,advantage endgame long pin,61,26,e8e1,True,0.9895177409756504,1,0.8383837342262268,e8e1,True,0.9985714554786682,1.3563650000141934,0,0.0,
2434,2235,mate mateIn2 middlegame sacrifice short,36,41,h5g4,False,0.1251217434464917,3,0.929423987865448,e1e5,True,0.9457142949104309,0.8614523999858648,0,0.0,
2436,2121,advantage endgame long pin,51,32,g6g2,False,0.3169392509962584,2,0.9660385251045227,f7f3,True,0.977142870426178,3.3138072000583634,0,0.0,
2438,1974,crushing interference long middlegame sacrifice,49,32,c4c3,False,0.3441451332985996,2,0.905918538570404,d8d4,True,0.9614285826683044,5.2185441999463364,0,0.0,
2440,1921,advantage discoveredAttack middlegame pin short,45,43,h4h3,False,0.017235485608403402,5,0.9964460730552673,f5e4,True,0.6428571343421936,5.747453199932352,0,0.0,
2442,2265,crushing discoveredAttack discoveredCheck interference kingsideAttack long middlegame,42,33,f5g6,True,0.4131368513286948,1,0.9791051149368286,f5g6,True,0.9671428799629211,6.878337700036354,0,0.0,
2444,2052,mate mateIn2 middlegame short,57,28,c8b8,False,0.25310747348451496,2,0.9764611124992371,d8b6,True,0.9657142758369446,0.9898132999660447,0,0.0,
2446,2089,advantage defensiveMove kingsideAttack middlegame sacrifice veryLong,46,43,d5f6,True,0.6943840809220891,1,0.9576032161712646,d5f6,True,0.6228571534156799,6.9114492000080645,0,0.0,
2448,1962,advancedPawn crushing deflection endgame exposedKing promotion rookEndgame veryLong,89,13,c1c2,False,0.45645152904851966,2,0.9761444926261902,e4e3,True,0.572857141494751,4.1435846000676975,0,0.0,
2450,2235,advantage capturingDefender intermezzo long opening sacrifice,31,37,a5b3,False,0.020560592360054388,3,0.8880161643028259,d8d5,True,0.5285714268684387,6.03213790000882,0,0.0,
2452,2226,crushing deflection middlegame queensideAttack short,38,46,d4a7,True,0.7921974567624036,1,0.9942914247512817,d4a7,True,0.9885714054107666,4.670190299977548,0,0.0,
2454,2188,crushing endgame fork long master,55,41,f3f4,False,0.10848241029376364,3,0.9966972470283508,f3c3,True,0.927142858505249,4.5246604999993,0,0.0,
2456,1986,crushing discoveredAttack discoveredCheck endgame long sacrifice,69,27,c5d4,False,0.004771800680648505,6,0.9954614043235779,c5d4,False,0.0,4.086264399928041,0,0.0,
2458,2134,crushing discoveredAttack middlegame short,35,40,d6g3,True,0.7043651621418064,1,0.7323671579360962,d6g3,True,0.9857142567634583,4.967745800036937,0,0.0,
2460,2123,advantage defensiveMove hangingPiece middlegame short,39,27,e6c4,False,0.1800215827759109,3,0.20119476318359375,e6c4,False,0.33714285492897034,6.247386600007303,0,0.0,
2462,2141,endgame long mate mateIn3 sacrifice,73,33,a4d4,False,0.15814459466003863,2,0.9643955826759338,g7d4,True,0.854285717010498,1.2694477000040933,0,0.0,
2464,2203,crushing long middlegame pin,42,50,c3d5,True,0.9836208789434869,1,0.9561508297920227,c3d5,True,0.9985714554786682,5.053977299947292,0,0.0,
2466,1907,attraction mate mateIn2 middlegame pin sacrifice short,50,45,b2e5,False,0.13820973897728833,3,0.9151282906532288,h4h6,True,0.9514285922050476,0.610702299978584,0,0.0,
2468,2210,crushing discoveredAttack discoveredCheck endgame fork long,62,21,c8a6,False,0.057109738778579174,3,0.9452983736991882,c8e6,True,0.8971428275108337,4.5618787000421435,0,0.0,
2470,1931,kingsideAttack mate mateIn2 middlegame short,43,36,c5f2,True,0.991760069090777,1,0.8077316880226135,c5f2,True,0.9985714554786682,0.4750406000530347,0,0.0,
2472,2024,crushing exposedKing fork middlegame sacrifice veryLong,35,39,g4f2,False,0.05467069044805384,4,0.5952364802360535,h3g3,True,0.7528571486473083,1.9214934000046924,0,0.0,
2474,2051,attraction discoveredCheck doubleCheck kingsideAttack long mate mateIn3 middlegame sacrifice,28,47,h6g7,True,0.2686631985055884,1,0.6830798387527466,h6g7,True,0.9200000166893005,0.9970605000853539,0,0.0,
2476,2070,advantage discoveredAttack middlegame veryLong,25,34,c6a5,True,0.5483706429014712,1,0.38500070571899414,c6a5,True,0.9300000071525574,7.185684399912134,0,0.0,
2478,2148,crushing endgame exposedKing sacrifice veryLong,70,4,e5c5,True,0.9956796514407266,1,0.891076922416687,e5c5,True,0.9985714554786682,4.176734099979512,0,0.0,
2480,2055,intermezzo kingsideAttack long mate mateIn3 middlegame sacrifice,37,52,e5f3,True,0.9908401907704237,1,0.9747006297111511,e5f3,True,0.9985714554786682,0.5073718000203371,0,0.0,
2482,2125,advantage hangingPiece middlegame short,37,41,d8d3,True,0.4944090953033159,1,0.9204370379447937,d8d3,True,0.9700000286102295,4.396032899967395,0,0.0,
2484,2136,crushing long middlegame sacrifice,55,41,h5g3,False,4.583852712493593e-05,24,0.97943514585495,a7a6,False,0.0,5.10579920001328,0,0.0,
2486,2176,crushing deflection endgame long rookEndgame,123,19,c3c4,False,0.10056623457591966,2,0.9415526390075684,f7f5,True,0.831428587436676,5.886064299964346,0,0.0,
2488,2019,attraction crushing fork middlegame veryLong,48,34,a7a8,True,0.9031313264418178,1,0.98903489112854,a7a8,True,0.9800000190734863,7.497751699993387,0,0.0,
2490,2060,discoveredAttack mate mateIn5 middlegame pin sacrifice veryLong,50,33,g3g6,False,0.24675532910781442,2,0.9913901686668396,f5h6,True,0.9599999785423279,3.875561000080779,0,0.0,
2492,2093,crushing discoveredAttack endgame master veryLong,78,32,e5e8,True,0.8983628786219668,1,0.9765856862068176,e5e8,True,0.991428554058075,5.34461510006804,0,0.0,
2494,2109,crushing middlegame sacrifice short,66,40,d5d6,False,0.10436432815806418,3,0.9448409676551819,e4e5,True,0.8842856884002686,5.422019100049511,0,0.0,
2496,2291,crushing endgame hangingPiece long,78,15,c7c8q,False,0.10972540153031661,3,0.9619221091270447,f4f3,True,0.8885714411735535,6.580117200035602,0,0.0,
2498,2052,advancedPawn bishopEndgame capturingDefender crushing endgame veryLong,90,6,f5f6,False,0.11249328474944194,3,0.7719053626060486,g4g5,True,0.9428571462631226,7.883156999945641,0,0.0,
2500,1163,endgame mate mateIn2 short,61,37,b4b3,True,0.8991234717549853,1,0.8778502345085144,b4b3,True,0.9942857027053833,0.23409550008364022,0,0.0,
2502,1434,backRankMate master mate mateIn2 middlegame sacrifice short,44,28,d2d8,True,0.6530794784260053,1,0.6315074563026428,d2d8,True,0.9900000095367432,0.3273326999042183,0,0.0,
2504,1011,kingsideAttack mate mateIn2 middlegame short,59,31,g5f3,True,0.9973683784382825,1,0.9799864888191223,g5f3,True,0.9985714554786682,0.15063649998046458,0,0.0,
2506,1154,mate mateIn1 middlegame oneMove,40,40,h5f6,False,0.0053908649762521325,6,0.9825114607810974,h5f6,False,0.0,5.4709158999612555,0,0.0,
2508,1266,crushing endgame master pin short,69,34,h5g3,True,0.954644603253715,1,0.9945719838142395,h5g3,True,0.9957143068313599,3.101027900003828,0,0.0,
2510,1343,advantage attraction endgame exposedKing fork long,45,37,e8e1,True,0.5152135511162335,1,0.9691565632820129,e8e1,True,0.9200000166893005,6.97809850005433,0,0.0,
2512,1401,endgame mate mateIn2 operaMate short,113,27,c3h3,True,0.7855725450545831,1,0.945572018623352,c3h3,True,0.991428554058075,0.3828705999767408,0,0.0,
2514,1181,crushing discoveredAttack discoveredCheck endgame master short,107,25,e5e4,True,0.8333559501043457,1,0.9741796255111694,e5e4,True,0.991428554058075,6.2823075000196695,0,0.0,
2516,1344,kingsideAttack long mate mateIn3 middlegame sacrifice,49,36,h5h2,True,0.9722250723648006,1,0.8913448452949524,h5h2,True,0.9957143068313599,0.7480910000158474,0,0.0,
2518,1212,mate mateIn1 middlegame oneMove,22,47,e4c5,True,0.8778187893353822,1,0.8821126818656921,e4c5,True,0.9928571581840515,0.2059486999642104,0,0.0,
2520,1025,advantage endgame master short skewer,35,21,a8a1,True,0.9609907703952125,1,0.9423598051071167,a8a1,True,0.9971428513526917,4.426735499990173,0,0.0,
2522,1158,mate mateIn1 middlegame oneMove,63,46,c1e1,True,0.7633361630015751,1,0.9527623057365417,c1e1,True,0.9857142567634583,0.2126921999733895,0,0.0,
2524,1217,master mate mateIn1 middlegame oneMove,42,39,b7d7,True,0.7256885045295174,1,0.938153862953186,b7d7,True,0.977142870426178,0.36437059997115284,0,0.0,
2526,1217,endgame fork mate mateIn2 short,51,24,f6f2,True,0.4943216619064278,1,0.9704782962799072,f6f2,True,0.9800000190734863,1.1127596999285743,0,0.0,
2528,1047,endgame mate mateIn2 short,64,38,g4h5,True,0.8559393835127334,1,0.8462256193161011,g4h5,True,0.9957143068313599,0.23474480002187192,0,0.0,
2530,1080,advancedPawn advantage deflection endgame pin promotion rookEndgame short,84,15,d7d8q,False,0.0218312118842778,5,0.9775315523147583,d7d8q,False,0.1728571355342865,5.499877200112678,0,0.0,
2532,1225,hangingPiece kingsideAttack master masterVsMaster mate mateIn1 middlegame oneMove,41,55,d3f1,True,0.9215678725825839,1,0.9868122935295105,d3f1,True,0.9942857027053833,0.1485934000229463,0,0.0,
2534,1424,advantage endgame fork long,55,38,b2b1,True,0.9847078339936217,1,0.9592616558074951,b2b1,True,0.9985714554786682,4.101846799952909,0,0.0,
2536,1378,advantage fork middlegame pin short,32,34,d1h5,True,0.945049552705728,1,0.45364513993263245,d1h5,True,0.9971428513526917,4.75459150003735,0,0.0,
2538,1375,advantage master middlegame pin queensideAttack short,53,34,c4d2,False,0.49490965371030154,2,0.9978618621826172,c4a3,True,0.9785714149475098,4.2738172999816015,0,0.0,
2540,1315,mate mateIn1 middlegame oneMove,34,52,g5f7,False,0.02960999676051184,3,0.9738647937774658,c2h7,True,0.8500000238418579,1.6495699000079185,0,0.0,
2542,1013,advantage endgame fork long,85,14,e5c4,True,0.8995333685933503,1,0.8846094608306885,e5c4,True,0.9928571581840515,5.514505899976939,0,0.0,
2544,1137,deflection kingsideAttack mate mateIn2 middlegame short,23,35,e1f2,True,0.7731860588572835,1,0.9828726053237915,e1f2,True,0.9900000095367432,0.3006915000732988,0,0.0,
2546,1246,kingsideAttack mate mateIn1 middlegame oneMove,19,48,d6h2,False,0.19772279754675565,2,0.9967981576919556,h5h2,True,0.9471428394317627,0.6338791999733075,0,0.0,
2548,1340,crushing fork opening short,18,36,d4e5,True,0.9414046550193107,1,0.7577754259109497,d4e5,True,0.9928571581840515,4.178654600051232,0,0.0,
2550,1005,master mate mateIn1 middlegame oneMove pin,36,37,e1e8,True,0.9538893835059276,1,0.9457478523254395,e1e8,True,0.9971428513526917,0.08741290005855262,0,0.0,
2552,1283,advantage fork long middlegame,36,38,d5e7,True,0.6236274032352063,1,0.9883494973182678,d5e7,True,0.9814285635948181,5.623093199916184,0,0.0,
2554,1086,crushing endgame long skewer,61,38,a2a1,True,0.9894675885707117,1,0.9978267550468445,a2a1,True,0.9985714554786682,3.529411399969831,0,0.0,
2556,1278,mate mateIn1 middlegame oneMove,46,27,g1g4,False,0.24355631483509113,3,0.9115351438522339,h4h7,True,0.9471428394317627,0.5126699000829831,0,0.0,
2558,1071,crushing deflection endgame master short skewer,96,14,h8h6,True,0.937677022052355,1,0.4512646496295929,h8h6,True,0.9957143068313599,4.725457800086588,0,0.0,
2560,1322,mate mateIn1 middlegame oneMove,35,39,g5f3,False,0.47996833502832364,2,0.8727409243583679,g5h3,True,0.9757142663002014,0.455721800099127,0,0.0,
2562,1283,advantage long middlegame pin,25,43,h5f3,True,0.8457432603713243,1,0.8918907046318054,h5f3,True,0.9942857027053833,4.8043490999843925,0,0.0,
2564,1293,advancedPawn advantage endgame sacrifice short,56,19,d4d5,False,0.15479960441085147,3,0.82985520362854,c1c6,True,0.8299999833106995,3.956743400078267,0,0.0,
2566,1422,endgame long mate mateIn3,51,27,d3e5,True,0.8784059535452917,1,0.5665004253387451,d3e5,True,0.9928571581840515,0.519947599968873,0,0.0,
2568,1435,endgame mate mateIn1 oneMove,57,37,d8d4,False,0.2394345169814576,2,0.9826523661613464,d8g8,True,0.9528571367263794,0.5776835000142455,0,0.0,
2570,1363,endgame mate mateIn2 short,40,33,g8g7,True,0.990555000912622,1,0.9817362427711487,g8g7,True,0.9985714554786682,0.2280641000252217,0,0.0,
2572,1254,endgame mate mateIn2 pin short,73,30,b3h3,True,0.9624757539878572,1,0.9899870157241821,b3h3,True,0.9971428513526917,0.20739699993282557,0,0.0,
2574,1265,crushing master middlegame pin short,29,36,f8h6,True,0.9514320251734697,1,0.6291924118995667,f8h6,True,0.9971428513526917,5.545553499949165,0,0.0,
2576,1055,advantage attraction deflection endgame long,70,12,f4g5,True,0.8813621382121002,1,0.7813946008682251,f4g5,True,0.9957143068313599,5.211898099980317,0,0.0,
2578,1335,crushing endgame master masterVsMaster short skewer,96,24,h7h6,True,0.8462133239953128,1,0.8018506765365601,h7h6,True,0.9942857027053833,4.305810399935581,0,0.0,
2580,1294,mate mateIn1 oneMove opening,23,45,d6d1,True,0.8512258060721766,1,0.8393096923828125,d6d1,True,0.9928571581840515,0.19169490004424006,0,0.0,
2582,1247,endgame long mate mateIn3 rookEndgame,77,25,f3f4,False,0.46098693483737935,2,0.9945639371871948,f8f4,True,0.9728571176528931,0.4954431999940425,0,0.0,
2584,1438,advantage endgame fork short,72,37,f4f6,True,0.6077408425118062,1,0.9308916926383972,f4f6,True,0.9871428608894348,3.9659576000412926,0,0.0,
2586,1127,attraction crushing deflection endgame master masterVsMaster sacrifice short,51,36,g2h2,False,0.08914446705490492,5,0.556241512298584,a4a2,True,0.9628571271896362,4.286590100033209,0,0.0,
2588,1361,advantage capturingDefender intermezzo opening short,20,49,d4c6,True,0.9042298950526978,1,0.7053506970405579,d4c6,True,0.9928571581840515,4.317644900060259,0,0.0,
2590,1053,backRankMate mate mateIn2 middlegame short,53,49,b2b1,True,0.8874570458879025,1,0.8113982677459717,b2b1,True,0.9942857027053833,0.2493635000428185,0,0.0,
2592,1225,endgame mate mateIn1 oneMove,66,35,f3c6,True,0.9575240274921925,1,0.9934113025665283,f3c6,True,0.9957143068313599,0.11781349999364465,0,0.0,
2594,1430,advantage fork middlegame short,33,43,e7c5,False,0.02132725650661815,3,0.9228018522262573,c6c5,True,0.727142870426178,5.2938525000354275,0,0.0,
2596,1075,master mate mateIn1 middlegame oneMove,41,38,f3f2,False,0.045777762554381436,4,0.9933842420578003,f3g2,True,0.9228571653366089,0.7637924998998642,0,0.0,
2598,1302,endgame mate mateIn1 oneMove,72,28,a6f6,True,0.7391817704604536,1,0.8020223379135132,a6f6,True,0.9900000095367432,0.22750219993758947,0,0.0,
2600,1106,advancedPawn crushing endgame fork veryLong,88,18,c6c7,True,0.9885903688768025,1,0.9523162841796875,c6c7,True,0.9985714554786682,7.342129600001499,0,0.0,
2602,1183,backRankMate endgame long mate mateIn3 sacrifice,51,49,d6d1,False,0.44762627612675904,2,0.9103673100471497,h4f2,True,0.9842857122421265,0.39294549997430295,0,0.0,
2604,1061,endgame mate mateIn2 short,86,31,c2c3,True,0.31675689332610696,1,0.6597188115119934,c2c3,True,0.9814285635948181,0.37898270005825907,0,0.0,
2606,1265,crushing fork long middlegame,13,46,d4f2,True,0.9645465507617251,1,0.9650615453720093,d4f2,True,0.9971428513526917,4.12642240000423,0,0.0,
2608,1397,advantage fork opening short,19,43,d6f4,False,0.19711269797650544,2,0.3844752907752991,d8g5,True,0.9700000286102295,5.512059700093232,0,0.0,
2610,1278,deflection kingsideAttack long mate mateIn3 middlegame pillsburysMate,42,37,h5f7,True,0.9781651726028192,1,0.9777517318725586,h5f7,True,0.9971428513526917,0.3729482999769971,0,0.0,
2612,1407,crushing master middlegame short trappedPiece,26,40,c4c5,False,0.25215804195105934,2,0.8458079099655151,e2d3,True,0.9728571176528931,4.587462699972093,0,0.0,
2614,1163,advancedPawn attraction endgame mate mateIn2 promotion rookEndgame short,88,12,g6h6,False,0.15963946671794266,2,0.8400306701660156,g7g8,True,0.5314285755157471,1.0074830999365076,0,0.0,
2616,1116,endgame mate mateIn2 short,60,28,b4b5,True,0.3886896595763012,1,0.9853613972663879,b4b5,True,0.9828571677207947,0.3542794999666512,0,0.0,
2618,1408,advantage fork middlegame short,50,32,c3e4,True,0.9415881645891102,1,0.7112523317337036,c3e4,True,0.9971428513526917,5.507527599926107,0,0.0,
2620,1034,clearance mate mateIn2 middlegame sacrifice short,83,34,h5g3,True,0.9948291233492493,1,0.6371836066246033,h5g3,True,0.9985714554786682,0.26374820002820343,0,0.0,
2622,1012,kingsideAttack master mate mateIn1 middlegame oneMove,37,39,g6g2,True,0.9993391850300541,1,0.9399674534797668,g6g2,True,0.9985714554786682,0.04726310004480183,0,0.0,
2624,1089,attraction endgame long mate mateIn3 sacrifice,70,27,h6h8,True,0.6113485395348527,1,0.9961060881614685,h6h8,True,0.9857142567634583,0.514701799955219,0,0.0,
2626,1052,crushing discoveredAttack kingsideAttack middlegame short,37,42,d6h2,True,0.9737191314787653,1,0.502550482749939,d6h2,True,0.9971428513526917,4.300520799937658,0,0.0,
2628,1027,mate mateIn1 middlegame oneMove,67,38,f2g2,True,0.8675539989154235,1,0.9947435259819031,f2g2,True,0.991428554058075,0.2653412000508979,0,0.0,
2630,1235,advantage middlegame pin short,35,38,c6f3,True,0.9401920986270901,1,0.952262818813324,c6f3,True,0.9957143068313599,5.285228200023994,0,0.0,
2632,1025,endgame master mate mateIn1 oneMove,70,36,f6h8,True,0.8843632809967968,1,0.9994382262229919,f6h8,True,0.9957143068313599,0.13949729991145432,0,0.0,
2634,1155,mate mateIn1 oneMove opening,23,42,d4f3,True,0.8901353218983938,1,0.5157776474952698,d4f3,True,0.9928571581840515,0.13884540006984025,0,0.0,
2636,1083,mate mateIn2 opening short,19,42,e7e3,True,0.9414499969041336,1,0.8101706504821777,e7e3,True,0.9942857027053833,0.31034419999923557,0,0.0,
2638,1082,backRankMate mate mateIn2 middlegame sacrifice short,56,30,d2d8,True,0.7158058249864145,1,0.46719276905059814,d2d8,True,0.9928571581840515,0.2769964000908658,0,0.0,
2640,1060,blindSwineMate endgame exposedKing long mate mateIn3,64,23,g1h1,True,0.8300546739828873,1,-0.1130213513970375,g1h1,True,0.9900000095367432,1.1071826999541372,0,0.0,
2642,1398,crushing kingsideAttack long middlegame sacrifice,30,43,d3h7,True,0.99078035966447,1,0.9407256841659546,d3h7,True,0.9985714554786682,4.505336000001989,0,0.0,
2644,1025,crushing endgame fork master short,72,29,d6e8,True,0.9530568929985056,1,0.923553466796875,d6e8,True,0.9971428513526917,4.187344599980861,0,0.0,
2646,1138,endgame long mate mateIn3,71,32,e8e1,True,0.9809162575956972,1,0.9740632176399231,e8e1,True,0.9971428513526917,0.4215127000352368,0,0.0,
2648,1220,advantage fork middlegame short,34,42,d1b3,True,0.7061765589756435,1,0.37380892038345337,d1b3,True,0.9842857122421265,5.630103300092742,0,0.0,
2650,1115,advantage fork middlegame short,20,39,g4g7,True,0.7938147522375716,1,0.9349878430366516,g4g7,True,0.9900000095367432,5.564272899995558,0,0.0,
2652,1144,crushing discoveredAttack endgame rookEndgame short,82,14,e3e4,True,0.7412706237914912,1,0.9426421523094177,e3e4,True,0.9828571677207947,3.9964171999599785,0,0.0,
2654,1083,advantage endgame fork short,63,15,c2e1,True,0.5346252595965733,1,0.8468361496925354,c2e1,True,0.9857142567634583,4.394026699941605,0,0.0,
2656,1416,anastasiaMate attraction kingsideAttack long mate mateIn3 middlegame sacrifice,49,39,e2g3,False,0.018883204831281943,4,0.9888496398925781,h8h2,True,0.6971428394317627,3.14492839993909,0,0.0,
2658,1289,mate mateIn1 middlegame oneMove,29,41,e4f2,False,0.38727984220177014,2,0.9647848010063171,b5f1,True,0.9800000190734863,0.3624644000083208,0,0.0,
2660,1296,mate mateIn1 middlegame oneMove,35,42,d5h1,True,0.9951188232843186,1,0.9599530696868896,d5h1,True,0.9985714554786682,0.06243050005286932,0,0.0,
2662,1402,advancedPawn attraction crushing endgame long promotion,107,18,d5c5,True,0.6877109606362005,1,0.9627271890640259,d5c5,True,0.8700000047683716,6.207492999965325,0,0.0,
2664,1239,endgame mate mateIn2 short,47,35,a8g8,True,0.7304257380309628,1,0.8629969358444214,a8g8,True,0.9900000095367432,0.5848603999475017,0,0.0,
2666,1164,mate mateIn1 middlegame oneMove,55,43,f4f1,False,0.2673885064744585,2,0.9609928131103516,f4h2,True,0.977142870426178,0.39390230004210025,0,0.0,
2668,1124,endgame mate mateIn1 oneMove,81,24,e4f2,False,0.3059750569485911,2,0.9620020389556885,e4g3,True,0.9728571176528931,0.3826565999770537,0,0.0,
2670,1024,crushing discoveredAttack opening short,14,41,d3b5,True,0.5029671790562584,1,0.7946671843528748,d3b5,True,0.9685714244842529,3.9282669000094756,0,0.0,
2672,1005,crushing discoveredAttack opening short,24,40,d3h7,True,0.8330470215675769,1,0.8826062679290771,d3h7,True,0.9928571581840515,4.007919299998321,0,0.0,
2674,1227,advantage fork opening short,17,25,c6d4,True,0.624965659620596,1,0.8915814757347107,c6d4,True,0.9842857122421265,2.547371899941936,0,0.0,
2676,1157,advantage discoveredAttack middlegame short,56,25,a2f7,True,0.6185313512779199,1,0.7695981860160828,a2f7,True,0.9814285635948181,4.724427500041202,0,0.0,
2678,1254,crushing fork middlegame short,50,40,h6f6,True,0.6384191766903792,1,0.8778727054595947,h6f6,True,0.9642857313156128,8.598252999945544,0,0.0,
2680,1110,attackingF2F7 mate mateIn1 oneMove opening,24,36,f3f7,True,0.6833694502472573,1,0.9420685768127441,f3f7,True,0.9828571677207947,0.20493120001628995,0,0.0,
2682,1218,endgame mate mateIn1 oneMove,56,35,g6g7,True,0.6503515807333204,1,0.9983447790145874,g6g7,True,0.9785714149475098,0.4056893000379205,0,0.0,
2684,1206,crushing discoveredAttack middlegame short,34,34,c4f7,True,0.9462574748981326,1,0.9547656178474426,c4f7,True,0.9957143068313599,4.494657999952324,0,0.0,
2686,1278,advantage fork middlegame short,66,34,d5f6,True,0.9927037534541941,1,0.6401995420455933,d5f6,True,0.9985714554786682,5.180010100011714,0,0.0,
2688,1024,endgame mate mateIn1 oneMove rookEndgame,86,25,h5h8,True,0.8323896253222972,1,0.96599942445755,h5h8,True,0.9928571581840515,0.1512790999840945,0,0.0,
2690,1242,crushing endgame fork master short,81,19,e3g4,True,0.9611757259180361,1,0.9667612314224243,e3g4,True,0.9971428513526917,4.135644500027411,0,0.0,
2692,1123,advantage attraction fork long master middlegame,52,44,e6e8,True,0.9935535771888165,1,0.9983924627304077,e6e8,True,0.9985714554786682,4.328387400018983,0,0.0,
2694,1285,crushing endgame fork pin short,123,17,h2h5,False,0.22298769176499175,2,0.9038066267967224,h2e2,True,0.9585714340209961,4.694396500010043,0,0.0,
2696,1030,backRankMate endgame mate mateIn2 short,48,27,d5d8,True,0.9542112503124428,1,0.9681558012962341,d5d8,True,0.9985714554786682,0.36967549996916205,0,0.0,
2698,1209,advantage deflection endgame long,50,37,g3g6,True,0.6653388750823838,1,0.9897638559341431,g3g6,True,0.9642857313156128,5.519176899921149,0,0.0,
2700,1131,endgame mate mateIn1 oneMove,43,37,g2g4,False,0.319743787818719,2,0.7658080458641052,g2e4,True,0.9571428298950195,0.49607039999682456,0,0.0,
2702,1299,crushing fork middlegame short,41,36,f7f5,True,0.8794960302195222,1,0.7717363834381104,f7f5,True,0.9942857027053833,4.766474399948493,0,0.0,
2704,1255,crushing discoveredAttack kingsideAttack long middlegame,38,47,e4f6,True,0.9152433807841088,1,0.8625728487968445,e4f6,True,0.9942857027053833,5.4113450000295416,0,0.0,
2706,1076,endgame mate mateIn1 oneMove rookEndgame,99,29,f7h7,True,0.6020445157117876,1,0.7457063794136047,f7h7,True,0.9857142567634583,0.28841619996819645,0,0.0,
2708,1190,crushing endgame pin short,58,42,d3c4,True,0.9904055263497744,1,0.9663870930671692,d3c4,True,0.9985714554786682,3.8591522000497207,0,0.0,
2710,1056,endgame mate mateIn2 short,74,33,d6e7,False,0.2695914866597745,2,0.8637152314186096,e6e7,True,0.9728571176528931,0.30247359990607947,0,0.0,
2712,1064,attraction crushing fork long middlegame,49,42,c5b3,True,0.8514737836403395,1,0.6020703911781311,c5b3,True,0.9942857027053833,4.293288699933328,0,0.0,
2714,1060,advancedPawn attraction crushing endgame promotion rookEndgame veryLong,82,19,b7b8,True,0.9949682063546138,1,0.9718900918960571,b7b8,True,0.9985714554786682,5.490127399913035,0,0.0,
2716,1244,mate mateIn2 middlegame pillsburysMate short,54,33,a1h1,True,0.6904100839083136,1,0.9158790707588196,a1h1,True,0.9871428608894348,0.3236773998942226,0,0.0,
2718,1228,endgame mate mateIn2 short,62,22,e3e8,True,0.971631964087783,1,0.3835591971874237,e3e8,True,0.9971428513526917,0.17620710004121065,0,0.0,
2720,1342,long mate mateIn3 middlegame queensideAttack xRayAttack,50,41,d1d8,False,0.16870891280596303,3,0.9962304830551147,f8e8,True,0.9671428799629211,0.6545251999050379,0,0.0,
2722,1016,attraction endgame long mate mateIn3 sacrifice,84,23,h1h7,True,0.5273052382403562,1,0.986227810382843,h1h7,True,0.9800000190734863,0.47243000008165836,0,0.0,
2724,1051,advancedPawn crushing endgame hangingPiece long master promotion,116,4,d3d2,True,0.9777148844258424,1,0.5168600678443909,d3d2,True,0.9985714554786682,4.547138800029643,0,0.0,
2726,1314,endgame kingsideAttack mate mateIn2 pin sacrifice short,45,40,d4f2,True,0.9483055972074007,1,0.916361391544342,d4f2,True,0.9957143068313599,0.41402190004009753,0,0.0,
2728,1170,crushing discoveredCheck doubleCheck endgame fork short,56,41,g6f8,True,0.9240659853199773,1,0.9183239340782166,g6f8,True,0.9942857027053833,4.333879299927503,0,0.0,
2730,1327,kingsideAttack mate mateIn1 middlegame oneMove,36,43,c3g7,True,0.9945816540929151,1,0.96473628282547,c3g7,True,0.9985714554786682,0.06751409999560565,0,0.0,
2732,1145,endgame master mate mateIn1 oneMove,82,27,f4f5,True,0.5119430766906671,1,0.9530213475227356,f4f5,True,0.9785714149475098,0.36741930001880974,0,0.0,
2734,1432,crushing deflection long middlegame,46,40,b3e6,True,0.8378167276338985,1,0.8612239360809326,b3e6,True,0.991428554058075,4.972644399967976,0,0.0,
2736,1389,crushing middlegame pin short,35,32,e6h3,True,0.817495946206088,1,0.46038755774497986,e6h3,True,0.9928571581840515,6.2290749999228865,0,0.0,
2738,1216,crushing endgame fork short,54,26,f4h4,True,0.62472693075104,1,0.9666162133216858,f4h4,True,0.9814285635948181,5.110385800013319,0,0.0,
2740,1105,backRankMate endgame mate mateIn2 sacrifice short,50,34,c6c8,True,0.40892647242170443,1,0.9857314229011536,c6c8,True,0.9742857217788696,0.3854709999868646,0,0.0,
2742,1176,kingsideAttack mate mateIn1 middlegame oneMove,53,39,c6g2,True,0.969627323221398,1,0.9968050122261047,c6g2,True,0.9971428513526917,0.10437499999534339,0,0.0,
2744,1032,kingsideAttack long mate mateIn3 middlegame,47,34,g6h5,True,0.9616849489324627,1,0.9648255109786987,g6h5,True,0.9971428513526917,0.6135454999748617,0,0.0,
2746,1258,endgame mate mateIn2 short,90,13,a7a8,True,0.6505319643184829,1,0.9862731099128723,a7a8,True,0.9800000190734863,0.3759094999404624,0,0.0,
2748,1017,crushing discoveredAttack middlegame short,36,33,e4d6,True,0.509719079957281,1,0.9773169755935669,e4d6,True,0.9657142758369446,3.9419656000100076,0,0.0,
2750,1407,crushing deflection discoveredAttack discoveredCheck kingsideAttack middlegame veryLong,38,34,h7g6,True,0.8163099687712164,1,0.9730235934257507,h7g6,True,0.9928571581840515,5.035856999922544,0,0.0,
2752,1207,crushing discoveredAttack middlegame short,61,35,e6b3,True,0.9670203569360554,1,0.7767469882965088,e6b3,True,0.9971428513526917,4.648636500001885,0,0.0,
2754,1041,endgame mate mateIn1 oneMove,95,20,b7b5,True,0.9830169468990146,1,0.9157624244689941,b7b5,True,0.9985714554786682,0.0610597999766469,0,0.0,
2756,1064,mate mateIn1 middlegame oneMove,55,45,h4h3,True,0.9037347236970528,1,0.9659243226051331,h4h3,True,0.9942857027053833,0.15004709991626441,0,0.0,
2758,1003,endgame mate mateIn1 oneMove queensideAttack,47,36,b5d3,False,0.022278656676885996,3,0.998001754283905,b5b2,True,0.7357142567634583,1.6816985999466851,0,0.0,
2760,1224,advancedPawn advantage deflection endgame pin promotion rookEndgame short,144,18,e7e6,True,0.9538359866030635,1,0.9678982496261597,e7e6,True,0.9942857027053833,5.265828099916689,0,0.0,
2762,1164,mate mateIn2 middlegame short,46,42,d5f6,True,0.9984163044035036,1,0.9985379576683044,d5f6,True,1.0,0.2550100999651477,0,0.0,
2764,1209,endgame mate mateIn2 operaMate short,86,27,f7f8,True,0.8274936263738836,1,0.9549825191497803,f7f8,True,0.9942857027053833,0.4580844999291003,0,0.0,
2766,1401,advantage capturingDefender intermezzo master middlegame short,39,35,d5f3,True,0.6994123015068735,1,0.6156412959098816,d5f3,True,0.9800000190734863,6.714149200008251,0,0.0,
2768,1105,advancedPawn bishopEndgame crushing deflection endgame short,84,6,h6h7,True,0.7368832788546894,1,0.6030913591384888,h6h7,True,0.9871428608894348,5.704607299994677,0,0.0,
2770,1045,endgame mate mateIn2 short,56,39,g4g7,False,0.09367541574855673,3,0.9928136467933655,e8g6,True,0.9614285826683044,0.7112282998859882,0,0.0,
2772,1220,crushing endgame fork short,97,23,f6g4,True,0.9479056969340642,1,0.9179791212081909,f6g4,True,0.9971428513526917,4.313222700031474,0,0.0,
2774,1312,advantage endgame short trappedPiece,57,21,f8h8,True,0.9155757277833063,1,0.9237119555473328,f8h8,True,0.9942857027053833,4.691772400052287,0,0.0,
2776,1113,deflection discoveredAttack endgame mate mateIn2 queensideAttack short,67,32,d4b2,True,0.6596136993978522,1,0.9852731823921204,d4b2,True,0.9857142567634583,0.3285490999696776,0,0.0,
2778,1349,mate mateIn1 oneMove opening,18,41,e4d6,True,0.4105579798034246,1,0.6885820031166077,e4d6,True,0.9671428799629211,0.4149829000234604,0,0.0,
2780,1123,dovetailMate mate mateIn1 oneMove opening,18,37,e2e6,True,0.445378097420316,1,0.8291982412338257,e2e6,True,0.9385714530944824,0.5932382000610232,0,0.0,
2782,1291,crushing endgame fork short,80,31,b2a4,True,0.6513033705869585,1,0.8424174785614014,b2a4,True,0.9857142567634583,4.400643300032243,0,0.0,
2784,1086,arabianMate endgame master mate mateIn2 short,70,32,c7c8,True,0.983466683678404,1,0.6942522525787354,c7c8,True,0.9985714554786682,0.13864499994087964,0,0.0,
2786,1253,mate mateIn1 middlegame oneMove,34,40,g4g7,True,0.6544096320128899,1,0.9776968359947205,g4g7,True,0.9885714054107666,0.29863950004801154,0,0.0,
2788,1403,advantage discoveredAttack middlegame short,28,45,d5f6,True,0.8012773172909164,1,0.9579902291297913,d5f6,True,0.9900000095367432,4.105835500056855,0,0.0,
2790,1206,clearance kingsideAttack mate mateIn2 middlegame sacrifice short,34,45,h4g6,True,0.9975283047372441,1,0.9371438026428223,h4g6,True,0.9985714554786682,0.5084518999792635,0,0.0,
2792,1294,advantage fork middlegame veryLong,34,44,c6c8,True,0.7360470845382854,1,0.9174829125404358,c6c8,True,0.9814285635948181,4.811411400092766,0,0.0,
2794,1228,crushing endgame hangingPiece master short,122,16,b1b5,True,0.9920876024275433,1,0.06124245375394821,b1b5,True,0.9985714554786682,7.1154106999747455,0,0.0,
2796,1219,mate mateIn2 middlegame short,61,33,g7g3,True,0.9768954390363994,1,0.4812091290950775,g7g3,True,0.9985714554786682,0.22445610002614558,0,0.0,
2798,1329,crushing endgame hangingPiece long quietMove rookEndgame,100,15,g6h7,True,0.8923603081601759,1,0.8334310054779053,g6h7,True,0.9971428513526917,6.331485499977134,0,0.0,
2800,1021,mate mateIn1 middlegame oneMove,56,35,e5f7,True,0.9864195017050751,1,0.7022530436515808,e5f7,True,0.9985714554786682,0.06660300004296005,0,0.0,
2802,1127,crushing fork middlegame short,39,38,f8f3,True,0.6642855820715516,1,0.9504284858703613,f8f3,True,0.9857142567634583,3.9582769999979064,0,0.0,
2804,1102,advantage discoveredAttack endgame long,64,29,d6f5,True,0.9794421300762232,1,0.7008601427078247,d6f5,True,0.9971428513526917,6.543132000020705,0,0.0,
2806,1265,endgame mate mateIn1 oneMove,74,32,d8f6,True,0.9884172461364258,1,0.981386125087738,d8f6,True,0.9985714554786682,0.052261299919337034,0,0.0,
2808,1418,endgame mate mateIn2 short,57,38,g7g5,True,0.5562661294128708,1,0.9435811638832092,g7g5,True,0.9828571677207947,0.32846049999352545,0,0.0,
2810,1268,kingsideAttack mate mateIn2 middlegame short,70,36,d5f6,True,0.8712425246555374,1,0.998851478099823,d5f6,True,0.9900000095367432,0.37975060008466244,0,0.0,
2812,1093,deflection endgame long mate mateIn3 pin,69,36,e3f2,False,0.035929634471704,4,0.949022650718689,e3c1,True,0.8742856979370117,1.1373939000768587,0,0.0,
2814,1350,advantage discoveredAttack long middlegame,43,32,f5g4,True,0.6813981930541663,1,0.9651411175727844,f5g4,True,0.9785714149475098,4.096370400045998,0,0.0,
2816,1130,endgame master mate mateIn1 oneMove rookEndgame,118,20,g5h5,True,0.9880667716552691,1,0.9066569209098816,g5h5,True,0.9985714554786682,0.06047099991701543,0,0.0,
2818,1201,endgame mate mateIn1 oneMove,80,28,g3g8,True,0.8559822615209914,1,0.6532046794891357,g3g8,True,0.991428554058075,0.1908569000661373,0,0.0,
2820,1271,crushing endgame master short skewer,100,22,c8g8,True,0.9162770669795984,1,0.9807263612747192,c8g8,True,0.9942857027053833,4.130324700032361,0,0.0,
2822,1256,advantage fork long middlegame,36,45,b3e6,True,0.8114826633455426,1,0.6809268593788147,b3e6,True,0.9885714054107666,6.1930477999849245,0,0.0,
2824,1191,mate mateIn2 middlegame short,55,41,e6e1,True,0.9987305960273197,1,0.9718303084373474,e6e1,True,0.9985714554786682,0.156858199974522,0,0.0,
2826,1230,crushing fork master middlegame short,37,34,e5f3,True,0.991329205443475,1,0.9476233124732971,e5f3,True,0.9985714554786682,3.851927199983038,0,0.0,
2828,1146,crushing fork master middlegame short,31,32,d7d2,True,0.9888055954962048,1,0.7571970820426941,d7d2,True,0.9985714554786682,5.0244274999713525,0,0.0,
2830,1314,advantage endgame fork short,69,28,c4e5,True,0.6885844809504003,1,0.46247798204421997,c4e5,True,0.9842857122421265,5.489377600024454,0,0.0,
2832,1283,crushing fork middlegame short,50,28,e1e6,True,0.9341182005113934,1,0.8759671449661255,e1e6,True,0.9957143068313599,3.9928096999647096,0,0.0,
2834,1268,advancedPawn crushing endgame fork long,94,12,f6f7,False,0.44709544282432634,2,0.30694344639778137,f5d6,True,0.9842857122421265,4.584243800025433,0,0.0,
2836,1156,advantage discoveredAttack kingsideAttack middlegame short,40,42,e4h7,True,0.8998083622854431,1,0.9532163739204407,e4h7,True,0.9928571581840515,4.336609399993904,0,0.0,
2838,1003,mate mateIn1 middlegame oneMove,25,44,d6h2,False,0.24776987235715026,2,0.9795665144920349,h6h2,True,0.9671428799629211,0.3819508000742644,0,0.0,
2840,1087,advantage endgame fork short,84,19,c5e6,True,0.926979939245877,1,0.9302319288253784,c5e6,True,0.9957143068313599,4.50512979994528,0,0.0,
2842,1027,advancedPawn crushing discoveredAttack endgame long rookEndgame,117,11,b4b3,True,0.7093206621801689,1,0.9005342721939087,b4b3,True,0.9871428608894348,4.330421600025147,0,0.0,
2844,1386,endgame long mate mateIn3 sacrifice,73,31,f7f5,False,0.2759846506996516,2,0.9807195663452148,f3g4,True,0.9714285731315613,0.385234099929221,0,0.0,
2846,1163,kingsideAttack long master masterVsMaster mate mateIn3 middlegame sacrifice,47,45,e4g3,True,0.9402033087679796,1,0.980426013469696,e4g3,True,0.9957143068313599,0.29887189995497465,0,0.0,
2848,1094,crushing endgame master masterVsMaster rookEndgame short skewer,112,17,b8b4,True,0.7894198811347114,1,0.9578214287757874,b8b4,True,0.9900000095367432,3.726767700049095,0,0.0,
2850,1279,discoveredCheck doubleCheck long mate mateIn3 middlegame sacrifice smotheredMate,67,36,f2d3,False,0.4657245591956139,2,0.9904220104217529,f2d3,False,0.03142857179045677,4.5206828999798745,0,0.0,
2852,1047,endgame mate mateIn2 queenEndgame short,115,24,e1e7,True,0.6102066156326038,1,0.6071521043777466,e1e7,True,0.9828571677207947,0.2595103000057861,0,0.0,
2854,1279,crushing discoveredAttack endgame exposedKing long,85,21,d3d1,True,0.9907679805224416,1,0.9433001279830933,d3d1,True,0.9985714554786682,4.920895599992946,0,0.0,
2856,1092,crushing discoveredAttack endgame short,63,28,b7g2,True,0.8802585371342734,1,0.9560460448265076,b7g2,True,0.9971428513526917,4.093536799889989,0,0.0,
2858,1182,endgame fork long mate mateIn3,55,31,c4d3,False,0.39657813062675,2,0.9729729890823364,g5c1,True,0.7200000286102295,1.488895400078036,0,0.0,
2860,1354,advancedPawn kingsideAttack mate mateIn2 opening short xRayAttack,28,36,g6f7,False,0.1070921088426406,2,0.9504377245903015,g6h7,True,0.9714285731315613,0.5695623999927193,0,0.0,
2862,1153,advantage fork middlegame short,18,34,a4b5,True,0.9328788429950267,1,0.3627406358718872,a4b5,True,0.9942857027053833,4.471454699989408,0,0.0,
2864,1259,crushing discoveredCheck doubleCheck middlegame short,35,44,e5d3,True,0.6944474328319329,1,0.9933146834373474,e5d3,True,0.9871428608894348,4.602251900010742,0,0.0,
2866,1232,mate mateIn1 middlegame oneMove,45,50,d2c1,True,0.781442467112999,1,0.9796329736709595,d2c1,True,0.9314285516738892,0.45404350000899285,0,0.0,
2868,1180,endgame long mate mateIn3,48,40,f6g7,True,0.7388321608523246,1,0.9939812421798706,f6g7,True,0.9885714054107666,0.447687599924393,0,0.0,
2870,1135,mate mateIn1 middlegame oneMove,69,39,e2d2,True,0.8436376943404511,1,0.7497708201408386,e2d2,True,0.9942857027053833,0.1893784999847412,0,0.0,
2872,1013,endgame mate mateIn1 oneMove operaMate,63,31,b2h2,True,0.9483295806591346,1,0.8018942475318909,b2h2,True,0.9957143068313599,0.10471200000029057,0,0.0,
2874,1314,endgame mate mateIn1 oneMove,66,34,c8f8,False,0.04548221636169861,2,0.9881057739257812,c8f8,False,0.04571428522467613,0.06446829997003078,0,0.0,
2876,1309,attackingF2F7 mate mateIn1 oneMove opening,16,36,c4f7,True,0.9791422133384791,1,0.9502431750297546,c4f7,True,0.9971428513526917,0.11583849997259676,0,0.0,
2878,1321,advantage defensiveMove hangingPiece opening short,30,2,g1h2,True,0.9670096869135228,1,0.0516502782702446,g1h2,True,0.9971428513526917,7.654776299954392,0,0.0,
2880,1283,advancedPawn crushing endgame hangingPiece master rookEndgame short,59,20,b8b1,True,0.9756518223498022,1,0.9800193905830383,b8b1,True,0.9985714554786682,4.1992812000680715,0,0.0,
2882,1256,endgame master mate mateIn1 oneMove,69,21,b2d4,True,0.6286696586895105,1,0.9967444539070129,b2d4,True,0.9800000190734863,0.2598513999255374,0,0.0,
2884,1445,attraction crushing endgame fork long,51,38,e8e1,False,0.37596577170891377,2,0.9875847697257996,h3g2,True,0.9757142663002014,4.598014299990609,0,0.0,
2886,1045,crushing endgame fork long queenRookEndgame,98,26,d4d5,True,0.948955758427294,1,0.9075164794921875,d4d5,True,0.9957143068313599,5.317344499984756,0,0.0,
2888,1131,backRankMate endgame long mate mateIn3 sacrifice,82,33,e7c7,True,0.6151679795604186,1,0.9974838495254517,e7c7,True,0.9857142567634583,0.8992601999780163,0,0.0,
2890,1405,advantage endgame pin short,56,26,f5e7,True,0.9039830620750767,1,0.8672332167625427,f5e7,True,0.9942857027053833,5.242552799987607,0,0.0,
2892,1203,crushing endgame long skewer,111,23,c1h6,True,0.6787588754647064,1,0.3130091428756714,c1h6,True,0.9814285635948181,4.4224700999911875,0,0.0,
2894,1288,kingsideAttack mate mateIn1 middlegame oneMove,30,43,e4f6,False,0.44898451274906515,2,0.9264323115348816,c3g7,True,0.9800000190734863,0.41635469999164343,0,0.0,
2896,1345,kingsideAttack mate mateIn2 middlegame sacrifice short xRayAttack,39,42,b4e1,True,0.9084218944023322,1,0.9505366683006287,b4e1,True,0.9942857027053833,0.1726512999739498,0,0.0,
2898,1170,crushing discoveredAttack endgame short,69,39,d3h3,True,0.9957943083665497,1,0.9978293180465698,d3h3,True,0.9985714554786682,4.125160799943842,0,0.0,
2900,1444,crushing hangingPiece middlegame short,62,37,c3f6,False,0.43564933980279336,2,0.9437606334686279,b3c4,True,0.9742857217788696,3.9838284000288695,0,0.0,
2902,1133,kingsideAttack mate mateIn2 middlegame short,35,42,d2f3,True,0.9691748181984894,1,0.9195391535758972,d2f3,True,0.9957143068313599,0.37229349999688566,0,0.0,
2904,1083,advantage fork middlegame short,54,36,f4f6,True,0.5787652368281169,1,0.9511940479278564,f4f6,True,0.9742857217788696,5.516778800054453,0,0.0,
2906,1150,advantage endgame fork short,94,21,f3d4,True,0.6517669616388382,1,0.866913914680481,f3d4,True,0.9842857122421265,5.254738199990243,0,0.0,
2908,1154,advantage discoveredAttack kingsideAttack long middlegame,49,38,e5e1,True,0.9155631126141263,1,0.37894824147224426,e5e1,True,0.9942857027053833,6.833554600016214,0,0.0,
2910,1039,endgame mate mateIn2 short,57,33,f6f2,True,0.7458024711768492,1,0.9520013332366943,f6f2,True,0.991428554058075,0.2987419000128284,0,0.0,
2912,1003,crushing endgame short skewer,86,16,h5g4,True,0.9027986074263443,1,0.9040704965591431,h5g4,True,0.9957143068313599,3.196570699918084,0,0.0,
2914,1282,endgame mate mateIn2 short,58,35,d1d8,True,0.7669021645570525,1,0.9958818554878235,d1d8,True,0.9871428608894348,0.3817902998998761,0,0.0,
2916,1231,crushing discoveredAttack long middlegame,44,46,c6e7,True,0.9845945318285272,1,0.8545055389404297,c6e7,True,0.9971428513526917,6.393016600050032,0,0.0,
2918,1027,advantage discoveredAttack middlegame short,32,48,d3g6,True,0.9795555422531609,1,0.975544273853302,d3g6,True,0.9985714554786682,5.598673700005747,0,0.0,
2920,1406,advantage deflection endgame long master,77,34,e7b7,True,0.8242719400028686,1,0.8687052130699158,e7b7,True,0.9928571581840515,3.8358219999354333,0,0.0,
2922,1100,crushing endgame fork short,39,41,f3h3,True,0.9976700116557653,1,0.9918253421783447,f3h3,True,0.9985714554786682,4.645809100009501,0,0.0,
2924,1003,endgame epauletteMate mate mateIn2 short,82,31,e1d1,True,0.9779592379330649,1,0.8621881604194641,e1d1,True,0.9971428513526917,0.1914181999163702,0,0.0,
2926,1273,advantage endgame fork long,72,25,g3f5,True,0.8771720636279715,1,0.5606394410133362,g3f5,True,0.9942857027053833,5.742217599996366,0,0.0,
2928,1351,advantage endgame fork short,78,18,g5e5,True,0.9036364134122428,1,0.8792197704315186,g5e5,True,0.9942857027053833,5.851976400008425,0,0.0,
2930,1422,advantage middlegame pin short,34,26,d2e4,True,0.42316579642547153,1,0.6888677477836609,d2e4,True,0.9800000190734863,4.684456100105308,0,0.0,
2932,1050,crushing endgame fork long master,76,13,c6c8,True,0.49732884225817886,1,0.36613842844963074,c6c8,True,0.9857142567634583,4.59118440002203,0,0.0,
2934,1379,kingsideAttack mate mateIn2 middlegame short,36,43,f4e5,True,0.9331999015120374,1,0.9983091354370117,f4e5,True,0.9942857027053833,0.34550010005477816,0,0.0,
2936,1153,mate mateIn2 middlegame short,35,37,g4e3,False,0.03421547260982689,2,0.9407990574836731,h4f2,True,0.8757143020629883,0.8377838999731466,0,0.0,
2938,1256,balestraMate mate mateIn2 middlegame short,43,34,d7a4,True,0.7427867974593952,1,0.9795677065849304,d7a4,True,0.9857142567634583,0.8284287999849766,0,0.0,
2940,1141,endgame mate mateIn1 oneMove rookEndgame,59,22,h6h5,True,0.9613001262602188,1,0.786453902721405,h6h5,True,0.9971428513526917,0.11718930001370609,0,0.0,
2942,1122,crushing endgame fork short,64,27,a4c5,True,0.5904550591763423,1,0.9715508818626404,a4c5,True,0.9728571176528931,4.213164299959317,0,0.0,
2944,1326,crushing endgame queenRookEndgame short skewer,75,24,g1e1,True,0.9117483958429778,1,0.943253755569458,g1e1,True,0.9957143068313599,4.042744899983518,0,0.0,
2946,1336,advancedPawn crushing endgame long trappedPiece,82,19,b5b6,True,0.767673360903078,1,0.9117226004600525,b5b6,True,0.991428554058075,6.319244800019078,0,0.0,
2948,1255,advantage endgame fork master short,108,24,e2c4,True,0.3339919323096985,1,0.9325460195541382,e2c4,True,0.9800000190734863,5.7177003000397235,0,0.0,
2950,1210,endgame mate mateIn1 oneMove,74,24,f8d8,True,0.3459032902763438,1,0.9236438870429993,f8d8,True,0.9714285731315613,0.3859801000216976,0,0.0,
2952,1269,advantage fork long middlegame,74,32,b7c8,True,0.8015309598801705,1,0.9293596148490906,b7c8,True,0.9900000095367432,4.909050800022669,0,0.0,
2954,1299,advantage discoveredAttack middlegame short,51,29,g6g2,False,0.3287297727814758,2,0.6980385780334473,c7b6,True,0.9685714244842529,6.302431300049648,0,0.0,
2956,1050,mate mateIn1 middlegame oneMove,53,37,e6c4,True,0.8018757557125584,1,0.926774263381958,e6c4,True,0.9928571581840515,0.15179390006233007,0,0.0,
2958,1307,kingsideAttack mate mateIn2 middlegame short,41,32,h4h1,True,0.8659510620888852,1,0.994575560092926,h4h1,True,0.9928571581840515,0.3872774000046775,0,0.0,
2960,1082,endgame mate mateIn1 oneMove,73,32,b1e4,True,0.871134579945844,1,0.9896953701972961,b1e4,True,0.9885714054107666,0.13909770001191646,0,0.0,
2962,1167,mate mateIn1 oneMove opening smotheredMate,20,50,d5f6,True,0.9468079410881483,1,0.9250512719154358,d5f6,True,0.9942857027053833,0.13889800000470132,0,0.0,
2964,1075,endgame mate mateIn2 short,65,20,d2f3,True,0.8229701294170487,1,0.9674741625785828,d2f3,True,0.991428554058075,0.33289129997137934,0,0.0,
2966,1229,mate mateIn2 middlegame sacrifice short,46,30,f3h3,True,0.9766644161971643,1,0.9772106409072876,f3h3,True,0.9971428513526917,0.1784133999608457,0,0.0,
2968,1220,advantage fork opening short,16,28,d1a4,True,0.9164255742563884,1,0.37816092371940613,d1a4,True,0.9942857027053833,4.17075010004919,0,0.0,
2970,1073,mate mateIn2 opening short,13,39,c5f2,True,0.8789727565109315,1,0.3585604131221771,c5f2,True,0.9714285731315613,6.72980940004345,0,0.0,
2972,1073,advantage endgame fork short,85,33,d6d5,True,0.9835437060360477,1,0.9409599304199219,d6d5,True,0.9971428513526917,4.758671599905938,0,0.0,
2974,1340,advantage long middlegame pin,31,31,f8e8,True,0.8522559393428759,1,0.8524272441864014,f8e8,True,0.9928571581840515,4.7009915000526235,0,0.0,
2976,1320,advantage attraction fork long middlegame pin sacrifice,78,50,d7d8,False,0.019209380016535424,7,0.7576563358306885,a6c8,True,0.7057142853736877,5.2017198000103235,0,0.0,
2978,1240,advantage endgame master pin short,53,21,f6e4,True,0.9961473085888097,1,0.8096904158592224,f6e4,True,0.9985714554786682,4.1172051000176,0,0.0,
2980,1379,crushing fork master opening short,19,47,d8h4,True,0.6137460989836295,1,0.7142094969749451,d8h4,True,0.977142870426178,4.053262799978256,0,0.0,
2982,1143,mate mateIn2 middlegame short,57,27,a7f2,True,0.9305196469989199,1,0.4941593110561371,a7f2,True,0.9942857027053833,0.18369920004624873,0,0.0,
2984,1070,mate mateIn1 middlegame oneMove,54,38,f5h7,True,0.9498588541848284,1,0.9884741902351379,f5h7,True,0.9971428513526917,0.09271600004285574,0,0.0,
2986,1179,kingsideAttack mate mateIn1 middlegame oneMove,44,36,d4g7,True,0.9449999177450988,1,0.8919078707695007,d4g7,True,0.9957143068313599,0.13638379995245486,0,0.0,
2988,1210,endgame mate mateIn2 sacrifice short,87,29,b3a3,True,0.9894654275589033,1,0.9902235865592957,b3a3,True,0.9985714554786682,0.18477900000289083,0,0.0,
2990,1239,kingsideAttack mate mateIn2 middlegame short,48,32,c2h7,True,0.9964732063151984,1,0.9229604601860046,c2h7,True,0.9985714554786682,0.2564167999662459,0,0.0,
2992,1226,crushing endgame fork queenRookEndgame short,102,15,g4e4,True,0.8676050004080855,1,0.8225832581520081,g4e4,True,0.9957143068313599,4.1868259001057595,0,0.0,
2994,1293,advantage hangingPiece middlegame short,57,3,f8f7,True,0.963206628163364,1,0.2982162833213806,f8f7,True,0.9971428513526917,5.3812478999607265,0,0.0,
2996,1165,blindSwineMate endgame mate mateIn1 oneMove,85,27,c2f2,True,0.6833754667860846,1,0.8941981196403503,c2f2,True,0.9800000190734863,0.3187629000749439,0,0.0,
2998,1107,endgame mate mateIn2 short,76,27,g8h8,True,0.9172640479664762,1,0.9966998100280762,g8h8,True,0.9957143068313599,0.5914251999929547,0,0.0,
3000,1375,endgame mate mateIn2 short,109,37,d5d3,False,0.3845898370556729,2,0.9544264674186707,d5f3,True,0.9657142758369446,0.4940779000753537,0,0.0,
3002,1256,endgame master mate mateIn1 oneMove pin,66,26,d5f7,False,0.28936398732795954,2,0.9697123169898987,b7b8,True,0.9800000190734863,0.28435490000993013,0,0.0,
3004,1286,attraction crushing deflection endgame long,95,38,d1h1,True,0.9339657014048585,1,0.9935263395309448,d1h1,True,0.9957143068313599,4.340374300023541,0,0.0,
3006,1022,mate mateIn1 middlegame oneMove,46,48,c5b6,True,0.9462368585615242,1,0.9824126362800598,c5b6,True,0.9971428513526917,0.10759569995570928,0,0.0,
3008,1176,crushing fork long middlegame,49,31,h4f3,True,0.9920813816079747,1,0.6791250109672546,h4f3,True,0.9985714554786682,4.870025499956682,0,0.0,
3010,1193,crushing endgame interference long rookEndgame,116,12,a7b7,True,0.8591189778013194,1,0.8555997610092163,a7b7,True,0.9928571581840515,3.965197499957867,0,0.0,
3012,1119,crushing endgame fork short,116,8,g5e3,True,0.7783666909439588,1,0.9396400451660156,g5e3,True,0.991428554058075,4.011422000010498,0,0.0,
3014,1227,backRankMate endgame long mate mateIn3 sacrifice,70,27,f2f7,True,0.9647944612046233,1,0.5382901430130005,f2f7,True,0.9971428513526917,0.33547330007422715,0,0.0,
3016,1138,crushing endgame fork long,68,35,c2c8,True,0.8801801954988955,1,0.9862798452377319,c2c8,True,0.9942857027053833,5.047840000013821,0,0.0,
3018,1213,advantage hangingPiece middlegame short,44,5,g1f2,False,0.4380010644488808,2,0.22014537453651428,e4f2,True,0.9800000190734863,4.989353400073014,0,0.0,
3020,1146,endgame master mate mateIn1 oneMove,65,41,d8h8,True,0.9452266521625643,1,0.8937124609947205,d8h8,True,0.9957143068313599,0.10869600006844848,0,0.0,
3022,1085,crushing endgame fork queenRookEndgame short,113,19,d2h6,True,0.5865219159765975,1,0.9410818815231323,d2h6,True,0.9814285635948181,5.297614200040698,0,0.0,
3024,1216,backRankMate endgame long mate mateIn3 sacrifice,49,37,f5f1,False,0.0010210501048006847,7,0.9965718984603882,f5f1,False,0.0,4.231123800040223,0,0.0,
3026,1414,crushing endgame hangingPiece intermezzo master short,86,8,e7c6,True,0.9599690388326785,1,0.4460395574569702,e7c6,True,0.9971428513526917,4.98542909999378,0,0.0,
3028,1036,mate mateIn1 middlegame oneMove pin,54,44,d1d8,True,0.9945558719628377,1,0.986261785030365,d1d8,True,0.9985714554786682,0.048860000097192824,0,0.0,
3030,1240,backRankMate mate mateIn1 middlegame oneMove,31,46,e8e1,True,0.9970191870988899,1,0.9937741160392761,e8e1,True,0.9985714554786682,0.05203369993250817,0,0.0,
3032,1295,crushing discoveredAttack endgame master queensideAttack short,58,28,e4b7,True,0.7973579765547596,1,0.9685967564582825,e4b7,True,0.9942857027053833,4.34510809998028,0,0.0,
3034,1166,kingsideAttack mate mateIn2 middlegame short,33,46,d6h2,False,0.06108744011651157,3,0.990159273147583,h4h2,True,0.9342857003211975,0.7973440000787377,0,0.0,
3036,1308,attraction crushing endgame long,65,30,d4g1,False,0.13175713726184096,2,0.9645470380783081,h5g3,True,0.9685714244842529,5.094003099948168,0,0.0,
3038,1278,master masterVsMaster mate mateIn1 middlegame oneMove pillsburysMate pin,54,46,h1h5,True,0.8639242203048311,1,0.9933609962463379,h1h5,True,0.9900000095367432,0.19031830003950745,0,0.0,
3040,1255,crushing endgame fork short,51,28,f4g2,True,0.9970041304341783,1,0.9875228404998779,f4g2,True,0.9985714554786682,4.48527190007735,0,0.0,
3042,1176,kingsideAttack mate mateIn1 middlegame oneMove,31,41,d5g2,True,0.99916395617428,1,0.9842950105667114,d5g2,True,0.9985714554786682,0.06125409994274378,0,0.0,
3044,1311,endgame mate mateIn1 oneMove queensideAttack,45,22,a4a1,False,0.047644010121174335,2,0.9981669187545776,a4c2,True,0.9257143139839172,0.7000790999736637,0,0.0,
3046,1155,crushing fork master middlegame short,49,34,b5b4,False,0.3393183909621569,2,0.9308866262435913,f6e4,True,0.9528571367263794,4.87533579999581,0,0.0,
3048,1399,long mate mateIn3 middlegame sacrifice,46,37,c1b1,False,0.017274002025520062,8,0.019299108535051346,a7f7,True,0.6700000166893005,0.98926019994542,0,0.0,
3050,1306,backRankMate endgame mate mateIn2 short,46,30,e5d7,True,0.598952954633761,1,0.9493881464004517,e5d7,True,0.9857142567634583,0.5608597999671474,0,0.0,
3052,1433,mate mateIn1 middlegame oneMove pin,41,41,e8e1,True,0.9269089591384104,1,0.9858354926109314,e8e1,True,0.991428554058075,0.1909276999067515,0,0.0,
3054,1361,crushing deflection endgame rookEndgame short,100,20,d5d2,True,0.5622632072736596,1,0.9239661693572998,d5d2,True,0.9785714149475098,4.351644999929704,0,0.0,
3056,1047,crushing endgame fork hangingPiece short,38,16,f7f8,True,0.9644410074960341,1,0.9434784650802612,f7f8,True,0.9971428513526917,4.399166599963792,0,0.0,
3058,1081,deflection endgame mate mateIn2 short,90,3,c5b5,True,0.7708323090768399,1,0.6741443276405334,c5b5,True,0.9928571581840515,0.3368635999504477,0,0.0,
3060,1389,endgame mate mateIn1 oneMove rookEndgame,111,17,g2g1,True,0.8847536049488329,1,0.9931267499923706,g2g1,True,0.991428554058075,0.19863390002865344,0,0.0,
3062,1314,advantage defensiveMove long middlegame pin,70,35,f3h4,True,0.8131892452765372,1,0.903281033039093,f3h4,True,0.991428554058075,6.466241299989633,0,0.0,
3064,1388,crushing hangingPiece middlegame short,46,5,b2c3,True,0.9290568618123333,1,0.3579947054386139,b2c3,True,0.9971428513526917,5.267383400001563,0,0.0,
3066,1408,crushing deflection endgame long rookEndgame,112,14,g1f1,True,0.9990917735602495,1,0.8810390830039978,g1f1,True,0.9985714554786682,4.531313400017098,0,0.0,
3068,1328,endgame mate mateIn1 oneMove,86,16,g7h7,True,0.9093032181585005,1,0.9342828989028931,g7h7,True,0.9928571581840515,0.1474275999935344,0,0.0,
3070,1045,advantage opening short trappedPiece,18,36,c1g5,True,0.921907284864235,1,0.4510631263256073,c1g5,True,0.9957143068313599,5.1380076999776065,0,0.0,
3072,1277,endgame master masterVsMaster mate mateIn1 oneMove,77,43,e4g2,True,0.6047166381183963,1,0.9974010586738586,e4g2,True,0.9728571176528931,0.34377309994306415,0,0.0,
3074,1031,clearance mate mateIn2 middlegame short,52,34,g5f7,True,0.9860162113711698,1,0.9798676371574402,g5f7,True,0.9971428513526917,0.2782935999566689,0,0.0,
3076,1139,advantage long middlegame pin queensideAttack,47,34,a2a1,True,0.9940457240611161,1,0.7475990653038025,a2a1,True,0.9985714554786682,5.851492299931124,0,0.0,
3078,1306,kingsideAttack mate mateIn2 middlegame short,54,33,d5f6,True,0.8825346696062395,1,0.9782928228378296,d5f6,True,0.9900000095367432,0.26058749994263053,0,0.0,
3080,1031,endgame mate mateIn1 oneMove,59,35,e8e1,True,0.9943250813718969,1,0.9624854326248169,e8e1,True,0.9985714554786682,0.06441310001537204,0,0.0,
3082,1025,crushing middlegame pin short,36,37,e4f5,True,0.9454745114812606,1,0.5467215180397034,e4f5,True,0.9957143068313599,6.792574200080708,0,0.0,
3084,1135,endgame master mate mateIn2 short,78,32,e1e8,True,0.9581532216786867,1,0.9747670292854309,e1e8,True,0.9971428513526917,0.18614200002048165,0,0.0,
3086,1247,advantage endgame fork short,123,26,b1a1,False,0.046134881671827756,3,0.061768509447574615,d3c5,True,0.9100000262260437,4.8922462000045925,0,0.0,
3088,1308,advantage attraction endgame short,75,25,d3f4,True,0.8222689202860662,1,0.9224634766578674,d3f4,True,0.991428554058075,5.350943400058895,0,0.0,
3090,1250,crushing endgame fork long,54,23,e1e6,True,0.9893387268115248,1,0.9472569823265076,e1e6,True,0.9985714554786682,3.4444030999438837,0,0.0,
3092,1402,mate mateIn1 middlegame oneMove,42,44,f7e8,True,0.8977404645662641,1,0.9926151037216187,f7e8,True,0.9957143068313599,0.13654480001423508,0,0.0,
3094,1118,master mate mateIn1 middlegame oneMove,53,49,h4g3,False,0.026715278684914318,3,0.9791314601898193,e5g3,True,0.6928571462631226,1.856815000064671,0,0.0,
3096,1160,crushing endgame fork short,78,41,c1c7,True,0.8023330177807215,1,0.9901078343391418,c1c7,True,0.9885714054107666,4.311754000023939,0,0.0,
3098,1315,advantage deflection fork long middlegame,62,52,a1a8,True,0.9701039732971938,1,0.9526570439338684,a1a8,True,0.9985714554786682,4.433034299989231,0,0.0,
3100,1087,endgame hangingPiece mate mateIn2 short,92,30,e7f8,True,0.9856850798540691,1,0.9679485559463501,e7f8,True,0.9985714554786682,0.2438504999736324,0,0.0,
3102,1102,master mate mateIn1 middlegame oneMove,46,37,g6f7,True,0.7363946526701811,1,0.992408275604248,g6f7,True,0.8657143115997314,0.376507299952209,0,0.0,
3104,1030,advantage endgame fork short,60,29,e4f6,True,0.8818940700965565,1,0.8097522854804993,e4f6,True,0.9942857027053833,3.9982043000636622,0,0.0,
3106,1078,crushing fork middlegame short,55,33,e5g3,True,0.8849596974091912,1,0.9076393842697144,e5g3,True,0.9942857027053833,4.149338299990632,0,0.0,
3108,1429,mate mateIn1 middlegame oneMove,72,31,e6f7,True,0.8893456655124916,1,0.9227505326271057,e6f7,True,0.9942857027053833,0.18105459993239492,0,0.0,
3110,1416,advantage opening short trappedPiece,16,35,d2c3,True,0.8300710289972708,1,0.2918781042098999,d2c3,True,0.991428554058075,5.729624199913815,0,0.0,
3112,1168,crushing fork middlegame short,54,32,f1c4,True,0.9930008879693791,1,0.9715614914894104,f1c4,True,0.9985714554786682,5.082107300055213,0,0.0,
3114,1374,attraction crushing endgame fork long sacrifice,52,32,d5e7,False,0.20426740116703243,3,0.8521378636360168,b7d7,True,0.9242857098579407,4.217358900001273,0,0.0,
3116,1334,mate mateIn2 middlegame short,42,44,g5e6,True,0.977656395557951,1,0.9498189091682434,g5e6,True,0.9971428513526917,0.29747130000032485,0,0.0,
3118,1439,endgame mate mateIn2 short,79,34,e3d2,False,0.3069844503167636,2,0.9745315313339233,e3g1,True,0.9585714340209961,0.6950932999607176,0,0.0,
3120,1387,advantage discoveredAttack discoveredCheck endgame master short,115,15,f4e6,False,0.10160871093485356,2,0.8779666423797607,f4h3,True,0.9571428298950195,5.269958500051871,0,0.0,
3122,1084,kingsideAttack mate mateIn1 middlegame oneMove,46,30,d4g7,True,0.9965489494985348,1,0.8822762966156006,d4g7,True,0.9985714554786682,0.05761400004848838,0,0.0,
3124,1367,endgame mate mateIn2 operaMate sacrifice short,62,47,d2d8,True,0.6456104485732843,1,0.9434812068939209,d2d8,True,0.9857142567634583,0.37315250001847744,0,0.0,
3126,1114,advantage fork middlegame short,46,38,e3e4,True,0.7966641353342453,1,0.421390175819397,e3e4,True,0.9928571581840515,4.112368499976583,0,0.0,
3128,1332,endgame mate mateIn2 short,58,37,h8h7,True,0.47089767942844224,1,0.9735947251319885,h8h7,True,0.9814285635948181,0.35153940005693585,0,0.0,
3130,1017,attackingF2F7 mate mateIn1 oneMove opening,18,37,f3f7,True,0.4949894726059643,1,0.8532805442810059,f3f7,True,0.8700000047683716,0.9003048000158742,0,0.0,
3132,1410,endgame hookMate mate mateIn2 short,78,19,g3g4,True,0.7728932096689638,1,0.8710322380065918,g3g4,True,0.9885714054107666,0.329250100068748,0,0.0,
3134,1128,kingsideAttack mate mateIn2 middlegame short,47,28,f8f1,True,0.9811858718586742,1,0.9271211624145508,f8f1,True,0.9971428513526917,0.18580600002314895,0,0.0,
3136,1186,kingsideAttack mate mateIn2 middlegame short triangleMate,54,32,h6g6,False,0.29113891295438077,2,0.9725986123085022,h6h8,True,0.977142870426178,0.5027534000109881,0,0.0,
3138,1140,mate mateIn2 middlegame short,27,40,c7g3,True,0.9954116351397284,1,0.9023280739784241,c7g3,True,0.9985714554786682,0.3233758000424132,0,0.0,
3140,1183,mate mateIn2 middlegame short,58,44,d5f7,True,0.9570853773923558,1,0.9795316457748413,d5f7,True,0.9971428513526917,0.19469259993638843,0,0.0,
3142,1354,kingsideAttack long mate mateIn3 middlegame sacrifice,47,53,g6g3,True,0.965869884532836,1,0.9138211607933044,g6g3,True,0.9985714554786682,1.3001139999832958,0,0.0,
3144,1178,endgame mate mateIn2 short triangleMate,76,31,e1e8,True,0.8843756891333708,1,0.9730288982391357,e1e8,True,0.9871428608894348,0.4275423999642953,0,0.0,
3146,1040,crushing fork master middlegame short,69,48,e6e2,True,0.9667563620055122,1,0.8995348215103149,e6e2,True,0.9971428513526917,4.468472999986261,0,0.0,
3148,1261,crushing fork middlegame short,18,28,f2f3,True,0.8232854581837443,1,0.5305919051170349,f2f3,True,0.9885714054107666,4.448617100017145,0,0.0,
3150,1157,endgame mate mateIn2 short,86,22,e7d8,True,0.879174317522654,1,0.316461443901062,e7d8,True,0.9942857027053833,0.23484549997374415,0,0.0,
3152,1251,crushing endgame fork short,89,17,d2c3,True,0.9542571938317,1,0.9338246583938599,d2c3,True,0.9971428513526917,4.156958799925633,0,0.0,
3154,1366,advantage endgame skewer veryLong,64,34,c1c4,True,0.8431897666643005,1,0.9716626405715942,c1c4,True,0.9928571581840515,5.602049799985252,0,0.0,
3156,1360,advantage deflection master middlegame short,47,28,e8e1,True,0.7593404572540357,1,0.7620030641555786,e8e1,True,0.9900000095367432,4.6576017999323085,0,0.0,
3158,1207,endgame mate mateIn1 oneMove,66,36,d5d6,False,0.10766653074912767,2,0.8389995098114014,g4g5,True,0.9714285731315613,0.4500393000198528,0,0.0,
3160,1143,endgame mate mateIn1 oneMove,60,34,f7h7,False,0.46987369288549774,2,0.9987848997116089,f7h7,False,0.4699999988079071,0.06232079991605133,0,0.0,
3162,1069,mate mateIn1 middlegame oneMove,47,37,f3h5,True,0.8129228632178981,1,0.9409303069114685,f3h5,True,0.9928571581840515,0.19445479998830706,0,0.0,
3164,1298,endgame mate mateIn2 short,60,37,h7h8,True,0.6787757819908767,1,0.9966412782669067,h7h8,True,0.9871428608894348,0.41981410002335906,0,0.0,
3166,1389,crushing deflection fork long middlegame,37,35,h4g3,True,0.9990528369685436,1,0.950153648853302,h4g3,True,0.9985714554786682,3.075334799941629,0,0.0,
3168,1232,crushing deflection endgame short,70,26,b6b7,True,0.8128714787330602,1,0.814704954624176,b6b7,True,0.9885714054107666,5.677802299964242,0,0.0,
3170,1036,kingsideAttack mate mateIn1 middlegame oneMove,32,50,d3h7,True,0.9998166187121326,1,0.9304196238517761,d3h7,True,0.9985714554786682,0.06201810005586594,0,0.0,
3172,1158,endgame fork mate mateIn2 short,58,29,d2h6,True,0.9850684354918542,1,0.959510087966919,d2h6,True,0.9971428513526917,0.30872119998093694,0,0.0,
3174,1298,endgame mate mateIn1 oneMove queenEndgame,75,35,d5h1,True,0.9852283293272174,1,0.9841957688331604,d5h1,True,0.9971428513526917,0.11159749992657453,0,0.0,
3176,1057,endgame hangingPiece master mate mateIn1 oneMove,59,37,d3f1,True,0.9959117518003688,1,0.9383078217506409,d3f1,True,0.9985714554786682,0.061625200090929866,0,0.0,
3178,1009,crushing endgame fork short,117,22,g4e3,True,0.7147369169353296,1,0.9781444072723389,g4e3,True,0.9842857122421265,4.323319900082424,0,0.0,
3180,1286,endgame master mate mateIn1 oneMove,88,23,f7f8,True,0.7449479557908829,1,0.8399491906166077,f7f8,True,0.9871428608894348,0.32708029996138066,0,0.0,
3182,1072,crushing endgame interference short,59,27,a5a4,True,0.9866244916833302,1,0.8232547640800476,a5a4,True,1.0,4.383111299946904,0,0.0,
3184,1315,crushing endgame long quietMove skewer,68,24,d3h3,True,0.9033088573203806,1,0.9872301816940308,d3h3,True,0.9942857027053833,2.1856947999913245,0,0.0,
3186,1118,endgame mate mateIn1 oneMove,64,46,d8d7,False,0.07362840395823922,2,0.9844068288803101,g4d7,True,0.954285740852356,0.5727502999361604,0,0.0,
3188,1232,backRankMate long mate mateIn3 middlegame sacrifice,39,44,c6g2,False,0.0696429393706655,5,0.8724542260169983,c6c1,True,0.9371428489685059,1.0301080000353977,0,0.0,
3190,1008,backRankMate endgame mate mateIn2 short,65,15,e8e1,True,0.7772221723031119,1,-0.7215049266815186,e8e1,True,0.9942857027053833,0.299512300058268,0,0.0,
3192,1072,hangingPiece kingsideAttack mate mateIn1 middlegame oneMove,26,32,h5e8,True,0.995082718302641,1,0.5556078553199768,h5e8,True,0.9985714554786682,0.07572359999176115,0,0.0,
3194,1050,advantage endgame pin short,70,29,c5c7,True,0.9694459010736484,1,0.7652742862701416,c5c7,True,0.9971428513526917,4.351603499962948,0,0.0,
3196,1186,crushing deflection endgame short,86,39,e4g6,False,0.17867827729430596,2,0.9879757165908813,e8h8,True,0.9528571367263794,4.060131900012493,0,0.0,
3198,1027,crushing endgame fork long,103,11,d6c5,True,0.8335811419504788,1,0.9892869591712952,d6c5,True,0.9928571581840515,3.8455773999448866,0,0.0,
3200,1256,backRankMate long mate mateIn3 middlegame sacrifice,52,35,a5c7,True,0.7264646604246081,1,0.9988222122192383,a5c7,True,0.9900000095367432,0.4694248999003321,0,0.0,
3202,1043,crushing fork middlegame short,37,28,h5g3,True,0.9823564939507103,1,0.554606556892395,h5g3,True,0.9971428513526917,4.779709599912167,0,0.0,
3204,1160,crushing endgame rookEndgame short skewer,115,18,a1e1,True,0.5167503068331725,1,0.5213154554367065,a1e1,True,0.9828571677207947,4.127427699975669,0,0.0,
3206,1080,endgame mate mateIn1 oneMove rookEndgame,84,16,a7a8,True,0.9883427551623195,1,0.9967021942138672,a7a8,True,1.0,0.03193010005634278,0,0.0,
3208,1080,crushing endgame hangingPiece short,57,33,f5b1,True,0.8623507309356926,1,0.760657787322998,f5b1,True,0.9942857027053833,4.297855100012384,0,0.0,
3210,1083,crushing endgame fork short,97,15,d6b5,True,0.483173101479842,1,0.34445998072624207,d6b5,True,0.9800000190734863,4.539248499902897,0,0.0,
3212,1201,endgame mate mateIn1 oneMove,63,33,d5h1,True,0.9007750598780123,1,0.9958193302154541,d5h1,True,0.9957143068313599,0.15457360004074872,0,0.0,
3214,1216,advantage hangingPiece long opening,19,27,e7e6,True,0.5732648283844409,1,0.34956440329551697,e7e6,True,0.9828571677207947,4.638289800030179,0,0.0,
3216,1406,endgame long mate mateIn3,91,28,c1h1,True,0.910176898255444,1,0.9678406715393066,c1h1,True,0.9971428513526917,0.34422740002628416,0,0.0,
3218,1312,attraction kingsideAttack mate mateIn2 middlegame sacrifice short,40,42,h5h7,True,0.9377934018098357,1,0.9983970522880554,h5h7,True,0.9900000095367432,0.421796299982816,0,0.0,
3220,1264,endgame mate mateIn2 short,70,35,c7c8,False,0.4084402020968059,2,0.9715548157691956,c5f8,True,0.9671428799629211,0.5371519000036642,0,0.0,
3222,1056,mate mateIn2 middlegame queensideAttack short,55,31,a6d3,True,0.9329394113870535,1,0.7260138988494873,a6d3,True,0.9957143068313599,0.3088131999829784,0,0.0,
3224,1060,mate mateIn1 middlegame oneMove,36,40,f7h7,False,0.039826901657358214,5,0.9513053894042969,f7g7,True,0.9014285802841187,0.9438127999892458,0,0.0,
3226,1284,crushing endgame queenEndgame short skewer,78,26,b5b6,False,0.0033463797003481215,5,0.8938401937484741,b5b6,False,0.0,4.479537899955176,0,0.0,
3228,1323,advancedPawn advantage deflection endgame promotion rookEndgame short,102,22,c7c6,True,0.6051090415006267,1,0.8787387013435364,c7c6,True,0.9857142567634583,4.387227899977006,0,0.0,
3230,1256,endgame mate mateIn2 pin short,66,21,e7f6,True,0.9974194367191899,1,0.9701367616653442,e7f6,True,0.9985714554786682,0.3532641999190673,0,0.0,
3232,1301,crushing defensiveMove discoveredAttack fork middlegame veryLong,43,40,e5f3,True,0.9941618755722081,1,0.8637118935585022,e5f3,True,0.9985714554786682,5.713746199966408,0,0.0,
3234,1065,mate mateIn2 middlegame short,76,36,g2e4,True,0.9968599827434758,1,0.8377005457878113,g2e4,True,0.9985714554786682,0.2878747000358999,0,0.0,
3236,1250,advantage defensiveMove endgame hangingPiece short,50,5,g1f2,True,0.6530953494575158,1,0.5036256909370422,g1f2,True,0.9828571677207947,5.023214799934067,0,0.0,
3238,1030,endgame mate mateIn2 short,68,30,e5e8,True,0.5217255623588422,1,0.9797725081443787,e5e8,True,0.9842857122421265,0.45416259998455644,0,0.0,
3240,1267,advantage deflection endgame short,59,42,d5c4,False,0.10676302094999054,3,0.957940399646759,d1g1,True,0.9599999785423279,7.024886699975468,0,0.0,
3242,1432,crushing middlegame short skewer,61,33,e4d3,False,0.22564425656293666,2,0.9219948053359985,h2h1,True,0.9685714244842529,4.9952361000468954,0,0.0,
3244,1117,kingsideAttack mate mateIn2 middlegame short,34,37,d1h5,True,0.874355667181191,1,0.9898570775985718,d1h5,True,0.9857142567634583,0.4197662000078708,0,0.0,
3246,1395,discoveredAttack kingsideAttack mate mateIn2 middlegame sacrifice short,26,45,e4f6,True,0.9659136139969707,1,0.9153262972831726,e4f6,True,0.9971428513526917,0.2868214000482112,0,0.0,
3248,1056,crushing endgame fork short,102,20,f4h5,True,0.6341652240725307,1,0.9130516052246094,f4h5,True,0.9742857217788696,5.380175600061193,0,0.0,
3250,1175,advantage middlegame short trappedPiece,53,41,e7c5,True,0.551197697909228,1,0.25395095348358154,e7c5,True,0.9842857122421265,5.233631000039168,0,0.0,
3252,1101,backRankMate endgame long mate mateIn3 sacrifice,51,32,c6c2,True,0.4855287417758391,1,0.9135714769363403,c6c2,True,0.9857142567634583,0.4545997999375686,0,0.0,
3254,1316,advancedPawn advantage endgame exposedKing fork long,56,27,h6h7,True,0.8804287100661091,1,0.8796642422676086,h6h7,True,0.9957143068313599,4.718345699948259,0,0.0,
3256,1149,mate mateIn2 middlegame short,38,46,d1d8,False,0.33866952348565627,2,0.9733867049217224,d1f3,True,0.977142870426178,0.5399594000773504,0,0.0,
3258,1061,endgame mate mateIn1 oneMove,91,19,d6d1,True,0.9994540311878766,1,0.606563925743103,d6d1,True,0.9985714554786682,0.062145500094629824,0,0.0,
3260,1083,endgame mate mateIn4 sacrifice veryLong,58,28,g4g5,True,0.832008211943084,1,0.9580060839653015,g4g5,True,0.9942857027053833,0.7258124999934807,0,0.0,
3262,1197,endgame mate mateIn1 oneMove,56,31,e7f8,False,0.4421534418752162,2,0.8429747819900513,e7e2,True,0.9828571677207947,0.33188099996186793,0,0.0,
3264,1172,discoveredCheck doubleCheck kingsideAttack mate mateIn1 oneMove opening,28,41,d5f6,True,0.9015305350126925,1,0.6912766695022583,d5f6,True,0.9957143068313599,0.155420400085859,0,0.0,
3266,1040,crushing discoveredAttack kingsideAttack middlegame short,33,47,d5g2,True,0.9720435604328529,1,0.9588754773139954,d5g2,True,0.9971428513526917,4.359945499920286,0,0.0,
3268,1038,crushing endgame fork short,86,30,f4d6,True,0.6799258229054655,1,0.8726475238800049,f4d6,True,0.9857142567634583,5.3630508000496775,0,0.0,
3270,1355,advantage endgame master short trappedPiece,48,28,f4f5,True,0.863762824512373,1,0.9006218314170837,f4f5,True,0.991428554058075,5.255762499989942,0,0.0,
3272,1358,mate mateIn1 oneMove opening,18,47,c1g5,True,0.9701633050247095,1,0.9497981071472168,c1g5,True,0.9971428513526917,0.10729149996768683,0,0.0,
3274,1037,endgame mate mateIn2 short,67,34,f8f2,True,0.8213147690592232,1,0.9591445326805115,f8f2,True,0.991428554058075,0.38844050001353025,0,0.0,
3276,1320,advancedPawn master mate mateIn2 middlegame sacrifice short,55,42,f8f1,False,0.31435249156703665,2,0.9891698360443115,g6g3,True,0.9685714244842529,0.5574911000439897,0,0.0,
3278,1275,kingsideAttack mate mateIn1 middlegame oneMove,42,31,g3g7,True,0.7543514311173066,1,0.9941582679748535,g3g7,True,0.9814285635948181,0.374983899993822,0,0.0,
3280,1408,endgame mate mateIn2 short,64,33,f5e6,False,0.19821184770091843,2,0.9807862639427185,e1e8,True,0.9371428489685059,0.6972882999107242,0,0.0,
3282,1245,advantage endgame fork short,46,27,g5e6,True,0.7267759839390392,1,0.9487358331680298,g5e6,True,0.9871428608894348,5.252384699997492,0,0.0,
3284,1330,kingsideAttack mate mateIn1 oneMove opening,26,44,b3f7,True,0.7038851514466159,1,0.8952576518058777,b3f7,True,0.977142870426178,0.3805626999819651,0,0.0,
3286,1242,mate mateIn2 middlegame short,54,41,f7f8,True,0.8809457282900965,1,0.984318733215332,f7f8,True,0.9928571581840515,0.29088739992585033,0,0.0,
3288,1417,advantage attraction endgame fork long,62,44,f3g5,False,0.2362582412123202,2,0.9145905375480652,f7g6,True,0.9714285731315613,5.378383100032806,0,0.0,
3290,1390,crushing endgame master masterVsMaster short skewer,110,24,f8g7,False,0.017363166152795418,4,0.9414229393005371,f8b8,True,0.6499999761581421,4.805081199971028,0,0.0,
3292,1324,mate mateIn1 middlegame oneMove,33,30,f8b4,True,0.7721504850471093,1,0.6638413071632385,f8b4,True,0.9871428608894348,0.28776950004976243,0,0.0,
3294,1090,endgame mate mateIn1 oneMove,55,42,g2h2,True,0.9311469066759298,1,0.979733943939209,g2h2,True,0.9957143068313599,0.16779069998301566,0,0.0,
3296,1033,endgame mate mateIn2 queenRookEndgame short,79,15,g6g5,True,0.859819525166656,1,0.16350553929805756,g6g5,True,0.9900000095367432,0.4180177999660373,0,0.0,
3298,1333,mate mateIn2 middlegame queensideAttack short,42,40,e1e8,True,0.9387594801876836,1,0.6923707723617554,e1e8,True,0.9957143068313599,0.21750469994731247,0,0.0,
3300,1172,mate mateIn1 oneMove opening,22,42,c3a4,False,0.034346627886204475,4,0.8028658032417297,e8b5,True,0.8871428370475769,1.1064943000674248,0,0.0,
3302,1059,endgame master mate mateIn1 oneMove operaMate,60,35,a8d8,True,0.894689494544504,1,0.9960910081863403,a8d8,True,0.9871428608894348,0.1871698999311775,0,0.0,
3304,1186,crushing middlegame short trappedPiece,36,36,f4f5,True,0.9253319220407923,1,0.7821286916732788,f4f5,True,0.9957143068313599,4.187338000047021,0,0.0,
3306,1137,crushing endgame fork short,67,20,h6f4,True,0.6670671576026324,1,0.9295912981033325,h6f4,True,0.9857142567634583,4.152240400086157,0,0.0,
3308,1102,endgame fork mate mateIn2 short,58,36,f3f7,True,0.9754990317846296,1,0.9751200675964355,f3f7,True,0.9971428513526917,0.5797724999720231,0,0.0,
3310,1282,crushing discoveredAttack kingsideAttack middlegame short,39,41,e5f3,True,0.9971531385777367,1,0.8431097269058228,e5f3,True,0.9985714554786682,4.022859400021844,0,0.0,
3312,1237,mate mateIn2 middlegame sacrifice short,56,50,f1f8,True,0.9006876053924036,1,0.7908627390861511,f1f8,True,0.9942857027053833,0.2306526000611484,0,0.0,
3314,1163,advantage endgame master pin short,74,35,a6d6,True,0.7019663833036418,1,0.9796745181083679,a6d6,True,0.9900000095367432,4.706432200036943,0,0.0,
3316,1179,mate mateIn2 middlegame queensideAttack short,44,36,f2a7,True,0.6377354258996782,1,0.5011147260665894,f2a7,True,0.9828571677207947,0.44876649999059737,0,0.0,
3318,1027,endgame mate mateIn1 oneMove,73,25,f3h1,True,0.7980272551776965,1,0.9773317575454712,f3h1,True,0.991428554058075,0.16544100001920015,0,0.0,
3320,1268,crushing deflection endgame veryLong,50,35,d1h1,True,0.9835198181433149,1,0.9802508354187012,d1h1,True,0.9971428513526917,4.338722400018014,0,0.0,
3322,1071,advantage middlegame pin short,53,34,c6d4,True,0.9982747879680854,1,0.4767386317253113,c6d4,True,0.9985714554786682,7.172113999957219,0,0.0,
3324,1125,endgame mate mateIn2 short,54,30,d1d8,False,0.35401162518438617,2,0.9552221298217773,a4a8,True,0.9785714149475098,0.3842915999703109,0,0.0,
3326,1081,mate mateIn2 middlegame queensideAttack short,48,35,c2c8,False,0.07426881845762896,3,0.8810326457023621,c2c7,True,0.9528571367263794,0.6482106999028474,0,0.0,
3328,1448,advantage attraction deflection long middlegame,46,33,h5g5,False,0.04073227685286126,3,0.7922540307044983,d1d7,True,0.8942857384681702,7.023380300030112,0,0.0,
3330,1225,endgame mate mateIn2 queensideAttack short,74,19,e7e8,True,0.9293118023646008,1,0.909490168094635,e7e8,True,0.9928571581840515,0.2522087999386713,0,0.0,
3332,1097,crushing fork opening short,18,34,c2a4,True,0.9120622826899601,1,0.4564031958580017,c2a4,True,0.9957143068313599,4.771567000076175,0,0.0,
3334,1275,crushing discoveredAttack endgame short,51,23,f6e5,True,0.932087080062332,1,0.8616549968719482,f6e5,True,0.9942857027053833,8.337769499979913,0,0.0,
3336,1186,endgame mate mateIn2 short,92,27,b8f4,True,0.5748219161004366,1,0.921603262424469,b8f4,True,0.9857142567634583,0.37602440000046045,0,0.0,
3338,1159,endgame long mate mateIn3 rookEndgame,72,23,g5g6,True,0.9741006321293499,1,0.9736406207084656,g5g6,True,0.9985714554786682,0.5050280999857932,0,0.0,
3340,1180,crushing endgame queenEndgame short skewer,78,28,d5d6,False,0.0006183430534353134,16,0.9500429034233093,d5d6,False,0.0,5.008976900018752,0,0.0,
3342,1409,endgame mate mateIn2 short,74,28,g8h7,True,0.5776920812826088,1,0.8404666185379028,g8h7,True,0.9757142663002014,0.4381307000294328,0,0.0,
3344,1169,crushing endgame fork short,61,35,f7f8,False,0.11476399573106504,2,0.4218369424343109,g5d2,True,0.9557142853736877,5.570750799961388,0,0.0,
3346,1270,advantage deflection endgame pin short,58,43,f5h6,True,0.9423077067284819,1,0.9893644452095032,f5h6,True,0.9957143068313599,3.7481169999809936,0,0.0,
3348,1424,crushing hangingPiece master middlegame short,59,38,f5b1,True,0.976908856348574,1,0.8174065351486206,f5b1,True,0.9971428513526917,4.111658299923874,0,0.0,
3350,1035,kingsideAttack mate mateIn2 middlegame pillsburysMate short,49,38,d8d1,True,0.9920356434995489,1,0.9267314076423645,d8d1,True,0.9985714554786682,0.15032820007763803,0,0.0,
3352,1007,mate mateIn2 middlegame short,71,45,d4f2,True,0.682852716036494,1,0.6322368383407593,d4f2,True,0.9885714054107666,0.3060475999955088,0,0.0,
3354,1385,attraction endgame kingsideAttack long mate mateIn3 sacrifice,51,32,g5g2,False,0.04791044124271783,2,0.9977603554725647,h5h2,True,0.4099999964237213,4.13684229995124,0,0.0,
3356,1200,crushing endgame fork short,76,28,f2e4,True,0.9917497778898624,1,0.9708298444747925,f2e4,True,0.9985714554786682,3.7982763999607414,0,0.0,
3358,1052,endgame mate mateIn2 short,62,27,e4h7,True,0.9980037336578982,1,0.9565683603286743,e4h7,True,0.9985714554786682,0.8140307000139728,0,0.0,
3360,1237,mate mateIn2 middlegame short,26,41,a3a4,True,0.8991312314294565,1,0.35148030519485474,a3a4,True,0.9942857027053833,0.18364159995689988,0,0.0,
3362,1061,advantage fork opening short,13,26,d8d4,True,0.9928178137397511,1,0.23096545040607452,d8d4,True,0.9985714554786682,4.828602300025523,0,0.0,
3364,1071,mate mateIn1 middlegame oneMove,56,33,d5e7,True,0.9630642375012146,1,0.5569924116134644,d5e7,True,0.9971428513526917,0.09796329995151609,0,0.0,
3366,1374,endgame mate mateIn1 oneMove,90,26,g5g8,True,0.9667770528110256,1,0.923624575138092,g5g8,True,0.9971428513526917,0.0888418999966234,0,0.0,
3368,1151,deflection endgame mate mateIn2 short,71,34,f6d4,True,0.9951755832556977,1,0.9979484677314758,f6d4,True,0.9985714554786682,0.13924229994881898,0,0.0,
3370,1258,crushing fork middlegame short,64,32,g5e6,True,0.967122648949666,1,0.951178252696991,g5e6,True,0.9971428513526917,4.877971100038849,0,0.0,
3372,1282,endgame mate mateIn1 oneMove pin,73,29,e3h3,True,0.9085744618430551,1,0.991499662399292,e3h3,True,0.9942857027053833,0.1472654000390321,0,0.0,
3374,1114,advantage discoveredAttack middlegame short,30,31,f3d4,True,0.6583887399796414,1,0.581900417804718,f3d4,True,0.9657142758369446,6.713472100091167,0,0.0,
3376,1375,endgame long mate mateIn3 rookEndgame,86,14,b7b8,False,0.02460004054832008,2,0.9492185115814209,h5g6,True,0.7828571200370789,1.6993896999629214,0,0.0,
3378,1065,crushing endgame rookEndgame short skewer,125,16,g7f7,False,0.4697688429661986,2,0.8411766290664673,g7g5,True,0.9714285731315613,4.137966900016181,0,0.0,
3380,1415,mate mateIn1 middlegame oneMove pin,30,37,c3d5,False,0.18072160377442292,2,0.9637309312820435,c3b5,True,0.9714285731315613,0.41531720000784844,0,0.0,
3382,1264,endgame exposedKing long mate mateIn3,73,27,h1g1,False,0.4047268554229516,2,0.4329608082771301,b1g1,True,0.9828571677207947,0.3709182000020519,0,0.0,
3384,1077,advancedPawn crushing endgame long promotion rookEndgame sacrifice,84,17,b5b6,True,0.657621040531131,1,0.9789586663246155,b5b6,True,0.9857142567634583,6.8084634999977425,0,0.0,
3386,1188,advantage middlegame short skewer,57,35,d5h1,True,0.9252007507222885,1,0.9765711426734924,d5h1,True,0.991428554058075,5.942027100012638,0,0.0,
3388,1035,crushing endgame rookEndgame short skewer,105,22,f1f4,True,0.794619554282395,1,0.9168553948402405,f1f4,True,0.991428554058075,4.572098099975847,0,0.0,
3390,1112,advancedPawn crushing discoveredAttack endgame short,92,12,c6c7,True,0.950046840117953,1,0.9619854688644409,c6c7,True,0.9971428513526917,3.813850100035779,0,0.0,
3392,1192,advantage capturingDefender endgame exposedKing fork long,40,34,g1g5,True,0.9586313549409861,1,0.8403847813606262,g1g5,True,0.9971428513526917,4.977349000051618,0,0.0,
3394,1387,clearance kingsideAttack long mate mateIn3 middlegame sacrifice,66,35,h4h8,True,0.9032435431569434,1,0.6539837121963501,h4h8,True,0.9971428513526917,0.5224150000140071,0,0.0,
3396,1107,mate mateIn1 oneMove opening,19,53,h4e1,False,0.030229021577842397,2,0.9695038199424744,h4h3,True,0.8442857265472412,1.060002600075677,0,0.0,
3398,1005,mate mateIn1 middlegame oneMove,37,41,b4d2,False,0.36520647342663076,2,0.8201969265937805,d8d2,True,0.9442856907844543,0.6657927000196651,0,0.0,
3400,1189,crushing deflection fork middlegame sacrifice veryLong,47,36,g7g3,True,0.9972739562283496,1,0.9947646856307983,g7g3,True,0.9985714554786682,2.1128752999939024,0,0.0,
3402,1053,mate mateIn2 middlegame short,54,34,f1f8,True,0.8985478178632572,1,0.47251757979393005,f1f8,True,0.9942857027053833,0.22701360005885363,0,0.0,
3404,1115,mate mateIn1 middlegame oneMove,59,35,e5h5,True,0.9900957104209369,1,0.9770241379737854,e5h5,True,0.9985714554786682,0.06773100001737475,0,0.0,
3406,1335,advantage endgame long pin,60,44,c3f6,False,0.35537680655618975,2,0.9399726986885071,h5h6,True,0.9728571176528931,3.3000367999775335,0,0.0,
3408,1331,backRankMate fork master mate mateIn2 opening short,24,40,b5c7,True,0.9947241632329242,1,0.43689996004104614,b5c7,True,0.9985714554786682,0.13907109992578626,0,0.0,
3410,1318,advantage endgame rookEndgame short skewer,95,23,b2f2,True,0.5225754739560624,1,0.8494808077812195,b2f2,True,0.9857142567634583,4.1262041999725625,0,0.0,
3412,1152,mate mateIn1 middlegame morphysMate oneMove,26,39,c3b4,True,0.9950248164659661,1,0.964576244354248,c3b4,True,0.9985714554786682,0.05283669999334961,0,0.0,
3414,1446,crushing endgame long pin,56,38,d8g8,False,0.10709444866588783,3,0.9901171922683716,d8f6,True,0.9428571462631226,5.313413599971682,0,0.0,
3416,1226,mate mateIn1 middlegame oneMove,54,36,h5h8,True,0.6593268649405294,1,0.9713270664215088,h5h8,True,0.977142870426178,0.2914013999979943,0,0.0,
3418,1027,master mate mateIn1 middlegame oneMove,60,42,h5h7,True,0.7638954844748119,1,0.995521605014801,h5h7,True,0.9857142567634583,0.29511840001214296,0,0.0,
3420,1009,endgame master mate mateIn1 oneMove,64,28,f5h7,True,0.9239628314152514,1,0.9907827377319336,f5h7,True,0.9957143068313599,0.1355414999416098,0,0.0,
3422,1070,advantage attraction deflection endgame long,61,26,f5e4,True,0.9629826950283512,1,0.848133385181427,f5e4,True,0.9971428513526917,4.226717899902724,0,0.0,
3424,1375,advantage capturingDefender endgame long pin,66,21,a1e1,True,0.9834050969343578,1,0.5733418464660645,a1e1,True,0.9985714554786682,5.436724100029096,0,0.0,
3426,1148,attackingF2F7 mate mateIn1 middlegame oneMove,34,33,b3f7,True,0.9357319447695358,1,0.9691861271858215,b3f7,True,0.9928571581840515,0.14487439999356866,0,0.0,
3428,1396,deflection mate mateIn4 middlegame veryLong,41,42,e6h3,False,0.18469703918556485,2,0.4714672267436981,c7c1,True,0.9657142758369446,0.8251816000556573,0,0.0,
3430,1220,kingsideAttack mate mateIn2 middlegame short,53,38,g3h3,True,0.8017611024489132,1,0.9905099868774414,g3h3,True,0.9900000095367432,0.3865052000619471,0,0.0,
3432,1110,crushing endgame fork short,61,23,b2b1,False,0.4582095015778784,2,0.9129917621612549,e4d2,True,0.9700000286102295,4.020666600088589,0,0.0,
3434,1441,endgame mate mateIn2 operaMate short,47,28,d2d1,True,0.9880055489622206,1,0.9937789440155029,d2d1,True,0.9985714554786682,0.45780610002111644,0,0.0,
3436,1252,endgame mate mateIn1 oneMove rookEndgame,116,15,c7c8,True,0.8211532858325116,1,0.9945957660675049,c7c8,True,0.9942857027053833,0.08965760003775358,0,0.0,
3438,1389,endgame mate mateIn2 queenEndgame short,141,30,e5b8,True,0.43751823178669624,1,0.47728970646858215,e5b8,True,0.977142870426178,0.2895720999222249,0,0.0,
3440,1078,crushing endgame fork short,56,33,f3f5,True,0.7079922731966497,1,0.9677852988243103,f3f5,True,0.9842857122421265,4.389859199989587,0,0.0,
3442,1206,endgame mate mateIn2 short,62,27,a5d8,True,0.975613821985227,1,0.9240423440933228,a5d8,True,0.9971428513526917,0.17097640002612025,0,0.0,
3444,1392,crushing deflection endgame long master rookEndgame,70,28,c8c5,False,0.09395334920769885,3,0.7881606817245483,b7d7,True,0.9657142758369446,4.186438000062481,0,0.0,
3446,1309,crushing fork middlegame short,29,33,d8d4,True,0.541376297733703,1,0.8310520648956299,d8d4,True,0.9814285635948181,4.051518399966881,0,0.0,
3448,1384,crushing hangingPiece long middlegame,49,27,e8e1,True,0.9474162648939157,1,0.8885446190834045,e8e1,True,0.9971428513526917,4.425807699910365,0,0.0,
3450,1174,mate mateIn1 oneMove opening,14,37,d5f6,True,0.648395623227106,1,-0.10042205452919006,d5f6,True,0.9828571677207947,0.18161239998880774,0,0.0,
3452,1146,advantage attraction kingsideAttack long opening sacrifice,20,35,d3h7,True,0.9602855967712349,1,0.5816512107849121,d3h7,True,0.9942857027053833,5.049131300067529,0,0.0,
3454,1289,kingsideAttack mate mateIn1 middlegame oneMove,40,42,h6h7,True,0.9341413498240708,1,0.9973276257514954,h6h7,True,0.9928571581840515,0.14052029990125448,0,0.0,
3456,1447,advantage discoveredAttack intermezzo long middlegame,48,28,c2g6,True,0.9687214453096644,1,0.9740473031997681,c2g6,True,0.9971428513526917,6.892079900018871,0,0.0,
3458,1099,crushing endgame fork short,63,32,e4f2,True,0.9185757107985655,1,0.913382351398468,e4f2,True,0.9942857027053833,4.412707500043325,0,0.0,
3460,1010,advantage fork long middlegame,52,33,d1d8,True,0.9039207410048054,1,0.09581664949655533,d1d8,True,0.9942857027053833,5.00105579989031,0,0.0,
3462,1364,advantage fork master middlegame short,40,44,f4e6,True,0.8218200041656802,1,0.9901888966560364,f4e6,True,0.9828571677207947,7.82712720008567,0,0.0,
3464,1265,kingsideAttack mate mateIn2 middlegame short,64,41,f7g7,True,0.45746372772306576,1,0.9864829778671265,f7g7,True,0.9785714149475098,0.555669599911198,0,0.0,
3466,1015,crushing defensiveMove endgame hangingPiece master short,78,31,d6e8,True,0.7607829744309882,1,0.9881813526153564,d6e8,True,0.9685714244842529,7.321257699979469,0,0.0,
3468,1169,crushing deflection middlegame short skewer,60,37,d5a8,True,0.96298757300654,1,0.9837184548377991,d5a8,True,0.9957143068313599,4.6539470999268815,0,0.0,
3470,1145,blindSwineMate endgame mate mateIn1 oneMove,64,28,f7f8,False,0.21897272123197756,2,0.9725615978240967,b8f8,True,0.949999988079071,0.5576970999827608,0,0.0,
3472,1334,endgame mate mateIn1 oneMove rookEndgame,156,9,g7g8,False,0.01666673172653269,3,0.9991025328636169,g7g8,False,0.017142856493592262,0.06183610006701201,0,0.0,
3474,1437,attraction endgame mate mateIn2 sacrifice short,53,45,c8h3,False,0.2531143642506978,2,0.9643568396568298,c2h2,True,0.9757142663002014,0.3053634000243619,0,0.0,
3476,1301,discoveredAttack discoveredCheck mate mateIn2 middlegame queensideAttack short,38,28,b5d6,True,0.5126544824328932,1,0.9939513802528381,b5d6,True,0.9785714149475098,0.43297940003685653,0,0.0,
3478,1154,mate mateIn2 middlegame operaMate short,39,37,e5h5,True,0.9683055519145535,1,0.7575260996818542,e5h5,True,0.9957143068313599,0.2543175999308005,0,0.0,
3480,1030,attraction kingsideAttack mate mateIn2 middlegame sacrifice short,34,43,h4h7,True,0.6816245577217568,1,0.9439394474029541,h4h7,True,0.9871428608894348,0.36824019998311996,0,0.0,
3482,1231,crushing middlegame short skewer,45,38,h1h4,True,0.7811288311691102,1,0.9390597939491272,h1h4,True,0.6200000047683716,5.121211100020446,0,0.0,
3484,1061,advantage hangingPiece middlegame short,27,47,h8h4,True,0.8787515004640337,1,0.6810190677642822,h8h4,True,0.9942857027053833,5.986857499927282,0,0.0,
3486,1266,crushing master middlegame pin short,38,54,e2g4,True,0.4466523604012521,1,0.9885560274124146,e2g4,True,0.9585714340209961,4.521157699986361,0,0.0,
3488,1012,advantage fork middlegame short,50,30,g5f7,True,0.9583804519116839,1,0.6235032677650452,g5f7,True,0.9971428513526917,4.954846600070596,0,0.0,
3490,1145,mate mateIn1 oneMove opening,20,45,e5g6,False,0.0034301868553244155,4,0.9706026911735535,e5g6,False,0.0,4.822566599934362,0,0.0,
3492,1392,endgame mate mateIn2 short,47,41,f6f2,True,0.6763307144043094,1,0.9906283617019653,f6f2,True,0.9828571677207947,0.4392774000298232,0,0.0,
3494,1019,crushing discoveredAttack opening short,19,38,d6c5,True,0.9638640326794828,1,0.5922255516052246,d6c5,True,0.9985714554786682,4.051364300074056,0,0.0,
3496,1160,endgame master mate mateIn1 oneMove,85,40,a6a2,False,0.11968885215225415,3,0.9239396452903748,d5a2,True,0.9657142758369446,0.49977469991426915,0,0.0,
3498,1113,mate mateIn2 middlegame operaMate sacrifice short,40,39,e2e8,True,0.8888698084478392,1,0.6404227018356323,e2e8,True,0.9957143068313599,0.2881983000552282,0,0.0,
3500,1051,crushing fork middlegame short,23,32,c7c5,True,0.7242261290669754,1,0.3696465492248535,c7c5,True,0.9842857122421265,4.042075000004843,0,0.0,
3502,1152,endgame master mate mateIn1 oneMove,50,25,g5h5,True,0.8985199711274866,1,0.93788743019104,g5h5,True,0.9942857027053833,0.1749227000400424,0,0.0,
3504,1295,endgame master masterVsMaster mate mateIn1 oneMove,86,34,e8h8,True,0.829048455322765,1,0.962100625038147,e8h8,True,0.9857142567634583,0.36981409997679293,0,0.0,
3506,1177,advantage discoveredAttack master middlegame short,38,43,d4g7,True,0.9696085303756169,1,0.7328941226005554,d4g7,True,0.9971428513526917,4.753025499987416,0,0.0,
3508,1116,master masterVsMaster mate mateIn1 middlegame oneMove,72,37,d4g7,True,0.7144990358952424,1,0.9806744456291199,d4g7,True,0.9814285635948181,0.3865273999981582,0,0.0,
3510,1064,advancedPawn mate mateIn2 middlegame promotion short,30,32,d2d8,True,0.9798811532500525,1,0.9371123313903809,d2d8,True,0.9985714554786682,0.13929239998105913,0,0.0,
3512,1133,crushing kingsideAttack middlegame sacrifice short,35,40,e7e1,True,0.7543091874508253,1,0.8441130518913269,e7e1,True,0.9599999785423279,4.317838000017218,0,0.0,
3514,1316,mate mateIn1 middlegame oneMove,42,48,b7c7,True,0.6964857858605099,1,0.964525580406189,b7c7,True,0.9714285731315613,0.42046379996463656,0,0.0,
3516,1129,kingsideAttack long mate mateIn3 middlegame,48,40,e1e8,True,0.9674626523554396,1,0.8706069588661194,e1e8,True,0.9971428513526917,0.30959879991132766,0,0.0,
3518,1428,endgame mate mateIn2 queenEndgame short swallowstailMate,80,25,f8f4,True,0.7847939868398215,1,0.8865479230880737,f8f4,True,0.991428554058075,0.2610332000767812,0,0.0,
3520,1447,advantage endgame fork long,72,36,f5d6,False,0.3816208666758179,2,0.9971421957015991,f5g7,True,0.9614285826683044,1.8439679000293836,0,0.0,
3522,1149,advantage fork middlegame short,39,34,g5c5,True,0.9817609858620849,1,0.8082206845283508,g5c5,True,0.9985714554786682,4.594590199994855,0,0.0,
3524,1301,crushing fork middlegame short,55,29,h4g3,True,0.9791954118141862,1,0.8933536410331726,h4g3,True,0.9971428513526917,3.8510843000840396,0,0.0,
3526,1235,crushing endgame fork long,65,36,e6e1,False,0.0011484481490161534,6,0.9542808532714844,e6e1,False,0.0,2.427165300003253,0,0.0,
3528,1016,crushing endgame hangingPiece short,87,16,h1d1,True,0.885036774690447,1,-0.010894887149333954,h1d1,True,0.9957143068313599,5.19841080007609,0,0.0,
3530,1171,mate mateIn2 middlegame operaMate queensideAttack sacrifice short,39,50,c3c1,True,0.8295582284195081,1,0.7594394683837891,c3c1,True,0.9928571581840515,0.299185499898158,0,0.0,
3532,1003,advancedPawn crushing endgame hangingPiece master masterVsMaster short,114,4,h7g6,True,0.6531102224378185,1,0.22712421417236328,h7g6,True,0.9900000095367432,3.9441253000404686,0,0.0,
3534,1253,advantage middlegame short trappedPiece,36,37,d3a6,False,0.30829588133914876,2,0.6082545518875122,g1h1,True,0.9671428799629211,5.6241292000049725,0,0.0,
3536,1419,endgame mate mateIn2 pin short,71,28,f5g3,False,0.2480120311291625,2,0.9727969169616699,f5e3,True,0.9599999785423279,0.596912799985148,0,0.0,
3538,1036,attackingF2F7 mate mateIn1 middlegame oneMove,32,44,d5f7,True,0.9978627874847241,1,0.9775007963180542,d5f7,True,0.9985714554786682,0.06954649998806417,0,0.0,
3540,1126,discoveredAttack kingsideAttack long mate mateIn3 middlegame pillsburysMate,32,43,e4f6,True,0.9966976303423267,1,0.961818277835846,e4f6,True,0.9985714554786682,0.5123389000073075,0,0.0,
3542,1090,deflection discoveredAttack discoveredCheck doubleCheck kingsideAttack mate mateIn2 middlegame pin short,51,35,f2h3,True,0.9283934520358357,1,0.9838188886642456,f2h3,True,0.9900000095367432,0.221013700007461,0,0.0,
3544,1397,endgame mate mateIn4 sacrifice veryLong,41,42,d8d1,False,0.017251828151689425,4,0.9190723896026611,d8d1,False,0.0014285714132711291,3.1716713999630883,0,0.0,
3546,1261,clearance crushing discoveredAttack discoveredCheck endgame long pin,59,20,e5e4,True,0.9997986487863861,1,0.973746657371521,e5e4,True,0.9985714554786682,3.9677407999988645,0,0.0,
3548,1357,advancedPawn advantage endgame promotion sacrifice veryLong,115,15,c4c3,True,0.3774601993588267,1,0.8138300776481628,c4c3,True,0.9700000286102295,6.09701349993702,0,0.0,
3550,1014,mate mateIn2 middlegame queensideAttack short,40,43,b5a6,True,0.9383233933930722,1,0.9715245962142944,b5a6,True,0.9942857027053833,0.2633421999635175,0,0.0,
3552,1114,fork mate mateIn2 middlegame short,39,35,d3c3,True,0.9941089914239125,1,0.9441888928413391,d3c3,True,0.9985714554786682,0.17703409993555397,0,0.0,
3554,1328,advantage endgame fork long,52,33,d1d8,True,0.9990170401332388,1,0.973389208316803,d1d8,True,0.9985714554786682,4.686283500050195,0,0.0,
3556,1086,endgame kingsideAttack mate mateIn2 short,66,28,h6h7,True,0.7722098492237659,1,0.9984436631202698,h6h7,True,0.9857142567634583,0.3433913999469951,0,0.0,
3558,1139,advantage endgame fork short,66,38,d5e5,True,0.929102900952717,1,0.891620397567749,d5e5,True,0.9971428513526917,4.635784300044179,0,0.0,
3560,1409,crushing discoveredAttack long middlegame,27,47,c6d4,True,0.8744732546950812,1,0.8357986807823181,c6d4,True,0.9942857027053833,1.135132700088434,0,0.0,
3562,1011,advantage clearance middlegame pin short,64,44,e7f7,True,0.923864740479028,1,0.9931628108024597,e7f7,True,0.9957143068313599,4.235692800022662,0,0.0,
3564,1024,backRankMate endgame long mate mateIn3 sacrifice,62,24,f3f7,True,0.8373810189815324,1,0.8995954394340515,f3f7,True,0.9928571581840515,0.4176631000591442,0,0.0,
3566,1001,crushing endgame fork short,90,14,d4c2,False,0.4942949255451379,2,0.8843148350715637,d4f5,True,0.9828571677207947,4.45198349992279,0,0.0,
3568,1279,defensiveMove endgame long mate mateIn3 rookEndgame,64,3,g5g6,True,0.7995285744521893,1,0.8237013816833496,g5g6,True,0.9928571581840515,1.0410480999853462,0,0.0,
3570,1120,advantage fork middlegame short,34,31,d2d5,True,0.7001155416294164,1,0.2171943336725235,d2d5,True,0.991428554058075,4.10385029995814,0,0.0,
3572,1023,crushing endgame fork master short,94,44,e5f7,True,0.9335963419839275,1,0.9749121069908142,e5f7,True,0.9957143068313599,4.031040200032294,0,0.0,
3574,1122,endgame mate mateIn2 short,69,20,g1f2,True,0.5129683432858121,1,0.2831193506717682,g1f2,True,0.9871428608894348,0.3359957999782637,0,0.0,
3576,1180,mate mateIn1 oneMove opening,15,31,b2c1,True,0.9528893573957061,1,0.5843799710273743,b2c1,True,0.9971428513526917,0.10773809999227524,0,0.0,
3578,1111,advantage endgame knightEndgame sacrifice short,102,10,a5a6,False,0.4386970460451911,2,0.7583743333816528,c1e2,True,0.9800000190734863,6.104190499987453,0,0.0,
3580,1100,kingsideAttack mate mateIn1 middlegame oneMove,35,31,c7h2,True,0.9977312765755731,1,0.8723973631858826,c7h2,True,0.9985714554786682,0.07847529998980463,0,0.0,
3582,1415,advantage exposedKing fork long middlegame,44,39,h4h8,True,0.9586815989481623,1,0.9867736101150513,h4h8,True,0.9942857027053833,5.920603699982166,0,0.0,
3584,1317,endgame mate mateIn1 oneMove,89,30,e1h1,True,0.9987199776187539,1,0.9909689426422119,e1h1,True,0.9985714554786682,0.07451850001234561,0,0.0,
3586,1043,advantage endgame hangingPiece short,82,31,b3d4,True,0.9777850520813567,1,0.9110036492347717,b3d4,True,0.9985714554786682,6.5588907999917865,0,0.0,
3588,1295,endgame mate mateIn2 short vukovicMate,59,27,h5g3,True,0.4359413201782339,1,0.7567037343978882,h5g3,True,0.9857142567634583,0.3706033999333158,0,0.0,
3590,1243,kingsideAttack mate mateIn1 middlegame oneMove,35,45,d5g2,True,0.8437142627077807,1,0.9264855980873108,d5g2,True,0.991428554058075,0.2035024999640882,0,0.0,
3592,1290,endgame mate mateIn1 oneMove,81,28,f4h4,False,0.2753370637670154,2,0.9265860915184021,e2f1,True,0.9757142663002014,0.3899643999757245,0,0.0,
3594,1077,cornerMate kingsideAttack master mate mateIn1 middlegame oneMove,52,41,d6f7,True,0.9943166523825011,1,0.9417549967765808,d6f7,True,0.9985714554786682,0.06649979995563626,0,0.0,
3596,1220,crushing endgame fork short,69,43,d4f2,True,0.976114516438477,1,0.960191547870636,d4f2,True,0.9971428513526917,4.802285399986431,0,0.0,
3598,1243,advantage discoveredCheck doubleCheck master middlegame short,28,44,h4h5,True,0.5184038823826201,1,0.9377255439758301,h4h5,True,0.9471428394317627,5.493770800065249,0,0.0,
3600,1058,attackingF2F7 mate mateIn1 middlegame oneMove,32,43,f3c6,False,0.3319441539906874,2,0.968303382396698,f3f7,True,0.9714285731315613,0.6230546999722719,0,0.0,
3602,1019,master mate mateIn1 middlegame oneMove queensideAttack,31,40,c7c2,True,0.642990879890098,1,0.7286105751991272,c7c2,True,0.9885714054107666,0.24351499998010695,0,0.0,
3604,1070,epauletteMate mate mateIn1 middlegame oneMove,38,53,g1g7,True,0.898086944204186,1,0.6926602721214294,g1g7,True,0.991428554058075,0.10727500007487833,0,0.0,
3606,1165,endgame mate mateIn2 short,62,33,a2f7,True,0.791350174657583,1,0.9849950671195984,a2f7,True,0.9885714054107666,0.42845650005619973,0,0.0,
3608,1012,endgame master mate mateIn1 oneMove,78,25,b5b7,True,0.9743395918270906,1,0.9682563543319702,b5b7,True,0.9985714554786682,0.0599734999705106,0,0.0,
3610,1137,endgame long mate mateIn3 operaMate,53,28,d8d1,True,0.9949212457020848,1,0.9299091696739197,d8d1,True,0.9985714554786682,0.2598976999288425,0,0.0,
3612,1031,kingsideAttack master mate mateIn1 middlegame oneMove,55,35,d5g2,True,0.9593626930478831,1,0.9978833794593811,d5g2,True,0.9971428513526917,0.11543810006696731,0,0.0,
3614,1202,fork long mate mateIn3 middlegame pin,62,37,g3e5,False,0.28596725246050936,2,0.975661039352417,e1e8,True,0.9671428799629211,0.7534248000010848,0,0.0,
3616,1177,endgame mate mateIn1 oneMove,65,21,d4f5,True,0.9454081325959334,1,0.14344488084316254,d4f5,True,0.9985714554786682,0.059248499921523035,0,0.0,
3618,1128,endgame mate mateIn1 oneMove,49,27,d8g8,True,0.754952407467765,1,0.8406636714935303,d8g8,True,0.9900000095367432,0.21787819999735802,0,0.0,
3620,1199,crushing fork long middlegame,43,37,g5f3,True,0.992471703458518,1,0.9674928784370422,g5f3,True,0.9985714554786682,4.543015600065701,0,0.0,
3622,1348,advantage attackingF2F7 deflection opening short,14,49,d1d8,False,0.16224900096654515,2,0.6634530425071716,c4f7,True,0.9614285826683044,4.039441199973226,0,0.0,
3624,1128,master mate mateIn1 middlegame oneMove,46,35,g4g7,True,0.8747430889563729,1,0.9932665228843689,g4g7,True,0.9857142567634583,0.3042439999990165,0,0.0,
3626,1010,advantage discoveredAttack endgame short,49,19,d8b6,True,0.9951153945547023,1,0.5341553092002869,d8b6,True,0.9985714554786682,4.245249400031753,0,0.0,
3628,1405,advantage long master middlegame skewer,45,36,f6c3,True,0.4579623515713207,1,0.8975036144256592,f6c3,True,0.9785714149475098,4.135626200004481,0,0.0,
3630,1102,attraction mate mateIn4 middlegame pillsburysMate sacrifice veryLong,41,39,h8h2,True,0.8906940126627794,1,0.9823445081710815,h8h2,True,0.9957143068313599,0.5368187000276521,0,0.0,
3632,1345,advantage deflection endgame short,73,41,d3c2,False,0.09770907458189292,3,0.7877506017684937,a1f1,True,0.9514285922050476,5.323863800032996,0,0.0,
3634,1274,advantage hangingPiece intermezzo master middlegame short,35,33,d4e3,True,0.9640755542501195,1,0.8041114807128906,d4e3,True,0.9971428513526917,5.467578900046647,0,0.0,
3636,1062,kingsideAttack master mate mateIn1 middlegame oneMove,45,40,d6h2,True,0.9895601184717338,1,0.9804404377937317,d6h2,True,0.9985714554786682,0.06087579997256398,0,0.0,
3638,1133,backRankMate endgame long mate mateIn3,65,16,b3b1,True,0.9789941757624493,1,0.5170243382453918,b3b1,True,0.9985714554786682,0.2828453000402078,0,0.0,
3640,1036,backRankMate endgame mate mateIn2 sacrifice short,95,42,c2c1,True,0.9425077328220499,1,0.9711706042289734,c2c1,True,0.9957143068313599,0.2401305999374017,0,0.0,
3642,1209,mate mateIn2 middlegame short,60,40,c7d8,True,0.9900005069752141,1,0.9101812839508057,c7d8,True,0.9985714554786682,0.15177330002188683,0,0.0,
3644,1037,advantage discoveredAttack master middlegame short,50,34,c6e7,True,0.66676257531556,1,0.35077428817749023,c6e7,True,0.9842857122421265,4.44206040003337,0,0.0,
3646,1429,endgame mate mateIn4 sacrifice veryLong,53,47,a2a1,False,0.16005461155955192,2,0.9460371136665344,a2a1,False,0.0057142856530845165,1.6163396999472752,0,0.0,
3648,1011,advantage hangingPiece long middlegame,28,33,d3f5,True,0.9616345146142868,1,0.40622377395629883,d3f5,True,0.9957143068313599,6.208370600012131,0,0.0,
3650,1040,endgame mate mateIn1 morphysMate oneMove,80,30,c5e7,True,0.8524980749177767,1,0.9079186320304871,c5e7,True,0.9900000095367432,0.19264600006863475,0,0.0,
3652,1405,endgame mate mateIn2 short,67,29,a2c2,False,0.2483079963706392,2,0.9439061284065247,h2h1,True,0.9685714244842529,0.5298496000468731,0,0.0,
3654,1442,crushing endgame fork long,46,37,e4c4,True,0.7629438350125933,1,0.986717939376831,e4c4,True,0.9800000190734863,4.776124299969524,0,0.0,
3656,1207,advantage fork opening short,21,42,d8a5,True,0.9597678788276568,1,0.9094018936157227,d8a5,True,0.9957143068313599,5.858821399975568,0,0.0,
3658,1289,crushing endgame fork short,95,21,e7f5,False,0.45444669338410515,2,0.9290613532066345,e7d5,True,0.9785714149475098,4.320709999999963,0,0.0,
3660,1317,crushing endgame fork master short,81,31,g5f4,True,0.7987223125808428,1,0.9472244381904602,g5f4,True,0.9885714054107666,3.8533620999660343,0,0.0,
3662,1366,crushing deflection endgame exposedKing master veryLong,75,39,h6f4,True,0.8591669825884523,1,0.9731001257896423,h6f4,True,0.991428554058075,4.400868600001559,0,0.0,
3664,1117,advantage middlegame pin short,44,29,h4f5,True,0.9976701526439087,1,0.7192224264144897,h4f5,True,0.9985714554786682,4.050730300019495,0,0.0,
3666,1191,crushing fork middlegame short,43,33,e2g3,True,0.979772618187338,1,0.9448500275611877,e2g3,True,0.9971428513526917,4.062056599999778,0,0.0,
3668,1444,advancedPawn crushing deflection endgame exposedKing long,89,20,h4h3,True,0.9916996609010659,1,0.9171186089515686,h4h3,True,0.9985714554786682,4.495287599973381,0,0.0,
3670,1170,endgame mate mateIn2 pillsburysMate short,66,29,h3f5,True,0.9175157878372648,1,0.9782137274742126,h3f5,True,0.9957143068313599,0.25947799999266863,0,0.0,
3672,1143,mate mateIn2 middlegame short,32,50,e5h5,True,0.8080730652879872,1,0.987646758556366,e5h5,True,0.9900000095367432,0.3129745000042021,0,0.0,
3674,1424,endgame master mate mateIn1 oneMove,109,25,d2d1,True,0.8371281177804758,1,0.9929075241088867,d2d1,True,0.9885714054107666,0.3274737000465393,0,0.0,
3676,1282,endgame hookMate mate mateIn1 oneMove,52,32,e7d7,True,0.7497399379823377,1,0.7946815490722656,e7d7,True,0.9900000095367432,0.1944158999249339,0,0.0,
3678,1304,advantage endgame fork short,87,23,g5h4,False,0.004870669856139702,2,0.9574733972549438,g5h4,False,0.0,4.725950699998066,0,0.0,
3680,1103,endgame mate mateIn1 oneMove,70,32,b6b7,True,0.84382608064279,1,0.9767708778381348,b6b7,True,0.991428554058075,0.17879140004515648,0,0.0,
3682,1422,crushing endgame pin short,96,21,c6c7,True,0.9246574588220903,1,0.8992889523506165,c6c7,True,0.9957143068313599,5.639841899974272,0,0.0,
3684,1083,bishopEndgame crushing endgame short skewer,72,15,d2c3,True,0.7745439466573921,1,0.9067806005477905,d2c3,True,0.9885714054107666,4.952589499996975,0,0.0,
3686,1244,crushing fork middlegame short,47,35,f6e4,False,0.2505310855546288,2,0.6115189790725708,e7e3,True,0.9728571176528931,5.16570699994918,0,0.0,
3688,1393,long mate mateIn3 middlegame,59,29,b8h2,True,0.7431387746587962,1,0.963761031627655,b8h2,True,0.9857142567634583,0.5728161000879481,0,0.0,
3690,1019,crushing fork middlegame short,19,27,d8a5,True,0.9432202882041241,1,0.8824472427368164,d8a5,True,0.9957143068313599,5.472213199944235,0,0.0,
3692,1049,crushing defensiveMove endgame hangingPiece long,81,9,f6g5,True,0.9870184584380647,1,0.3731468617916107,f6g5,True,0.9985714554786682,6.5070175000000745,0,0.0,
3694,1203,crushing endgame fork short,81,27,e4e8,True,0.7684376689067128,1,0.7309907674789429,e4e8,True,0.9900000095367432,4.785637499997392,0,0.0,
3696,1347,advantage clearance long middlegame trappedPiece,47,46,a8c6,True,0.6509574893632705,1,0.87384432554245,a8c6,True,0.9842857122421265,5.2045281999744475,0,0.0,
3698,1099,crushing fork middlegame short,41,43,e5f3,True,0.9311016413533573,1,0.5825678706169128,e5f3,True,0.9957143068313599,4.511851700022817,0,0.0,
3700,1368,kingsideAttack mate mateIn2 middlegame sacrifice short,24,50,h1h6,True,0.7337949854180886,1,0.96321040391922,h1h6,True,0.9757142663002014,0.4125311999814585,0,0.0,
3702,1426,mate mateIn1 middlegame oneMove pin smotheredMate,34,40,e4f6,False,0.448956266150504,2,0.8600987195968628,e4d6,True,0.9828571677207947,0.3824041000334546,0,0.0,
3704,1329,mate mateIn2 middlegame queensideAttack sacrifice short xRayAttack,56,45,a2a8,True,0.680887596620649,1,0.6822195053100586,a2a8,True,0.9857142567634583,0.39135360007639974,0,0.0,
3706,1115,discoveredAttack kingsideAttack mate mateIn2 middlegame pin sacrifice short,46,43,g5d8,False,0.2443835104928204,2,0.903509259223938,g6e7,True,0.9742857217788696,1.1577672000275925,0,0.0,
3708,1056,mate mateIn2 middlegame short,75,25,h2h1,True,0.7845466160233865,1,-0.00888699572533369,h2h1,True,0.9928571581840515,0.28663510002661496,0,0.0,
3710,1104,endgame kingsideAttack mate mateIn1 oneMove,73,26,f8f1,True,0.9932767574871417,1,0.9716991186141968,f8f1,True,0.9985714554786682,0.05963469995185733,0,0.0,
3712,1014,crushing fork middlegame short,77,40,e4e2,True,0.9957785159604794,1,0.9495507478713989,e4e2,True,0.9985714554786682,6.394969800021499,0,0.0,
3714,1145,advantage fork middlegame short,33,37,d4e2,True,0.761093469140722,1,0.9961172938346863,d4e2,True,0.9857142567634583,4.958797300001606,0,0.0,
3716,1295,crushing endgame fork short,53,32,d5g5,True,0.5305894613720593,1,0.9657734036445618,d5g5,True,0.9800000190734863,4.564485099981539,0,0.0,
3718,1109,advantage discoveredAttack middlegame short,30,36,d3h7,True,0.939535292841448,1,0.9061731696128845,d3h7,True,0.9971428513526917,4.521550900069997,0,0.0,
3720,1424,crushing endgame pin short,61,20,f8h8,True,0.8362643143211211,1,0.9769367575645447,f8h8,True,0.9928571581840515,4.418052599998191,0,0.0,
3722,1080,endgame master mate mateIn1 oneMove queenEndgame,86,16,g4f4,False,0.21906376192058463,2,0.9781889915466309,g4g5,True,0.9485714435577393,0.411960499943234,0,0.0,
3724,1171,endgame mate mateIn1 oneMove operaMate,86,24,d7f7,True,0.6630454983384292,1,0.9296668171882629,d7f7,True,0.9828571677207947,0.29325049999170005,0,0.0,
3726,1177,endgame mate mateIn2 short,72,36,b3g8,True,0.9200303558736581,1,0.6057772040367126,b3g8,True,0.9971428513526917,0.23813329997938126,0,0.0,
3728,1256,crushing middlegame pin short,39,39,e6f5,True,0.9937325212968056,1,0.9787859320640564,e6f5,True,0.9985714554786682,4.438946799957193,0,0.0,
3730,1177,backRankMate endgame mate mateIn2 short,54,31,c1c8,True,0.7369083095450478,1,0.929632306098938,c1c8,True,0.991428554058075,0.28386670001782477,0,0.0,
3732,1424,advantage fork long opening,31,41,e5f3,True,0.9932265951521136,1,0.9545284509658813,e5f3,True,0.9985714554786682,4.3913399000884965,0,0.0,
3734,1307,crushing fork middlegame short,29,42,g5e3,True,0.995495863483994,1,0.6602171659469604,g5e3,True,0.9985714554786682,4.589812099933624,0,0.0,
3736,1298,advantage endgame master short skewer,102,24,d4c5,False,0.3184652847650377,2,0.9286288619041443,d4e5,True,0.9642857313156128,4.193034299998544,0,0.0,
3738,1396,advantage fork middlegame short,28,27,d5c6,False,0.2803587888706437,2,0.3439074754714966,d1d4,True,0.9742857217788696,4.707313199993223,0,0.0,
3740,1174,crushing endgame fork short,71,24,a3a1,True,0.8561258565186028,1,0.9771679639816284,a3a1,True,0.9900000095367432,4.270480600069277,0,0.0,
3742,1210,advantage exposedKing long middlegame pin skewer,39,5,d3d4,True,0.9987692499680718,1,0.5272679328918457,d3d4,True,1.0,6.3866066000191495,0,0.0,
3744,1189,advantage fork middlegame short,46,39,f5e7,True,0.7297946013412093,1,0.9732101559638977,f5e7,True,0.9842857122421265,4.552671000012197,0,0.0,
3746,1290,fork mate mateIn2 middlegame short,52,31,g3g7,True,0.8289587277758504,1,0.8705567121505737,g3g7,True,0.9928571581840515,0.29691230005118996,0,0.0,
3748,1285,advantage endgame fork short,101,21,f1f3,True,0.9629370467689674,1,0.8779962658882141,f1f3,True,0.9971428513526917,4.762511100037955,0,0.0,
3750,2495,crushing kingsideAttack master middlegame pin short,64,36,h5h6,True,0.43067380041352543,1,0.924171507358551,h5h6,True,0.9657142758369446,6.6887100000167266,0,0.0,
3752,2474,advantage discoveredAttack middlegame veryLong,46,38,f6f5,True,0.7760504902090181,1,0.9455162882804871,f6f5,True,0.9442856907844543,5.872586700017564,0,0.0,
3754,2775,crushing discoveredAttack kingsideAttack middlegame veryLong,58,41,c3e5,False,0.4350428374732262,2,0.9482477307319641,f4e5,True,0.5271428823471069,7.729789100005291,0,0.0,
3756,2490,crushing fork middlegame sacrifice veryLong,44,39,c5a6,False,0.0020654576988803314,3,0.7648296356201172,c5a6,False,0.0,5.506648699985817,0,0.0,
3758,2653,advancedPawn crushing defensiveMove deflection endgame quietMove rookEndgame veryLong,92,12,a5a7,True,0.9889009548263493,1,0.9893510937690735,a5a7,True,0.9985714554786682,5.404883400071412,0,0.0,
3760,2779,advantage middlegame sacrifice veryLong,44,35,c1e3,False,0.3137263654504392,2,0.9501854777336121,e1e4,True,0.5142857432365417,5.204918900039047,0,0.0,
3762,2411,crushing middlegame pin short,55,43,e8e2,True,0.48723014974973233,1,0.9891594648361206,e8e2,True,0.9571428298950195,7.031330400030129,0,0.0,
3764,2727,advancedPawn crushing deflection endgame fork veryLong,82,16,h4h5,False,0.010835880408017508,4,0.2960563898086548,h4h5,False,0.0028571428265422583,6.980709200026467,0,0.0,
3766,2372,crushing kingsideAttack middlegame pin veryLong,28,55,c4e6,False,0.17793964203140106,3,0.8201904892921448,g3h3,True,0.9342857003211975,6.006538100074977,0,0.0,
3768,2484,crushing fork long middlegame,27,42,h4g3,False,0.29369328106731135,2,0.9672890901565552,h4d4,True,0.9342857003211975,4.670969899976626,0,0.0,
3770,2405,advantage middlegame sacrifice veryLong,41,48,d7a4,False,0.2970492241401163,3,0.9573573470115662,d6g3,True,0.9657142758369446,5.390797699918039,0,0.0,
3772,2372,attraction mate mateIn4 middlegame sacrifice veryLong,49,31,h5h1,True,0.8537937321971601,1,0.9120622277259827,h5h3,False,0.47857141494750977,4.139190800022334,0,0.0,
3774,2482,crushing discoveredAttack discoveredCheck endgame sacrifice skewer veryLong,81,19,a5a6,True,0.728346144530645,1,0.8754165172576904,a5a6,True,0.7871428728103638,6.565288900048472,0,0.0,
3776,2705,advancedPawn advantage long master middlegame queensideAttack sacrifice,51,40,a3a2,False,0.0034426048479910885,5,0.997343122959137,a3a2,False,0.0,8.945836700033396,0,0.0,
3778,2432,crushing deflection endgame long master,81,28,g7g5,False,0.23223009135130582,2,0.9833151698112488,g2h2,True,0.9014285802841187,4.149651199928485,0,0.0,
3780,2614,crushing hangingPiece long middlegame,67,43,c3e1,True,0.8767067191076912,1,0.7631374597549438,c3e1,True,0.991428554058075,7.044308300013654,0,0.0,
3782,2761,crushing fork hangingPiece middlegame quietMove veryLong,35,37,e5e3,True,0.9030172168092023,1,0.8284525275230408,e5e3,True,0.9942857027053833,6.531080999993719,0,0.0,
3784,2446,advantage discoveredAttack discoveredCheck master middlegame short,41,2,h7h8,False,0.4526715483895686,2,-0.6603507399559021,f7g6,True,0.9842857122421265,5.981813400052488,0,0.0,
3786,2561,advantage attraction deflection endgame veryLong,49,37,e6g4,True,0.7400170372766254,1,0.9822648763656616,e6g4,True,0.6057142615318298,7.230400400003418,0,0.0,
3788,2717,crushing fork master middlegame sacrifice veryLong,38,52,e1e5,False,0.0031047976265682438,11,0.8678221702575684,e1e5,False,0.0,6.436217300011776,0,0.0,
3790,2444,advancedPawn crushing endgame fork master pin sacrifice veryLong,68,40,g4g6,False,0.22931271872109915,2,0.9941002726554871,e6e7,True,0.5628571510314941,6.804618200054392,0,0.0,
3792,2709,crushing discoveredAttack discoveredCheck middlegame sacrifice veryLong,63,4,c7c4,True,0.9773207539298248,1,0.9902999401092529,c7c4,True,0.9985714554786682,3.949458900024183,0,0.0,
3794,2517,crushing deflection endgame long,59,43,e3h6,False,0.037382162798844626,3,0.8479661345481873,e3e6,True,0.8157142996788025,6.759932599961758,0,0.0,
3796,2557,advantage long middlegame pin trappedPiece,41,37,b8f4,False,0.03481508275525935,2,0.9419546127319336,f8c8,True,0.868571400642395,6.630440900102258,0,0.0,
3798,2528,advantage deflection long middlegame pin,78,40,b1g1,False,0.07438866131826999,2,0.8847529888153076,f3d5,True,0.477142870426178,7.438621799927205,0,0.0,
3800,2605,advancedPawn bishopEndgame crushing endgame exposedKing sacrifice veryLong,95,7,f4f3,True,0.9837604253353998,1,0.9786882996559143,d4e5,False,0.1785714328289032,4.4247630999889225,0,0.0,
3802,2780,crushing defensiveMove fork middlegame sacrifice veryLong,52,6,c4c5,False,0.27111645718296135,2,0.5389441847801208,g1h1,True,0.6628571152687073,5.539679300040007,0,0.0,
3804,2404,advantage middlegame pin sacrifice short,38,38,d2h6,False,0.22385419355607417,3,0.9728680849075317,g3f5,False,0.09285714477300644,5.484364299918525,0,0.0,
3806,2519,crushing master middlegame sacrifice short,50,55,a6a7,False,0.23759864630592772,2,0.9078578352928162,c1c7,False,0.09142857044935226,5.296863200026564,0,0.0,
3808,2380,advantage defensiveMove endgame long pawnEndgame sacrifice,97,8,a5a4,False,0.22546554029773896,2,0.8890687227249146,a5a4,False,0.35857143998146057,5.994468800025061,0,0.0,
3810,2522,clearance crushing fork long middlegame,60,38,d3f5,True,0.40561106230082344,1,0.7361889481544495,d3f5,True,0.8899999856948853,5.577484400011599,0,0.0,
3812,2610,crushing long middlegame pin,31,40,f8b4,True,0.6239053349243189,1,0.9792233109474182,f8b4,True,0.9357143044471741,4.958972900058143,0,0.0,
3814,2528,crushing endgame hangingPiece veryLong,170,17,e2f1,True,0.9995170595305547,1,0.5051164031028748,e2f1,True,0.9985714554786682,5.535152400028892,0,0.0,
3816,2593,advantage defensiveMove endgame pin veryLong,66,50,d1d7,True,0.5630068136213091,1,0.9293472170829773,d1d6,False,0.05714285746216774,9.085990999941714,0,0.0,
3818,2379,advantage hangingPiece middlegame short,44,49,e3e6,False,0.031243288282225057,5,0.6655561923980713,f5f4,True,0.8614285588264465,5.907129499944858,0,0.0,
3820,2481,crushing middlegame sacrifice veryLong,46,37,e5c4,False,0.0017734859866932696,7,0.8318370580673218,e5c4,False,0.0,5.734064799966291,0,0.0,
3822,2441,advancedPawn attraction crushing discoveredAttack discoveredCheck enPassant kingsideAttack middlegame sacrifice veryLong,32,43,e7f6,False,0.002019162506807909,8,0.9743126034736633,h3g3,False,0.0,5.3877867999253795,0,0.0,
3824,2469,advantage clearance long middlegame sacrifice,32,41,b5d5,True,0.7037744842914997,1,0.920779287815094,g2g4,False,0.09428571164608002,6.27051709999796,0,0.0,
3826,2518,advantage middlegame sacrifice veryLong,63,37,c8g4,True,0.3262095043832888,1,0.8068623542785645,c8g4,True,0.9714285731315613,4.211415900033899,0,0.0,
3828,2555,crushing opening pin short,30,44,d5d6,False,0.09887965860621653,2,0.887974739074707,f3f6,True,0.895714282989502,8.041452000034042,0,0.0,
3830,2398,advancedPawn crushing discoveredAttack discoveredCheck endgame exposedKing long quietMove sacrifice,55,41,f8f1,False,0.0018793091154942574,4,0.9979297518730164,a7a6,False,0.0,7.236996000050567,0,0.0,
3832,2357,advantage discoveredAttack kingsideAttack middlegame veryLong,69,35,e4g3,True,0.9222568604411039,1,0.9271504282951355,e4g3,True,0.9957143068313599,5.025664799963124,0,0.0,
3834,2799,advantage deflection endgame long pin,64,41,c6c7,False,0.4496320624770748,2,0.9752015471458435,c6c5,False,0.2257142812013626,6.132696200045757,0,0.0,
3836,2734,crushing exposedKing middlegame pin veryLong,57,36,h1h2,True,0.7223015256353487,1,0.8320328593254089,h1h2,True,0.954285740852356,7.37006059999112,0,0.0,
3838,2766,advantage discoveredAttack opening veryLong,35,43,d6h2,False,0.43566138312516633,2,0.68088698387146,d7b5,True,0.595714271068573,6.5190018999855965,0,0.0,
3840,2410,crushing deflection endgame veryLong,78,30,b1a1,False,1.6431805873258593e-05,30,0.9716992974281311,b1a1,False,0.0,7.068097999901511,0,0.0,
3842,2392,advantage long opening trappedPiece,21,37,b4d2,False,0.0009975161710031296,12,0.869693398475647,b4d2,False,0.0,5.23088489996735,0,0.0,
3844,2437,advantage castling clearance defensiveMove long opening sacrifice,17,34,f8b4,True,0.8270877558039877,1,0.6629418134689331,f8b4,True,0.9742857217788696,6.766742800013162,0,0.0,
3846,2483,attraction crushing master middlegame veryLong,48,49,f3h5,False,0.010413475247956449,6,0.9632611870765686,d3h7,False,0.167142853140831,7.557721499935724,0,0.0,
3848,2464,advancedPawn crushing endgame promotion sacrifice veryLong,83,13,d4b3,False,0.39458244649961427,2,0.9222506284713745,b4b3,True,0.8514285683631897,5.5123158999485895,0,0.0,
3850,2752,crushing middlegame quietMove skewer veryLong,60,45,b3c5,False,0.0010653480109259741,6,0.9889995455741882,b3c5,False,0.0,6.235422700061463,0,0.0,
3852,2455,crushing defensiveMove endgame hangingPiece master rookEndgame short,108,19,c8d8,False,0.3689836569404846,2,0.9126929640769958,c8d8,False,0.22857142984867096,5.77348209999036,0,0.0,
3854,2770,advancedPawn crushing defensiveMove deflection endgame veryLong,93,12,f4f3,False,0.05635962318502771,2,0.9803409576416016,g3g2,True,0.9100000262260437,6.440991899929941,0,0.0,
3856,2755,crushing defensiveMove long middlegame sacrifice,44,47,g5f6,False,0.04167953023854998,4,0.9871934056282043,e1e7,True,0.6971428394317627,7.612399199977517,0,0.0,
3858,2603,attraction crushing endgame kingsideAttack pin sacrifice veryLong,46,33,d1d8,False,0.08013583121670123,2,0.9531559348106384,d1d8,False,0.017142856493592262,4.442326899967156,0,0.0,
3860,2385,crushing defensiveMove long middlegame sacrifice,24,41,b3b7,True,0.692718187269864,1,0.790971577167511,b3b7,True,0.8485714197158813,5.792735600029118,0,0.0,
3862,2454,crushing endgame pin quietMove veryLong,66,37,a6g6,True,0.9931726803688863,1,0.9758850932121277,a6g6,True,0.9985714554786682,5.965117100044154,0,0.0,
3864,2474,advantage endgame pin veryLong,72,32,d3c3,False,0.4018652339512688,2,0.8842040300369263,d3g6,True,0.9528571367263794,4.885583100025542,0,0.0,
3866,2499,advantage capturingDefender middlegame short,44,41,e3e5,False,0.292696358699739,2,0.8995321393013,d1d5,True,0.9614285826683044,6.567797999945469,0,0.0,
3868,2522,crushing discoveredAttack endgame long,82,44,d8h8,True,0.7278989044911109,1,0.9900544881820679,d8h8,True,0.9857142567634583,3.9362282999791205,0,0.0,
3870,2351,advantage fork long middlegame,53,40,f2g2,True,0.7079805854219382,1,0.9235774874687195,f2g2,True,0.9757142663002014,4.177688300027512,0,0.0,
3872,2456,advantage attraction exposedKing middlegame quietMove veryLong,33,53,f8f1,True,0.960292286120354,1,0.9831224679946899,f8f1,True,0.9714285731315613,6.221194999990985,0,0.0,
3874,2682,crushing defensiveMove deflection endgame pawnEndgame veryLong zugzwang,95,7,c5c4,True,0.8666536506523591,1,0.9510998129844666,c5c4,True,0.7471428513526917,4.331466299947351,0,0.0,
3876,2535,crushing long master middlegame sacrifice,63,25,a2b1,False,0.007325349631328005,7,0.9595436453819275,a3b2,False,0.0,6.4873833999736235,0,0.0,
3878,2396,attraction crushing defensiveMove endgame fork quietMove veryLong zugzwang,76,19,d2d5,True,0.9577593432516954,1,0.9022637009620667,d2d5,True,0.9971428513526917,5.360121699981391,0,0.0,
3880,2393,attraction crushing kingsideAttack long middlegame sacrifice,46,51,h1h7,True,0.7419071381559882,1,0.8712581992149353,h1h7,True,0.977142870426178,7.495564699987881,0,0.0,
3882,2423,crushing deflection enPassant endgame pawnEndgame veryLong zugzwang,96,6,f3f4,False,0.002661910816300795,6,0.9101947546005249,f3f4,False,0.0,5.19036619993858,0,0.0,
3884,2581,advancedPawn crushing discoveredAttack discoveredCheck middlegame sacrifice veryLong,58,44,e5e6,True,0.657132106694636,1,0.8460204005241394,e5e6,True,0.9714285731315613,7.400795000023209,0,0.0,
3886,2428,fork long mate mateIn3 middlegame sacrifice,44,46,h5f7,False,0.02688747290267236,2,0.8793033957481384,c2h7,True,0.8171428442001343,1.308416899992153,0,0.0,
3888,2423,crushing endgame pin sacrifice short,64,33,g1g6,True,0.6750322427383956,1,0.9926698803901672,g1g6,True,0.8942857384681702,6.600682700052857,0,0.0,
3890,2670,crushing discoveredAttack discoveredCheck endgame exposedKing fork veryLong,52,32,h7c7,True,0.9969710300624692,1,0.9475325345993042,h7c7,True,0.9985714554786682,4.830657199956477,0,0.0,
3892,2382,crushing endgame long trappedPiece,64,12,d5c6,False,0.02914872236658006,2,0.6243078112602234,c4b5,True,0.8342857360839844,6.275960400002077,0,0.0,
3894,2573,advantage endgame exposedKing pin quietMove veryLong,79,26,c3a3,False,0.0021174615050575836,4,0.9979708790779114,c3c1,False,0.0,6.419131199945696,0,0.0,
3896,2358,crushing endgame exposedKing fork long quietMove,79,33,b3b5,False,0.05048789832010846,2,0.981801450252533,b3e6,True,0.927142858505249,1.1436369000002742,0,0.0,
3898,2391,crushing long middlegame sacrifice,34,26,d3f5,False,0.15817308531039495,3,0.9642885327339172,h2h4,True,0.6100000143051147,6.603806500090286,0,0.0,
3900,2779,advancedPawn advantage defensiveMove endgame pin veryLong,64,38,d5d6,True,0.8122113681538796,1,0.9643813371658325,d5d6,True,0.9928571581840515,5.897446000017226,0,0.0,
3902,2478,advantage endgame hangingPiece long,102,15,d7d8,False,0.37291744334779264,2,0.7053118944168091,d7d6,True,0.8728571534156799,4.3247532999375835,0,0.0,
3904,2452,crushing endgame exposedKing hangingPiece master veryLong,139,4,f5e3,True,0.9967750056567195,1,0.27638134360313416,f5e3,True,1.0,4.728493300033733,0,0.0,
3906,2459,advancedPawn crushing endgame hangingPiece quietMove veryLong,89,13,c2f5,True,0.9144282617464207,1,0.4965033531188965,c2f5,True,0.9957143068313599,4.42411790008191,0,0.0,
3908,2464,advantage long middlegame pin,53,25,g7f7,False,0.45372224028762737,2,0.11667010188102722,h8h1,True,0.9785714149475098,4.682675400050357,0,0.0,
3910,2531,crushing fork hangingPiece middlegame veryLong,39,39,d4c2,False,0.0201666541550125,3,0.9631887078285217,f3h1,True,0.6857143044471741,4.856430899933912,0,0.0,
3912,2397,advantage middlegame pin short,32,30,c4d5,False,0.39519007471277184,2,0.8591529130935669,f3e4,True,0.9571428298950195,6.346969799953513,0,0.0,
3914,2423,advancedPawn crushing endgame hangingPiece long,88,15,c6b7,True,0.8975924630701276,1,0.23942045867443085,c6b7,True,0.9928571581840515,7.3983434999827296,0,0.0,
3916,2463,endgame equality fork long quietMove,75,35,g2h1,False,5.062268774181684e-05,34,0.9317946434020996,g2g6,False,0.0,6.051849199924618,0,0.0,
3918,2432,advancedPawn attraction crushing endgame exposedKing promotion veryLong,72,2,g1g2,False,0.008669074062106994,2,0.6764339804649353,g1f1,True,0.5485714077949524,5.1103376999963075,0,0.0,
3920,2568,attraction crushing deflection exposedKing master middlegame sacrifice veryLong,54,50,f6d5,False,0.0009497786265678396,31,0.9719985723495483,e8c8,False,0.0,6.7884443999500945,0,0.0,
3922,2471,advantage fork middlegame veryLong,54,28,h6h7,True,0.9946887052600104,1,0.8480022549629211,h6h7,True,0.9985714554786682,6.536984400008805,0,0.0,
3924,2575,crushing endgame fork long master,77,35,a5a2,False,0.0018169776360259784,12,0.9364718794822693,d1d5,False,0.0,6.614010899909772,0,0.0,
3926,2771,advantage hangingPiece long middlegame,54,39,b5a6,False,0.04681535041624289,2,0.9577988982200623,c4c6,True,0.8600000143051147,8.214366400032304,0,0.0,
3928,2727,advancedPawn crushing discoveredAttack discoveredCheck endgame exposedKing veryLong,63,31,h6h3,True,0.7772750897381103,1,0.9250026345252991,h6h3,True,0.9885714054107666,6.860924499924295,0,0.0,
3930,2624,advantage hangingPiece middlegame pin short,51,40,d4d1,False,0.006994271135630385,6,0.9792280793190002,d4d1,False,0.0,5.461965100024827,0,0.0,
3932,2385,advantage kingsideAttack middlegame sacrifice veryLong,36,41,b3g3,False,0.43475693095118023,2,0.8204696774482727,b3g3,False,0.12999999523162842,8.812669500010088,0,0.0,
3934,2359,crushing kingsideAttack middlegame pin short,38,47,d6g6,True,0.9433236743211441,1,0.7586339712142944,d6g6,True,0.9957143068313599,4.511998699977994,0,0.0,
3936,2448,advantage long middlegame pin quietMove sacrifice,40,46,f7b3,False,0.065200787601977,5,0.8374974727630615,f7g6,True,0.9314285516738892,5.7700941999210045,0,0.0,
3938,2521,advantage middlegame trappedPiece veryLong,48,46,f4c7,True,0.8969324629225979,1,0.930589497089386,f4c7,True,0.9028571248054504,8.335352499969304,0,0.0,
3940,2559,advancedPawn advantage discoveredAttack discoveredCheck endgame exposedKing fork master promotion veryLong,97,13,e3e2,True,0.9225513984212295,1,0.28755882382392883,e3e2,True,0.9957143068313599,5.272412999998778,0,0.0,
3942,2608,attraction crushing endgame master sacrifice veryLong,92,35,f2f3,False,0.2241667025968015,2,0.9111278057098389,f6e5,True,0.4757142961025238,6.469346400001086,0,0.0,
3944,2683,crushing discoveredAttack fork long middlegame,47,40,d4e2,False,0.02747782890088678,3,0.9818589091300964,f7f5,True,0.7328571677207947,6.774815600016154,0,0.0,
3946,2800,advantage defensiveMove deflection endgame pawnEndgame veryLong zugzwang,78,6,d2c3,False,0.0015038873375292643,5,0.837929904460907,d2c3,False,0.0,8.343078600009903,0,0.0,
3948,2756,crushing deflection middlegame veryLong,43,39,e8e5,False,0.017607200614563334,5,0.9283867478370667,e8e5,False,0.0028571428265422583,4.502011299948208,0,0.0,
3950,2760,advantage discoveredAttack kingsideAttack long middlegame sacrifice,41,45,e5f3,True,0.9997228616750622,1,0.9625481367111206,e5f3,True,0.9985714554786682,5.728600000031292,0,0.0,
3952,2365,advantage long middlegame sacrifice,75,50,d5e3,True,0.6727714344369077,1,0.9451964497566223,d5e3,True,0.9785714149475098,4.944782300037332,0,0.0,
3954,2721,advantage deflection endgame sacrifice veryLong,74,24,a3a4,False,0.09666079153074057,2,0.8990320563316345,g2c6,True,0.9342857003211975,4.3243353998987,0,0.0,
3956,2557,advantage capturingDefender deflection middlegame veryLong,37,54,e8e3,False,0.15280128200601412,2,0.9815968871116638,f4e3,True,0.9442856907844543,6.810116600012407,0,0.0,
3958,2757,crushing long middlegame pin quietMove,47,32,f6f5,True,0.7439101522630078,1,0.9632108807563782,f6f5,True,0.7642857432365417,8.485024300054647,0,0.0,
3960,2392,deflection mate mateIn5 middlegame pin sacrifice veryLong,49,39,e5g4,True,0.5241880142789238,1,0.9020483493804932,e5g4,True,0.881428599357605,7.563392500043847,0,0.0,
3962,2428,attraction endgame mate mateIn5 sacrifice veryLong,75,29,a2d5,True,0.3712265707185468,1,0.16266050934791565,a2d5,True,0.30000001192092896,4.848344199941494,0,0.0,
3964,2711,attraction crushing exposedKing middlegame veryLong,63,32,e8e2,False,0.30872191027786056,2,0.9636634588241577,b5e2,True,0.8742856979370117,8.088716299971566,0,0.0,
3966,2413,advantage middlegame pin short,33,40,b7f3,False,0.14777342736002308,2,0.7605642676353455,e8e3,True,0.9742857217788696,4.99865810002666,0,0.0,
3968,2431,advantage fork opening veryLong,25,50,c7c4,True,0.9053528115113156,1,0.3120212256908417,c7c4,True,0.9957143068313599,6.7914090000558645,0,0.0,
3970,2611,advantage deflection endgame long,88,36,e8h8,False,0.34554362218799417,2,0.9972044825553894,b2h8,True,0.5799999833106995,6.054027100093663,0,0.0,
3972,2589,crushing fork middlegame veryLong,41,43,d4c2,True,0.3053662369222314,1,0.3385196626186371,d4c2,True,0.8628571629524231,5.701417499920353,0,0.0,
3974,2549,advantage middlegame sacrifice skewer veryLong,67,51,d6c5,True,0.48616319242199746,1,0.9684637784957886,d6c5,True,0.9599999785423279,4.1586003000847995,0,0.0,
3976,2378,crushing master middlegame pin short,72,36,g3g6,False,0.0005006557850553703,14,0.8952583074569702,g3h3,False,0.0,8.400799500057474,0,0.0,
3978,2656,advantage clearance fork opening pin sacrifice veryLong,22,45,d4e6,True,0.577733232342643,1,0.8571071028709412,d4e6,True,0.7128571271896362,6.545849899994209,0,0.0,
3980,2434,crushing middlegame pin short,35,34,a8c8,False,0.20128829507913507,2,0.987080991268158,d8g5,True,0.895714282989502,5.077229700051248,0,0.0,
3982,2407,crushing long middlegame pin,72,31,e4g4,True,0.9950751006518729,1,0.9471238255500793,e4g4,True,0.9985714554786682,5.696159900049679,0,0.0,
3984,2538,advantage endgame pin veryLong,68,35,h6h7,False,0.00473914717147219,5,0.9980493783950806,b3b4,False,0.0,6.6145934000378475,0,0.0,
3986,2596,advancedPawn crushing endgame promotion quietMove sacrifice veryLong,89,15,a3a2,False,0.005116403661220822,9,0.9950211048126221,d5e7,False,0.0,6.442234700080007,0,0.0,
3988,2555,advancedPawn crushing endgame pawnEndgame quietMove sacrifice veryLong,93,7,e6e5,False,0.047815802301258155,3,0.9416769742965698,h4h3,False,0.05000000074505806,6.948344099917449,0,0.0,
3990,2379,advantage hangingPiece long middlegame,53,49,f2f1,False,0.00854114478802119,13,0.9829148650169373,b2d2,False,0.0,7.179090999998152,0,0.0,
3992,2524,advantage clearance exposedKing middlegame sacrifice veryLong,40,52,g6d6,True,0.9892989833939198,1,0.97578364610672,g6d6,True,0.9985714554786682,5.9145301000680774,0,0.0,
3994,2553,crushing discoveredAttack middlegame veryLong,35,37,e7f6,False,0.1471800155953441,2,0.8722445964813232,e4f3,True,0.9300000071525574,7.270058199996129,0,0.0,
3996,2405,clearance long mate mateIn3 middlegame sacrifice,47,28,g4e5,True,0.3821653467209349,1,0.6541345119476318,g4e5,True,0.9628571271896362,0.6914132999954745,0,0.0,
3998,2646,advantage attraction capturingDefender endgame exposedKing fork master veryLong,54,45,d3g6,False,0.006490796126493341,4,0.9841164946556091,d3g6,False,0.0,5.106646099942736,0,0.0,
4000,2430,crushing fork master middlegame sacrifice short,37,43,d4c2,True,0.5170143092257065,1,0.9881514310836792,d4c2,True,0.9471428394317627,6.376177700003609,0,0.0,
4002,2393,crushing endgame hangingPiece master rookEndgame short,125,16,g8g3,False,0.1501819825170017,2,0.32129037380218506,f5e6,True,0.9642857313156128,4.7142466000514105,0,0.0,
4004,2385,crushing middlegame sacrifice veryLong,38,41,d1h1,False,0.0421846382606398,2,0.9635419845581055,h5g5,True,0.831428587436676,3.5063192999223247,0,0.0,
4006,2690,clearance crushing middlegame pin veryLong,48,45,a1a5,False,0.39202771138237835,2,0.8049445152282715,g2e4,True,0.9385714530944824,5.035605600103736,0,0.0,
4008,2798,advancedPawn advantage deflection endgame pin veryLong,52,37,g5h5,False,0.03259880862178845,2,0.9876915812492371,g5h5,False,0.07428571581840515,5.949948700028472,0,0.0,
4010,2477,crushing discoveredAttack fork middlegame sacrifice veryLong,44,40,f7e6,False,0.17422528447862376,2,0.9936091303825378,e4d6,True,0.9671428799629211,3.5908073000609875,0,0.0,
4012,2414,advantage master middlegame skewer veryLong,32,48,c3d5,False,0.009235806499787148,3,0.9258394837379456,c3d5,False,0.0,6.012639999971725,0,0.0,
4014,2569,crushing hangingPiece long middlegame,59,22,h6h8,True,0.2655538110004177,1,0.946744441986084,h6h8,True,0.9571428298950195,4.532158200046979,0,0.0,
4016,2535,crushing endgame pin quietMove veryLong,62,34,f3h4,False,0.24624125978411887,2,0.8755080699920654,f3e5,True,0.9485714435577393,4.80808780004736,0,0.0,
4018,2368,crushing endgame fork short,69,31,d4f2,True,0.5039467397826337,1,0.9650981426239014,d4f2,True,0.9785714149475098,5.050214800052345,0,0.0,
4020,2735,crushing defensiveMove deflection fork middlegame skewer veryLong,49,38,f1c4,False,0.0380189376397314,4,0.833145260810852,f5d4,True,0.8385714292526245,6.303410999942571,0,0.0,
4022,2531,clearance crushing exposedKing middlegame sacrifice veryLong,66,42,c6e8,True,0.4789010162705805,1,0.9815768003463745,c6e8,True,0.9757142663002014,2.803082300000824,0,0.0,
4024,2608,advantage fork middlegame sacrifice short,24,39,g5e6,False,0.003788710845575181,9,0.8983303904533386,d5f4,False,0.0,7.740190800046548,0,0.0,
4026,2775,advantage clearance long middlegame sacrifice,36,37,c1c4,False,0.2724746940920032,2,0.9069507718086243,e3c4,True,0.8514285683631897,6.934406899963506,0,0.0,
4028,2747,advantage middlegame pin short,39,42,a8h8,False,0.0001384661563348802,25,0.8058558702468872,a8h8,False,0.0,4.821557900053449,0,0.0,
4030,2394,attraction crushing kingsideAttack middlegame sacrifice veryLong,36,47,d3h7,True,0.9343346215746166,1,0.9051613807678223,d3h7,True,0.758571445941925,5.251629299949855,0,0.0,
4032,2525,advantage collinearMove exposedKing fork middlegame veryLong,62,33,f5g5,False,0.09480524706603428,2,0.7974818348884583,d1h5,True,0.8557142615318298,4.992785399896093,0,0.0,
4034,2594,advantage long middlegame pin,54,27,f4g4,True,0.5491385780281002,1,0.853656530380249,f4g4,True,0.9671428799629211,4.897996700019576,0,0.0,
4036,2503,advantage long middlegame sacrifice,48,37,f2f7,False,0.001606407924187559,5,0.9025276303291321,a3b4,False,0.0,6.447316400008276,0,0.0,
4038,2424,advancedPawn attraction crushing endgame promotion veryLong,86,10,d5d6,True,0.9001189105750795,1,0.5134177803993225,d5d6,True,0.9957143068313599,6.205274699954316,0,0.0,
4040,2399,crushing endgame long pin,73,33,b2f2,False,0.0066870933829363925,4,0.9609551429748535,d6g3,False,0.0,6.5583673000801355,0,0.0,
4042,2564,crushing endgame long pin queensideAttack,59,33,a5d2,True,0.9632650581882067,1,0.968985915184021,a5d2,True,0.9971428513526917,4.719018500065431,0,0.0,
4044,2352,advantage hangingPiece opening veryLong,19,24,c5d4,True,0.8140740031519875,1,0.6768408417701721,c5d4,True,0.991428554058075,4.805708600091748,0,0.0,
4046,2673,crushing defensiveMove endgame fork quietMove veryLong,99,14,d6c8,True,0.7690088462574514,1,0.9238494038581848,d6c8,True,0.9814285635948181,5.470897100050934,0,0.0,
4048,2647,advancedPawn crushing defensiveMove endgame fork promotion quietMove veryLong,79,14,a3a2,True,0.966510209551589,1,0.8109545111656189,a3a2,True,0.9985714554786682,5.621841799933463,0,0.0,
4050,2797,crushing middlegame sacrifice short,57,37,h3f2,False,0.0303246708442712,2,0.8764981627464294,h3f2,False,0.0028571428265422583,7.899626900092699,0,0.0,
4052,2415,advancedPawn advantage attraction kingsideAttack master middlegame veryLong,63,35,e3f2,True,0.939533671280806,1,0.8420831561088562,e3f2,True,0.9942857027053833,4.524695000029169,0,0.0,
4054,2507,crushing exposedKing fork long middlegame sacrifice,40,39,f7b7,False,0.001891197973438801,16,0.9805406928062439,f7b7,False,0.0,6.096280199941248,0,0.0,
4056,2631,advancedPawn advantage attraction deflection long middlegame promotion,72,35,e7f6,False,0.02636095038905522,2,0.8941779732704163,h7h8q,True,0.800000011920929,7.3667287999996915,0,0.0,
4058,2514,advantage defensiveMove deflection exposedKing long middlegame,59,30,f2f1,True,0.6000056382788317,1,0.8862764239311218,f2f1,True,0.9585714340209961,7.159159699920565,0,0.0,
4060,2370,crushing deflection endgame exposedKing veryLong,64,31,f8d8,True,0.559120743665732,1,0.99424809217453,f8d8,True,0.9371428489685059,6.275054999976419,0,0.0,
4062,2445,advantage endgame pin quietMove veryLong,54,40,b8e8,True,0.8677932753682068,1,0.9904063940048218,b8e8,True,0.6814285516738892,5.120796100003645,0,0.0,
4064,2413,crushing middlegame sacrifice veryLong,36,52,c2f5,False,0.0693615710264713,3,0.9831390976905823,f1f5,True,0.854285717010498,6.95036249991972,0,0.0,
4066,2354,endgame long mate mateIn3,70,29,c5c6,True,0.5473095766607587,1,0.9161170125007629,c5c6,True,0.9428571462631226,0.9281450000125915,0,0.0,
4068,2752,crushing defensiveMove endgame hangingPiece long quietMove,92,14,e3d4,True,0.9083632705857588,1,0.8499755263328552,e3d4,True,0.991428554058075,7.944465799955651,0,0.0,
4070,2529,advantage attraction kingsideAttack middlegame pin veryLong,33,46,d3f1,False,0.04698763147308566,2,0.9565855860710144,a8e8,True,0.918571412563324,7.049042299971916,0,0.0,
4072,2376,advantage clearance long middlegame sacrifice,37,43,a2a3,False,0.2571200645764952,2,0.9312528967857361,f6e4,True,0.8771428465843201,6.984121099929325,0,0.0,
4074,2461,attraction capturingDefender crushing middlegame veryLong,46,39,b3c3,False,0.26556390098638477,2,0.8429619669914246,f1f6,True,0.8414285778999329,6.18566129996907,0,0.0,
4076,2608,advantage fork middlegame veryLong,44,41,d1d6,True,0.9142182669789305,1,0.9518072605133057,d1d6,True,0.9657142758369446,7.205601699999534,0,0.0,
4078,2614,advancedPawn crushing defensiveMove fork middlegame veryLong,59,32,g7d4,False,0.0024269964853541196,3,0.8314400911331177,g7d4,False,0.0,5.908216400071979,0,0.0,
4080,2516,attraction crushing endgame long queensideAttack sacrifice,50,35,b3b7,False,0.2595720502537437,2,0.9866182208061218,c1c7,True,0.9571428298950195,5.095317600062117,0,0.0,
4082,2448,advantage capturingDefender discoveredAttack long opening sacrifice,14,40,c3d5,False,0.0510253916089899,5,0.6589024066925049,c3b5,True,0.8157142996788025,6.461816800059751,0,0.0,
4084,2599,advantage deflection middlegame pin skewer veryLong,46,29,c2h2,False,0.3208874163771522,2,0.9184151887893677,d1d3,True,0.9599999785423279,5.4933187999995425,0,0.0,
4086,2447,crushing defensiveMove hangingPiece middlegame short,34,2,g1g2,True,0.6543306648291486,1,0.5654010772705078,g1g2,True,0.9828571677207947,6.102325799991377,0,0.0,
4088,2584,crushing long middlegame sacrifice,50,36,h4f3,False,0.31270108235547256,2,0.9937310218811035,h4f5,True,0.9328571557998657,4.134341900004074,0,0.0,
4090,2359,advantage long middlegame queensideAttack sacrifice,51,34,d5c3,True,0.9978098046855528,1,0.977794885635376,d5c3,True,0.9985714554786682,3.1265268999850377,0,0.0,
4092,2431,attraction discoveredAttack discoveredCheck mate mateIn5 middlegame sacrifice veryLong,28,35,d1h5,False,0.35388596295792596,2,0.9778984785079956,d1h5,False,0.14571428298950195,6.507295300019905,0,0.0,
4094,2796,crushing deflection endgame long sacrifice,79,36,g7g6,False,0.22381691854398222,3,0.33006155490875244,g2f4,False,0.04857143014669418,0.5824287000577897,0,0.0,
4096,2412,crushing deflection intermezzo middlegame sacrifice veryLong,57,41,a8a1,False,0.0022118334411540394,3,0.9620763063430786,a8a1,False,0.0,4.483894499950111,0,0.0,
4098,2362,advantage discoveredAttack middlegame veryLong,21,46,d6e5,False,0.23326883997083342,2,0.5302417278289795,d6e5,False,0.1785714328289032,5.547528300085105,0,0.0,
4100,2445,advantage hangingPiece middlegame veryLong,32,38,e2e4,True,0.8024973871688202,1,0.7453525066375732,e2e4,True,0.9800000190734863,5.918498900020495,0,0.0,
4102,2682,advantage defensiveMove fork long middlegame sacrifice,44,56,d5e7,True,0.6651386196573403,1,0.9840040802955627,d5e7,True,0.9100000262260437,7.033606100012548,0,0.0,
4104,2495,advantage deflection endgame long,64,35,c6f6,True,0.4616210408890265,1,0.960111141204834,f5e7,False,0.18285714089870453,8.926667000050656,0,0.0,
4106,2441,clearance crushing long middlegame pin,52,38,e4f6,True,0.9908533492900637,1,0.9227795600891113,e4f6,True,0.8485714197158813,8.122938800021075,0,0.0,
4108,2585,advantage middlegame pin quietMove veryLong,37,45,h8h3,True,0.7780049199057395,1,0.9798205494880676,h8h3,True,0.9714285731315613,6.978522500023246,0,0.0,
4110,2748,advantage clearance long middlegame pin,63,37,d4d1,True,0.9052060357502888,1,0.9490407109260559,c5c4,False,0.272857129573822,7.916351999971084,0,0.0,
4112,2392,advantage discoveredAttack discoveredCheck exposedKing middlegame veryLong,50,37,g4g5,True,0.7358243636436504,1,0.5204799175262451,g4g5,True,0.9457142949104309,7.082547100028023,0,0.0,
4114,2685,advantage fork middlegame quietMove veryLong,29,45,h2h1,True,0.8731856332522888,1,0.6715212464332581,h2h1,True,0.9642857313156128,7.877686999971047,0,0.0,
4116,2386,crushing middlegame pin short,81,49,h3h1,True,0.7985312354287291,1,0.8699535131454468,h3h1,True,0.9742857217788696,3.363157100044191,0,0.0,
4118,2421,attraction crushing exposedKing middlegame pin veryLong,31,2,g8h8,True,0.8340468379417726,1,0.882992148399353,g8h8,True,0.9785714149475098,5.000117699964903,0,0.0,
4120,2457,crushing hangingPiece middlegame quietMove veryLong,47,39,b7f3,True,0.9878832548308725,1,0.4365687966346741,b7f3,True,0.9985714554786682,7.044864799943753,0,0.0,
4122,2678,attraction crushing endgame pawnEndgame veryLong,87,12,d5c4,True,0.7962040395043004,1,0.8100026845932007,d5c4,True,0.9442856907844543,7.513260799925774,0,0.0,
4124,2485,attraction crushing endgame long pawnEndgame,76,12,f4f5,True,0.9749925698276015,1,0.8971165418624878,f4f5,True,0.9985714554786682,4.859035600093193,0,0.0,
4126,2366,crushing discoveredAttack discoveredCheck long middlegame,47,33,e6h3,False,0.004935850211905336,2,0.9669276475906372,e6h3,False,0.0,4.6773530000355095,0,0.0,
4128,2446,advancedPawn crushing endgame long pin,50,41,e5e8,False,0.007966900075101925,4,0.9874476194381714,e5e7,False,0.0,5.39695019996725,0,0.0,
4130,2399,crushing long middlegame pin,43,2,b8e8,True,0.9820051636395172,1,0.26326480507850647,b8e8,True,0.9985714554786682,7.638581600040197,0,0.0,
4132,2486,crushing deflection endgame veryLong,80,9,g6e5,False,0.10596470558398832,3,0.4829491376876831,g6h4,False,0.3285714387893677,4.842136300052516,0,0.0,
4134,2758,advancedPawn attraction bishopEndgame crushing deflection endgame exposedKing promotion veryLong,75,12,e4e3,False,0.03169079166977773,2,0.9040356278419495,e4e3,False,0.14428570866584778,7.548010399914347,0,0.0,
4136,2493,attraction crushing middlegame pin queensideAttack sacrifice veryLong,37,47,c8c2,False,0.17216373927544176,3,0.9966225624084473,e7e5,False,0.3085714280605316,8.31665380008053,0,0.0,
4138,2397,crushing fork intermezzo middlegame short,35,50,h4h2,True,0.6789235215994537,1,0.951237142086029,h4h2,True,0.9842857122421265,4.074155799928121,0,0.0,
4140,2484,advantage kingsideAttack long middlegame sacrifice,33,45,h6c1,False,0.10803834959562206,2,0.9478635191917419,g4e3,False,0.167142853140831,7.839550599921495,0,0.0,
4142,2481,crushing discoveredAttack discoveredCheck fork long middlegame,81,40,h4f3,False,0.00030582952969496305,6,0.9942823052406311,e5g3,False,0.0,4.805952699971385,0,0.0,
4144,2759,advancedPawn clearance crushing endgame fork pin promotion veryLong,75,25,d4d3,True,0.7427124676795183,1,0.9843793511390686,d4d3,True,0.9742857217788696,5.73949890001677,0,0.0,
4146,2478,advantage long middlegame skewer,42,45,g2d5,True,0.9984891819618684,1,0.9740974307060242,g2d5,True,0.9985714554786682,6.655889400048181,0,0.0,
4148,2405,advancedPawn advantage attraction clearance discoveredAttack middlegame sacrifice veryLong,53,43,e3f2,False,0.016312580318013487,2,0.9646999835968018,e3f2,False,0.4285714328289032,6.850237400038168,0,0.0,
4150,2791,advantage exposedKing fork middlegame veryLong,38,36,g4e6,False,0.03347932246342867,3,0.8530502915382385,g5f6,True,0.868571400642395,3.4350175000727177,0,0.0,
4152,2462,attraction crushing long middlegame,57,31,c2d2,True,0.9109791877138053,1,0.47362637519836426,c2d2,True,0.991428554058075,6.391783299972303,0,0.0,
4154,2373,crushing defensiveMove middlegame pin veryLong,66,5,f7f3,True,0.84350258543271,1,0.9234899878501892,f7f3,True,0.9828571677207947,5.540631500072777,0,0.0,
4156,2626,advantage discoveredAttack long middlegame quietMove,45,29,c7g7,True,0.7630779775873137,1,0.8036361932754517,c7g7,True,0.9485714435577393,7.289795699995011,0,0.0,
4158,2486,advantage attraction kingsideAttack middlegame sacrifice veryLong,49,40,b6f2,True,0.9588763936648715,1,0.9540179967880249,b6f2,True,0.9928571581840515,5.827393400017172,0,0.0,
4160,2413,advantage long middlegame pin,47,2,d7d8,False,0.16658826402619525,2,-0.11427110433578491,e8e6,True,0.9700000286102295,5.930654000025243,0,0.0,
4162,2677,advantage endgame long pin,64,49,g3g8,False,0.0005919025585380503,18,0.9970852732658386,a2a3,False,0.0,5.775222999975085,0,0.0,
4164,2405,advancedPawn crushing discoveredAttack discoveredCheck master middlegame short,48,42,d6d7,True,0.48747942090961927,1,0.9836819171905518,d6d7,True,0.9628571271896362,6.8857397000538185,0,0.0,
4166,2542,crushing deflection kingsideAttack middlegame veryLong,31,45,e5f3,True,0.9167999781056271,1,0.899909257888794,e5f3,True,0.9928571581840515,2.388530800002627,0,0.0,
4168,2365,crushing discoveredAttack kingsideAttack long middlegame pin sacrifice,39,39,f4h3,True,0.9365620987553241,1,0.9470239281654358,c5d4,False,0.09142857044935226,7.255967200035229,0,0.0,
4170,2768,attraction crushing deflection middlegame veryLong,60,36,e6e7,False,0.0010186358323275829,10,0.9039754867553711,e6e7,False,0.0,6.645676599931903,0,0.0,
4172,2617,crushing long middlegame sacrifice,34,43,d5f6,False,0.043684021696824775,5,0.9653723835945129,f3g5,True,0.7257142663002014,5.756044200039469,0,0.0,
4174,2530,advantage discoveredAttack endgame long rookEndgame,58,17,f5f6,False,0.0782671601213561,2,0.9131490588188171,f5f6,False,0.034285712987184525,6.703767300001346,0,0.0,
4176,2358,crushing long middlegame sacrifice,56,59,a7c7,False,0.07078079631604224,4,0.5880290865898132,c1c6,True,0.9399999976158142,5.186673799995333,0,0.0,
4178,2750,advantage endgame exposedKing interference kingsideAttack master veryLong,59,28,c8h3,True,0.9583660895347224,1,0.9046630859375,c8h3,True,0.9985714554786682,6.0298631999176,0,0.0,
4180,2670,advantage middlegame sacrifice veryLong,73,33,d6e7,False,0.04150073638549375,4,0.9758397936820984,d6e7,False,0.009999999776482582,7.539753600023687,0,0.0,
4182,2657,crushing defensiveMove endgame pawnEndgame quietMove sacrifice veryLong,123,7,a5a4,False,0.037216851120527,5,0.847564160823822,f6f5,False,0.3685714304447174,6.453042200068012,0,0.0,
4184,2415,crushing endgame pin short,90,35,b6d6,False,0.00042635837636714123,26,0.9420313239097595,b6d6,False,0.0,4.586329200072214,0,0.0,
4186,2465,advantage discoveredAttack discoveredCheck middlegame veryLong,30,38,d1a4,True,0.9060795142957009,1,0.9675926566123962,d1a4,True,0.9957143068313599,5.686166600091383,0,0.0,
4188,2579,crushing endgame fork veryLong,65,35,a4a1,True,0.8657628889548142,1,0.8933568000793457,a4a1,True,0.9942857027053833,6.583876199903898,0,0.0,
4190,2371,advancedPawn crushing endgame long quietMove sacrifice,94,10,d3e5,False,0.015050204419047733,8,0.8854660391807556,d3b4,False,0.0014285714132711291,4.872915399959311,0,0.0,
4192,2637,advantage exposedKing fork long master middlegame,59,36,f8h8,False,6.626740509132848e-05,23,0.9424887299537659,e4f5,False,0.0,5.704676300054416,0,0.0,
4194,2693,crushing middlegame sacrifice veryLong,71,45,d6g3,False,0.0026840876245300713,7,0.871338963508606,d6g3,False,0.0,6.66072719998192,0,0.0,
4196,2796,crushing endgame exposedKing fork veryLong,79,40,e6g4,True,0.9204093931135174,1,0.9105064868927002,e6g4,True,0.9871428608894348,4.036256199935451,0,0.0,
4198,2685,crushing middlegame quietMove sacrifice veryLong,60,38,h5f7,False,0.0009172282207133658,9,0.9796589612960815,h5f7,False,0.0,3.8698864000616595,0,0.0,
4200,2384,advancedPawn crushing endgame fork veryLong,69,30,b6c4,True,0.7525368297524629,1,0.8226940035820007,b6c4,True,0.9885714054107666,5.187677999958396,0,0.0,
4202,2771,crushing deflection master middlegame veryLong,28,39,d1d8,True,0.6295717881812056,1,0.9299702048301697,d1d8,True,0.9742857217788696,4.805118400021456,0,0.0,
4204,2733,advantage hangingPiece long middlegame,34,32,f1f7,False,0.26854268693825,3,0.6195443868637085,h5g6,True,0.9142857193946838,7.222121699946001,0,0.0,
4206,2432,advancedPawn crushing deflection middlegame promotion veryLong,66,30,g6h7,False,0.13312821304796726,2,0.34030666947364807,h1h7,True,0.9714285731315613,4.672180499997921,0,0.0,
4208,2423,advantage deflection endgame long pin,76,42,d8c8,False,0.1759802149006523,3,0.9426205158233643,c3c7,True,0.9442856907844543,7.008290600031614,0,0.0,
4210,2446,attraction crushing exposedKing middlegame veryLong,36,50,e6g5,False,0.026457350964552078,3,0.8565264344215393,c3e4,True,0.8057143092155457,6.142620300059207,0,0.0,
4212,2728,advantage exposedKing fork middlegame veryLong,89,35,b6e6,True,0.6425304493152322,1,0.9668446183204651,b6e6,True,0.9757142663002014,4.865796300000511,0,0.0,
4214,2575,crushing long middlegame sacrifice,45,43,e8e2,True,0.9832738672013702,1,0.9466148018836975,e8e2,True,0.9957143068313599,6.463651500060223,0,0.0,
4216,2651,crushing deflection discoveredCheck doubleCheck exposedKing middlegame veryLong,55,45,g8g3,False,0.007019904253882614,2,0.969470739364624,g8g3,False,0.0,8.931135400081985,0,0.0,
4218,2351,advantage endgame fork long quietMove,57,34,c6f3,False,8.264898751346267e-05,20,0.9949219822883606,c6f3,False,0.0,6.083435800042935,0,0.0,
4220,2361,attraction crushing kingsideAttack middlegame pin sacrifice veryLong,34,54,d3h7,False,0.002052986482671527,5,0.716539204120636,a2a3,False,0.0,5.80676179996226,0,0.0,
4222,2443,crushing defensiveMove fork middlegame veryLong,58,45,h5f6,True,0.6231425210319054,1,0.9845500588417053,h5f6,True,0.9742857217788696,7.756530600017868,0,0.0,
4224,2729,crushing endgame exposedKing fork long,98,32,d6f6,False,0.23782175597609065,2,0.9831523895263672,f3d5,True,0.7442857027053833,6.435542199993506,0,0.0,
4226,2471,attraction crushing endgame long master sacrifice,64,41,a2f7,True,0.8900419141485977,1,0.9829573631286621,a2f7,True,0.9828571677207947,5.646473300061189,0,0.0,
4228,2674,crushing deflection kingsideAttack opening veryLong,31,48,f8f1,False,0.005544755192703196,5,0.9216095805168152,f8f1,False,0.0,5.37480480002705,0,0.0,
4230,2451,advancedPawn crushing deflection endgame pawnEndgame quietMove veryLong zugzwang,85,8,e6e7,False,0.07172792341178261,8,0.8020150661468506,e6f5,True,0.508571445941925,7.847163699916564,0,0.0,
4232,2519,advancedPawn attraction crushing deflection endgame exposedKing pawnEndgame promotion quietMove veryLong,74,7,d4c5,False,0.02375135014788651,3,0.7863855957984924,d4d5,True,0.9599999785423279,6.595521999988705,0,0.0,
4234,2642,crushing long middlegame pin,41,36,a2c2,False,0.039032475092168256,2,0.947187602519989,a2c2,False,0.03857142850756645,6.064193699974567,0,0.0,
4236,2456,crushing master middlegame sacrifice short,44,50,f5d6,False,0.04220155491265013,2,0.9938313364982605,f5d6,False,0.012857142835855484,5.127081700018607,0,0.0,
4238,2680,advantage defensiveMove deflection discoveredAttack middlegame veryLong,34,44,e4d6,True,0.9103120876646703,1,0.3467470705509186,e4d6,True,0.9928571581840515,6.700945599935949,0,0.0,
4240,2704,advantage attraction middlegame sacrifice veryLong,80,30,c5f8,False,0.0012241092807500466,8,0.9535118937492371,a4a5,False,0.0,6.010631499928422,0,0.0,
4242,2558,attraction kingsideAttack mate mateIn4 middlegame pillsburysMate sacrifice veryLong,46,30,e4f6,True,0.858547827164961,1,0.9382844567298889,e2f2,False,0.04857143014669418,5.320265399990603,0,0.0,
4244,2539,crushing master masterVsMaster middlegame pin veryLong,55,46,d3e3,True,0.5809698540126429,1,0.9583724141120911,d3e3,True,0.977142870426178,5.546170299989171,0,0.0,
4246,2795,crushing discoveredCheck doubleCheck endgame veryLong,48,32,d5e6,True,0.9993696682482719,1,0.950484573841095,d5e6,True,0.9985714554786682,7.07828499993775,0,0.0,
4248,2374,crushing middlegame sacrifice veryLong,33,45,a2a1,True,0.45934641565994566,1,0.9784027934074402,a2a1,True,0.9657142758369446,6.413022900000215,0,0.0,
4250,2747,advantage attraction long middlegame sacrifice,46,40,g1g6,True,0.5851535268680591,1,0.8400391936302185,g1g6,True,0.9728571176528931,6.641688199946657,0,0.0,
4252,2607,clearance crushing fork middlegame veryLong,44,6,e4f2,False,0.33582335189988916,2,-0.3448096513748169,f3d4,True,0.977142870426178,5.025147999986075,0,0.0,
4254,2371,crushing endgame hangingPiece short,61,27,g4d1,True,0.8223612275181391,1,0.9649887084960938,g4d1,True,0.9928571581840515,7.58224490005523,0,0.0,
4256,2351,crushing defensiveMove endgame hangingPiece long rookEndgame,105,18,e2d3,True,0.9599614611327559,1,0.7512716054916382,e2d3,True,0.9957143068313599,6.53882309992332,0,0.0,
4258,2702,advantage endgame long pin,58,35,g3e5,True,0.9459102451362762,1,0.9781766533851624,g3e5,True,0.991428554058075,7.151059399941005,0,0.0,
4260,2667,advancedPawn crushing endgame hangingPiece veryLong,75,34,h3g2,False,0.0020798941184111503,2,0.9837267994880676,h3g2,False,0.0,3.2898190999403596,0,0.0,
4262,2369,crushing deflection endgame exposedKing long,65,34,d8d3,True,0.9833495306393125,1,0.5477334260940552,d8d3,True,0.9985714554786682,5.8661147999810055,0,0.0,
4264,2478,advantage kingsideAttack middlegame sacrifice veryLong,46,43,d4e6,True,0.48353074219379916,1,0.8234639167785645,d4e6,True,0.9800000190734863,5.276004300103523,0,0.0,
4266,2532,advantage discoveredAttack discoveredCheck intermezzo long middlegame,51,44,d5d4,True,0.806452284424718,1,0.8858232498168945,d5d4,True,0.9471428394317627,6.528649299987592,0,0.0,
4268,2660,advancedPawn crushing deflection endgame promotion veryLong,92,30,f3e5,False,0.3479194701755955,2,0.8742234706878662,b6b7,True,0.8514285683631897,5.591453499975614,0,0.0,
4270,2783,crushing defensiveMove fork middlegame sacrifice veryLong,46,46,f3f7,True,0.761069062030165,1,0.9592661261558533,f3f7,True,0.9642857313156128,7.4155039000324905,0,0.0,
4272,2465,crushing middlegame pin short,24,42,g5f6,False,0.0006190311422995379,17,0.6572262048721313,g5f6,False,0.0,6.733429900021292,0,0.0,
4274,2566,crushing endgame long pin,45,30,d7h3,True,0.9965063422464936,1,0.9348002672195435,d7h3,True,0.9985714554786682,4.064218899933621,0,0.0,
4276,2441,crushing defensiveMove deflection endgame pawnEndgame veryLong zugzwang,62,8,b5b6,False,0.10746995986007664,2,0.9231771230697632,h4g5,True,0.9357143044471741,5.012898299959488,0,0.0,
4278,2501,advantage capturingDefender long middlegame pin,38,36,e2c4,False,0.12151087849545104,2,0.8906681537628174,c1c8,False,0.1842857152223587,9.142473099986091,0,0.0,
4280,2593,advantage doubleCheck long middlegame,35,44,f5e3,False,0.01054925318958958,4,0.8051830530166626,f5e3,False,0.07857143133878708,7.411831400007941,0,0.0,
4282,2489,crushing endgame long master sacrifice,62,26,f3h3,False,0.023075416688540663,2,0.968119204044342,f3f4,True,0.5257142782211304,7.351911399979144,0,0.0,
4284,2411,discoveredAttack endgame epauletteMate mate mateIn2 queenEndgame short,83,20,e2e5,False,0.3676861725934611,2,0.8387673497200012,f2f1,True,0.9728571176528931,0.787250200053677,0,0.0,
4286,2521,crushing exposedKing fork middlegame veryLong,37,44,c5d3,False,0.09335473185591817,3,0.8893879652023315,h6h4,True,0.9585714340209961,6.1803118999814615,0,0.0,
4288,2362,crushing endgame interference veryLong,59,32,h6e3,False,0.05525581014248689,3,0.9708945155143738,h6h2,True,0.927142858505249,7.208297200035304,0,0.0,
4290,2429,advantage defensiveMove endgame pin short,69,21,f5f3,False,0.01399074198959531,4,0.9677097797393799,f5f3,False,0.3199999928474426,7.568406600039452,0,0.0,
4292,2533,crushing endgame long sacrifice,92,11,g6e5,True,0.5167391046075177,1,0.4046573340892792,d5e4,False,0.055714286863803864,6.068896400043741,0,0.0,
4294,2506,attraction crushing kingsideAttack middlegame veryLong,62,30,g3g6,False,0.07337568112634979,2,0.6658523678779602,h7g7,True,0.7542856931686401,4.399691400001757,0,0.0,
4296,2540,crushing middlegame pin short,53,29,g7g3,False,0.010962445326476052,3,0.9652360081672668,g7g3,False,0.0,8.290657000034116,0,0.0,
4298,2368,crushing deflection kingsideAttack middlegame veryLong,23,44,d7h3,False,0.3799335776182656,2,0.8121423125267029,d4f3,True,0.8785714507102966,5.890600000042468,0,0.0,
4300,2429,advancedPawn attraction crushing endgame exposedKing pin sacrifice skewer veryLong,82,24,e6e7,True,0.9241217419968843,1,0.9909049272537231,e6e7,True,0.5128571391105652,5.591518800007179,0,0.0,
4302,2734,attraction crushing middlegame quietMove sacrifice veryLong,65,41,h5f4,False,0.019874351236845847,4,0.9807257652282715,g5g4,True,0.5742856860160828,7.054957799962722,0,0.0,
4304,2544,advantage long middlegame pin,44,43,h5h6,True,0.48465015511316384,1,0.9752858877182007,f5f6,False,0.35857143998146057,6.977138899965212,0,0.0,
4306,2487,advantage endgame long pin,49,37,g4f3,False,0.05984905685000443,4,0.8427152633666992,g4g6,True,0.8771428465843201,4.765119400108233,0,0.0,
4308,2669,crushing long middlegame sacrifice,34,44,b3f7,False,0.0027523927231056073,7,0.9048233032226562,b3f7,False,0.0,7.60155349993147,0,0.0,
4310,2447,attraction collinearMove crushing discoveredAttack discoveredCheck opening sacrifice veryLong,26,42,c1a3,True,0.8474633513865119,1,0.9819777011871338,c1a3,True,0.927142858505249,7.198055799934082,0,0.0,
4312,2753,advantage endgame hangingPiece long,96,18,a4b5,True,0.9871204989991171,1,0.09723532199859619,a4b5,True,1.0,7.8056967000011355,0,0.0,
4314,2452,advantage exposedKing hangingPiece middlegame veryLong,36,41,e2f3,True,0.4390709041480982,1,0.43764472007751465,e4d6,False,0.2800000011920929,1.7632853999966756,0,0.0,
4316,2521,advantage kingsideAttack long opening sacrifice,25,46,d4f3,True,0.7095850888753849,1,0.8831997513771057,d4f3,True,0.9300000071525574,4.374044699943624,0,0.0,
4318,2467,advantage clearance deflection master middlegame pin veryLong,65,35,d5e6,False,0.14446143349708837,3,0.8334343433380127,b6e6,True,0.8842856884002686,6.373916699900292,0,0.0,
4320,2428,advantage discoveredCheck doubleCheck exposedKing long middlegame sacrifice,29,41,e5f3,False,0.017913766104066708,3,0.9025307297706604,f6d5,True,0.6642857193946838,5.941789799951948,0,0.0,
4322,2456,advantage deflection endgame long,71,44,d3e2,False,0.3506526968877227,2,0.9568225145339966,d3g3,True,0.9328571557998657,6.302843900048174,0,0.0,
4324,2569,advancedPawn capturingDefender crushing middlegame veryLong,51,32,g8f7,False,0.39519819547226753,2,0.27629026770591736,c4d3,True,0.9457142949104309,5.695550000062212,0,0.0,
4326,2608,crushing middlegame pin short,64,43,e6g6,False,2.955879730728879e-05,33,0.9740651845932007,e6g6,False,0.0,4.430238300003111,0,0.0,
4328,2629,advantage clearance discoveredAttack discoveredCheck long middlegame,54,35,f5f6,True,0.9756715406702107,1,0.9757054448127747,f5f6,True,0.9942857027053833,7.1775044000241905,0,0.0,
4330,2526,crushing middlegame pin quietMove veryLong,42,37,h5f7,False,0.008782061736223302,7,0.9657215476036072,f1f3,False,0.0,4.76461620000191,0,0.0,
4332,2574,crushing defensiveMove long middlegame sacrifice,26,40,c3e4,True,0.6468911585549583,1,0.8061254024505615,c3e4,True,0.9585714340209961,6.799398900009692,0,0.0,
4334,2410,crushing kingsideAttack long middlegame sacrifice,42,46,d1d8,False,0.005859154398301859,3,0.5471684336662292,d1d8,False,0.0,6.436490599997342,0,0.0,
4336,2384,advantage deflection intermezzo long middlegame sacrifice,75,33,g8g2,False,0.024455196902231732,3,0.8935291171073914,d8d5,True,0.7900000214576721,5.297146699973382,0,0.0,
4338,2468,crushing discoveredAttack discoveredCheck exposedKing middlegame veryLong,51,34,h7h3,True,0.9418073541373625,1,0.9911854863166809,h7h3,True,0.9928571581840515,6.09028720005881,0,0.0,
4340,2561,advantage endgame long pin sacrifice,70,32,g2g7,False,0.03886935368060743,2,0.9216873049736023,g2g7,False,0.0014285714132711291,9.878003899939358,0,0.0,
4342,2622,crushing long middlegame pin,75,40,e1c1,False,0.011009224189657206,6,0.9081904888153076,e1c1,False,0.25285714864730835,5.616282799979672,0,0.0,
4344,2556,advantage middlegame pin veryLong,63,42,f6f2,True,0.6862138789364624,1,0.9759293794631958,f6f2,True,0.75,6.602669200045057,0,0.0,
4346,2404,advantage attraction long master masterVsMaster middlegame sacrifice,32,36,g2h3,False,0.2920530972681385,2,0.4625893235206604,d1d8,True,0.9671428799629211,6.753700800007209,0,0.0,
4348,2611,crushing exposedKing interference long middlegame,47,23,d4e2,True,0.7625674420909336,1,0.9819821119308472,d4e2,True,0.9842857122421265,4.704995100037195,0,0.0,
4350,2569,advancedPawn advantage endgame quietMove sacrifice short,87,19,g4f3,False,0.0006448345426628264,12,0.45279791951179504,e3e2,False,0.0,7.189160699956119,0,0.0,
4352,2594,advancedPawn clearance crushing discoveredAttack endgame promotion quietMove rookEndgame veryLong,86,11,a8h8,True,0.9618315041401078,1,0.9336525797843933,a8h8,True,0.9971428513526917,5.432195200002752,0,0.0,
4354,2789,crushing hangingPiece intermezzo middlegame sacrifice veryLong,81,29,f8f2,False,0.006073290601362207,2,0.9722102880477905,f8f2,False,0.0,5.780262999935076,0,0.0,
4356,2680,advantage endgame exposedKing fork master veryLong,113,32,d5d4,False,0.06749063884756544,2,0.8307129144668579,d1a1,True,0.941428542137146,5.658949799952097,0,0.0,
4358,2466,advancedPawn crushing endgame fork long master masterVsMaster,85,13,h3h2,True,0.8088463726483777,1,0.8126952648162842,h3h2,True,0.9871428608894348,5.136120199924335,0,0.0,
4360,2453,advantage long middlegame sacrifice,62,40,g7g8,False,0.1445755934886097,2,0.9994611740112305,c3b4,True,0.9442856907844543,1.033505400060676,0,0.0,
4362,2728,advantage defensiveMove endgame pin veryLong,53,33,a8c8,True,0.8478313997905459,1,0.9470023512840271,a8c8,True,0.9900000095367432,6.123830800061114,0,0.0,
4364,2721,attraction crushing endgame short,69,38,e6e4,False,0.32418856790149525,2,0.9270752668380737,g6g5,True,0.9528571367263794,2.2557647000066936,0,0.0,
4366,2599,advantage hangingPiece master middlegame quietMove veryLong,43,34,d8d7,True,0.9356975711895328,1,0.9429052472114563,d8d7,True,0.9957143068313599,5.358796100015752,0,0.0,
4368,2767,crushing long middlegame queensideAttack quietMove sacrifice,41,42,b7e4,False,0.0018315399696623904,7,0.9054273962974548,b7e4,False,0.0,5.896404099999927,0,0.0,
4370,2474,attraction crushing kingsideAttack long middlegame sacrifice,42,52,f3g5,False,0.029412309290771033,4,0.9042337536811829,f3g5,False,0.015714285895228386,7.45506079995539,0,0.0,
4372,2657,crushing long master masterVsMaster middlegame pin quietMove,40,35,e1e7,False,0.0005060676087871182,23,0.5346075892448425,g3g4,False,0.0,2.1010678000748158,0,0.0,
4374,2495,advantage fork middlegame veryLong,53,39,f2e3,True,0.9012565219085094,1,0.9899836182594299,f2e3,True,0.918571412563324,3.512594799976796,0,0.0,
4376,2614,advantage discoveredAttack discoveredCheck long middlegame,57,41,a2b3,True,0.8484919529410262,1,0.9249626398086548,a2b3,True,0.8171428442001343,8.477351999958046,0,0.0,
4378,2467,crushing defensiveMove hangingPiece opening short,26,39,e5f6,False,0.10572146758637704,2,0.8232400417327881,d1d4,True,0.7771428823471069,8.483664599945769,0,0.0,
4380,2430,crushing discoveredAttack middlegame short,57,34,e5f3,True,0.9993656671452966,1,0.8782323598861694,e5f3,True,0.9985714554786682,5.622587200021371,0,0.0,
4382,2398,advantage attraction master middlegame sacrifice veryLong,36,44,b5e8,False,0.21122107834833442,2,0.9392070174217224,g1g7,True,0.954285740852356,6.280063199927099,0,0.0,
4384,2661,crushing endgame pin short,43,38,e7b4,False,0.003705905325222568,4,0.9826586246490479,e7b4,False,0.0,6.285446999943815,0,0.0,
4386,2593,advancedPawn advantage endgame promotion sacrifice veryLong,63,27,c5f2,False,0.005743903978153583,10,0.8524814248085022,b8d8,False,0.0,5.824099299963564,0,0.0,
4388,2373,crushing endgame fork long,66,34,c8e6,False,0.005929839138884048,11,0.9852063059806824,c5e6,False,0.0,7.364981700084172,0,0.0,
4390,2467,crushing fork long middlegame pin,62,39,f6g6,True,0.7235123669399298,1,0.8983669877052307,f6g6,True,0.9671428799629211,3.5806376000400633,0,0.0,
4392,2512,crushing long middlegame pin,34,46,a1e1,False,0.0021120897305025974,11,0.9597052335739136,g5f6,False,0.0,6.935487400041893,0,0.0,
4394,2530,advancedPawn crushing deflection endgame long promotion rookEndgame,108,19,b5c5,False,0.0418673870949283,4,0.5952377915382385,c6c7,True,0.8942857384681702,5.4349707999499515,0,0.0,
4396,2486,discoveredAttack discoveredCheck endgame mate mateIn5 pillsburysMate quietMove veryLong,75,22,d7e8,False,0.0016005633396259551,9,0.47967472672462463,d7e8,False,0.0,4.024464100017212,0,0.0,
4398,2446,attraction crushing endgame fork long,67,31,c6c1,False,0.00013240930096022788,7,0.9973818063735962,c6e4,False,0.0,7.1792562999762595,0,0.0,
4400,2658,advantage middlegame sacrifice trappedPiece veryLong,47,39,d6a6,False,0.04458226307464721,6,0.4569438397884369,d6f6,True,0.4242857098579407,7.100684399949387,0,0.0,
4402,2741,clearance crushing master middlegame pin quietMove short,86,31,e6f7,False,0.06575412815348906,2,0.9621173143386841,f6g7,True,0.9114285707473755,6.6299062999896705,0,0.0,
4404,2717,advantage clearance discoveredAttack discoveredCheck endgame long quietMove,75,35,g3h1,False,0.2933033260183138,2,0.9578657746315002,e7h4,True,0.8500000238418579,7.612974199932069,0,0.0,
4406,2628,crushing long middlegame quietMove sacrifice,50,39,c6c8,False,0.002154724105261339,21,0.9834436178207397,c1c2,False,0.0,7.304000200005248,0,0.0,
4408,2446,crushing long opening pin quietMove sacrifice,25,35,g4e3,False,0.0027619754698693885,14,0.8142635822296143,h4h2,False,0.0,7.073410699958913,0,0.0,
4410,2691,advantage attraction middlegame sacrifice veryLong xRayAttack,28,41,a1b1,False,0.3255105340685286,2,0.9314355850219727,f3g4,True,0.5914285778999329,5.964282100088894,0,0.0,
4412,2758,advantage fork long middlegame pin sacrifice,56,43,f5h6,False,0.00011721118205688245,10,0.9956599473953247,f5h6,False,0.0,7.219356500077993,0,0.0,
4414,2561,advantage fork long master masterVsMaster middlegame,66,38,e4f6,True,0.6265478665809349,1,0.9823512434959412,e4f6,True,0.8985714316368103,5.017547200084664,0,0.0,
4416,2440,advantage endgame sacrifice veryLong,88,30,g4b4,True,0.9689428324444755,1,0.5589146614074707,g4b4,True,0.9985714554786682,4.919083200045861,0,0.0,
4418,2488,advantage defensiveMove middlegame pin veryLong,48,7,e1f1,True,0.3307886205004842,1,0.8851673603057861,e1f1,True,0.9128571152687073,6.938399400096387,0,0.0,
4420,2354,clearance crushing kingsideAttack middlegame skewer veryLong,46,41,f6h6,True,0.34968207160119397,1,0.9796180129051208,f6h6,True,0.9642857313156128,4.436559900059365,0,0.0,
4422,2588,deflection mate mateIn5 middlegame veryLong,75,41,c4c1,True,0.9770083596790603,1,0.9755493998527527,c4c1,True,0.9971428513526917,1.76699070003815,0,0.0,
4424,2485,crushing deflection fork middlegame quietMove sacrifice veryLong,57,42,h4h3,True,0.9832544710063981,1,0.9704189300537109,h4h3,True,0.9985714554786682,1.2787110999925062,0,0.0,
4426,2456,crushing middlegame quietMove veryLong xRayAttack,58,49,e6e8,False,0.009823218630077398,6,0.9766741394996643,d5e5,False,0.0,6.932010899996385,0,0.0,
4428,2493,advantage defensiveMove endgame fork master short,58,44,g1g8,False,0.07608733603276163,3,0.40864717960357666,b2f6,True,0.7842857241630554,6.682298199972138,0,0.0,
4430,2560,advantage attraction endgame veryLong,69,32,e3d3,False,0.14301215592387617,2,0.9764937162399292,e3e2,True,0.9428571462631226,7.189730899990536,0,0.0,
4432,2361,advantage clearance kingsideAttack middlegame veryLong xRayAttack,35,49,d4d3,False,0.15460981232997772,2,0.9507788419723511,e8e5,True,0.9371428489685059,6.658474399941042,0,0.0,
4434,2512,advantage endgame long pin,59,37,e5f3,True,0.5122540879251725,1,0.9699549078941345,a3b4,False,0.04571428522467613,9.067891099955887,0,0.0,
4436,2419,advantage deflection middlegame pin queensideAttack veryLong,43,35,a2a1,True,0.7519582288821482,1,0.9767918586730957,a2a1,True,0.9828571677207947,7.370356100029312,0,0.0,
4438,2624,advantage discoveredAttack exposedKing kingsideAttack middlegame pin veryLong,64,40,f5h6,False,0.00038420137740763886,12,0.9929406642913818,f5h6,False,0.0,6.965021800016984,0,0.0,
4440,2645,advantage middlegame quietMove skewer veryLong,36,31,g5g8,True,0.985646676236979,1,0.8735170960426331,g5g8,True,0.9985714554786682,6.395322500029579,0,0.0,
4442,2629,advantage hangingPiece long middlegame,44,38,e3d4,False,0.32148756108736415,2,0.9443925023078918,e3d4,False,0.10000000149011612,7.301347800064832,0,0.0,
4444,2613,advantage discoveredAttack middlegame short,34,39,d3h7,False,9.320784317397888e-05,11,0.9805386066436768,b2b3,False,0.0,7.174412299995311,0,0.0,
4446,2480,advancedPawn crushing discoveredAttack endgame exposedKing sacrifice veryLong,91,16,h3h2,True,0.9799605607810415,1,0.9144057631492615,h3h2,True,0.9985714554786682,7.251477100071497,0,0.0,
4448,2754,crushing defensiveMove deflection endgame long,96,28,g1g7,True,0.9838086721651654,1,0.8682703971862793,g1g7,True,0.9971428513526917,5.602195900049992,0,0.0,
4450,2578,advantage hangingPiece long opening,25,35,d8d1,False,0.19284486791449842,2,0.7262648344039917,f6e4,True,0.9371428489685059,5.7497555000009015,0,0.0,
4452,2536,crushing middlegame sacrifice veryLong,57,36,h2h1,False,0.010091649783121416,2,0.9572499990463257,h2h1,False,0.10000000149011612,4.806429699994624,0,0.0,
4454,2689,advantage attraction defensiveMove deflection long middlegame sacrifice,54,4,c1d1,False,0.056988278928569,3,0.7382864356040955,e1e3,True,0.8128571510314941,7.439431000035256,0,0.0,
4456,2351,crushing deflection discoveredAttack long middlegame,59,30,h5h2,False,0.004059207496447923,3,0.9872766733169556,h5h2,False,0.0,4.2192958999658,0,0.0,
4458,2481,advantage long middlegame skewer,74,39,d7e8,True,0.31596821390545005,1,0.9842201471328735,h5g6,False,0.22857142984867096,8.98349060001783,0,0.0,
4460,2386,advantage fork middlegame veryLong,49,30,c8a8,False,0.07377688605956817,4,0.7853716611862183,f6h4,True,0.8371428847312927,7.142930899979547,0,0.0,
4462,2423,advantage deflection long middlegame,50,2,g1h1,True,0.5919176796908846,1,0.875201404094696,g1h1,True,0.9828571677207947,8.030878399964422,0,0.0,
4464,2661,crushing kingsideAttack long middlegame sacrifice,46,46,c1c7,False,0.022356407875929282,3,0.9325094223022461,c1c7,False,0.015714285895228386,7.860676800017245,0,0.0,
4466,2360,advantage long middlegame pin queensideAttack,45,39,e7a3,True,0.9528198999812871,1,0.9904463887214661,e7a3,True,0.9928571581840515,5.79997990000993,0,0.0,
4468,2506,advantage capturingDefender endgame long master,83,26,f1e2,False,0.13549608105231253,2,0.9775881171226501,f1h3,True,0.9028571248054504,8.886285300017335,0,0.0,
4470,2594,advantage endgame exposedKing fork long,69,27,g3f3,False,0.298655940660403,2,0.8066500425338745,h7h3,True,0.595714271068573,8.365713799954392,0,0.0,
4472,2430,advantage kingsideAttack long master middlegame pin,35,52,f4h3,False,0.08442146160169409,3,0.9792119860649109,f5e4,False,0.1257142871618271,5.411914499942213,0,0.0,
4474,2484,advantage middlegame pin veryLong,39,2,g8h8,True,0.7017298452298046,1,0.44774138927459717,g8h8,True,0.954285740852356,6.254903400084004,0,0.0,
4476,2485,advantage exposedKing fork middlegame veryLong,69,32,g3h3,True,0.9473941553972461,1,0.9687851667404175,g3h3,True,0.8828571438789368,4.706922200042754,0,0.0,
4478,2484,crushing discoveredAttack discoveredCheck middlegame veryLong,40,6,c1b1,False,0.013839038437943542,3,-0.07662659883499146,c1b1,False,0.47857141494750977,6.084268299979158,0,0.0,
4480,2375,crushing fork long middlegame,50,46,e5d7,True,0.950143490000894,1,0.9678846001625061,e5d7,True,0.9971428513526917,5.185316099901684,0,0.0,
4482,2623,advantage deflection hangingPiece middlegame veryLong,40,42,c6a8,True,0.8857012541500481,1,0.9886821508407593,c6a8,True,0.7871428728103638,6.441606999957003,0,0.0,
4484,2380,advantage endgame fork master sacrifice veryLong,46,37,f4e6,True,0.9894229982782173,1,0.9919629693031311,f4e6,True,0.9985714554786682,6.946140700019896,0,0.0,
4486,2470,crushing hangingPiece middlegame short,57,24,c5d4,False,0.3711803538984091,2,0.721130907535553,e7d7,True,0.9814285635948181,3.9592087999917567,0,0.0,
4488,2774,attraction mate mateIn5 middlegame sacrifice veryLong,49,43,c4d2,False,0.005057086677438857,4,0.9000378251075745,c4d2,False,0.0,6.396453900029883,0,0.0,
4490,2754,advantage deflection endgame pin veryLong,41,28,b7b1,False,0.05206789503576965,2,0.8402244448661804,b7b1,False,0.09714286029338837,6.380394599982537,0,0.0,
4492,2399,crushing exposedKing middlegame sacrifice veryLong,57,35,e8e5,False,0.24158108626879035,2,0.7864125370979309,d6e5,True,0.9171428680419922,5.234078699955717,0,0.0,
4494,2415,advancedPawn crushing endgame hangingPiece long,64,24,e5d6,True,0.9972923918121359,1,0.9379064440727234,e5d6,True,0.9985714554786682,7.65548299998045,0,0.0,
4496,2638,crushing fork middlegame sacrifice veryLong,25,52,d6h2,False,0.0019251719928967802,6,0.9466642141342163,d6h2,False,0.0,8.398498700000346,0,0.0,
4498,2442,crushing endgame hangingPiece long rookEndgame,97,11,c2f2,False,0.4365633878353585,2,0.7370879054069519,c4b3,True,0.977142870426178,5.482340899994597,0,0.0,
4500,2551,advantage clearance endgame long pin,79,36,e3e2,False,0.0004970844720938135,17,0.9318838715553284,e4g4,False,0.0,6.02887339994777,0,0.0,
4502,2634,advantage attraction middlegame sacrifice veryLong,35,52,e4c3,False,0.15400566596051335,2,0.976013720035553,d4d3,True,0.6228571534156799,7.386431600083597,0,0.0,
4504,2351,crushing intermezzo middlegame pin sacrifice veryLong,75,36,g7d4,True,0.9589743641446529,1,0.9386022686958313,g7d4,True,0.9942857027053833,6.79926889995113,0,0.0,
4506,2757,crushing long middlegame sacrifice,32,44,d5d6,False,0.007060221805274626,5,0.975536584854126,g5f6,False,0.0,6.854045800049789,0,0.0,
4508,2366,advantage attraction deflection fork middlegame sacrifice veryLong,46,56,c8f8,True,0.8904811306194608,1,0.9809974431991577,c8f8,True,0.9942857027053833,4.90271599998232,0,0.0,
4510,2359,attraction crushing long middlegame sacrifice,44,42,h6g7,False,0.25581331783843214,2,0.9580602049827576,h6g5,True,0.5242857336997986,7.103459800011478,0,0.0,
4512,2601,crushing defensiveMove endgame fork quietMove veryLong,68,14,e3f2,True,0.9368369221163256,1,0.9071674942970276,e3f2,True,0.9928571581840515,3.5336859000381082,0,0.0,
4514,2351,attraction capturingDefender crushing endgame long,66,26,g4f5,False,0.06732024529506488,3,0.9612287878990173,b6d7,True,0.8671428561210632,5.267718599992804,0,0.0,
4516,2407,crushing endgame hangingPiece long,66,25,d7d8,False,0.010708442050680573,3,0.8856387138366699,d7d8,False,0.008571428246796131,9.918927900027484,0,0.0,
4518,2414,crushing defensiveMove endgame hangingPiece knightEndgame short,97,5,c5b7,True,0.9902767487439074,1,0.07654321938753128,c5b7,True,1.0,5.908703800057992,0,0.0,
4520,2398,advantage defensiveMove fork long middlegame pin,43,51,h4f2,True,0.9891068688715403,1,0.9646285176277161,h4f2,True,0.9985714554786682,5.394864999921992,0,0.0,
4522,2363,crushing discoveredAttack discoveredCheck master middlegame short,68,34,e6g5,False,0.2155601625061472,2,0.8916221857070923,b1f1,True,0.9285714030265808,7.394117399933748,0,0.0,
4524,2368,advantage middlegame sacrifice short,34,45,e1e8,False,0.0033270646142355025,3,0.8202461004257202,e1e8,False,0.0,5.542772199958563,0,0.0,
4526,2505,clearance crushing deflection endgame master skewer veryLong,84,26,d3g6,True,0.7761494720002222,1,0.969817578792572,d3g6,True,0.9828571677207947,6.369341299985535,0,0.0,
4528,2623,advancedPawn clearance crushing endgame hangingPiece promotion rookEndgame veryLong,80,17,b7a8,True,0.9915012060478113,1,0.9150457978248596,b7a8,True,0.9985714554786682,7.409922400023788,0,0.0,
4530,2620,crushing deflection fork long opening,16,26,f3e5,True,0.41101305213271877,1,0.1645066887140274,f3e5,True,0.9157142639160156,5.9737553999293596,0,0.0,
4532,2470,clearance mate mateIn4 middlegame sacrifice veryLong,52,53,d1d8,False,0.01990529975244568,5,0.9727570414543152,d1d8,False,0.08571428805589676,7.977920999983326,0,0.0,
4534,2497,crushing deflection endgame rookEndgame veryLong,112,20,a7a4,True,0.8147542253504034,1,0.9519404768943787,a7a4,True,0.6600000262260437,7.772344700060785,0,0.0,
4536,2441,crushing endgame exposedKing fork quietMove veryLong,89,22,f4f3,False,0.40914376968355753,2,0.898263156414032,h5h4,True,0.5328571200370789,6.81126490002498,0,0.0,
4538,2518,advantage master middlegame pin short,38,43,g5h6,False,0.31234288894974016,2,0.9686586856842041,g5f6,True,0.8357142806053162,7.928360299905762,0,0.0,
4540,2530,advantage middlegame pin short,23,48,c8h3,True,0.4732956049998538,1,0.934087872505188,c8h3,True,0.7599999904632568,8.383811700041406,0,0.0,
4542,2492,crushing endgame queensideAttack sacrifice veryLong,56,29,a7a8,False,0.08238249396599058,2,0.9571782946586609,e1e6,True,0.8828571438789368,5.309820799971931,0,0.0,
4544,2385,advantage exposedKing fork middlegame veryLong,34,51,e1e8,True,0.8313030434828477,1,0.9458841681480408,e1e8,True,0.9857142567634583,5.154803299927153,0,0.0,
4546,2437,attraction mate mateIn4 middlegame queensideAttack sacrifice veryLong,46,46,c7b7,True,0.5170067183593878,1,0.9962325096130371,c7b7,True,0.977142870426178,1.0584169999929145,0,0.0,
4548,2539,attackingF2F7 crushing long middlegame pin,36,50,b3a4,False,0.011569682583176267,7,0.9252302050590515,e3c5,False,0.0,7.447705900063738,0,0.0,
4550,2565,advantage fork middlegame quietMove veryLong,30,50,c4f7,False,0.004955063602391859,12,0.8356744647026062,g2g3,False,0.0,8.646337199956179,0,0.0,
4552,2673,crushing middlegame pin quietMove short,55,48,e5e4,False,0.0009345019645798549,20,0.9571074843406677,e5e4,False,0.0,8.849594000028446,0,0.0,
4554,2441,crushing discoveredAttack discoveredCheck middlegame short,71,33,g8g3,False,0.007216243957838499,4,0.9179608225822449,g8g3,False,0.0,6.285458799917251,0,0.0,
4556,2662,advantage middlegame pin short,34,44,f4d6,False,0.29711892202736856,2,0.9076617956161499,a3b5,True,0.545714259147644,5.939455199986696,0,0.0,
4558,2439,long mate mateIn3 middlegame sacrifice,34,51,h5g4,False,0.17455379058608825,3,0.9380675554275513,b5c7,True,0.9371428489685059,1.0196858999552205,0,0.0,
4560,2691,advantage long middlegame sacrifice,28,38,d3h7,False,0.12673031188867184,2,0.9561607837677002,g5f6,True,0.9385714530944824,3.7296918999636546,0,0.0,
4562,2635,advantage bishopEndgame deflection endgame long,78,11,e5e6,False,0.0013552050466121234,5,0.9359828233718872,h3g4,False,0.0,5.92698610003572,0,0.0,
4564,2526,crushing endgame fork veryLong,83,28,f5f4,False,0.16320366240106024,2,0.9584001898765564,g5e3,True,0.6614285707473755,6.265366700012237,0,0.0,
4566,2403,crushing fork master middlegame pin veryLong,50,25,f3g5,True,0.9708763000247809,1,0.9498124718666077,f3g5,True,0.9942857027053833,6.117973900050856,0,0.0,
4568,2393,advantage discoveredAttack discoveredCheck middlegame veryLong,31,2,e7e8,False,0.18388769658453288,2,0.7977396845817566,e7d8,True,0.9571428298950195,6.95723870000802,0,0.0,
4570,2582,crushing endgame long master trappedPiece,98,16,b4b5,True,0.4864990035763633,1,0.7927215695381165,b4b5,True,0.9685714244842529,4.340075400075875,0,0.0,
4572,2762,castling crushing discoveredAttack discoveredCheck exposedKing fork middlegame veryLong,50,42,d5f6,False,0.4366986296704928,2,0.9923801422119141,g6h7,True,0.8628571629524231,7.252515099942684,0,0.0,
4574,2537,advantage exposedKing middlegame pin veryLong,60,44,g6h6,True,0.7240636674514425,1,0.9835203289985657,g6h6,True,0.4871428608894348,8.11444879998453,0,0.0,
4576,2665,advantage fork middlegame veryLong,55,42,b6e3,True,0.35842266589143734,1,0.967684268951416,d5d4,False,0.4714285731315613,5.782281000050716,0,0.0,
4578,2440,advantage defensiveMove fork opening sacrifice veryLong,25,3,e6d5,False,0.03230485775888065,3,0.4844355583190918,g8e7,True,0.8657143115997314,7.425871399929747,0,0.0,
4580,2778,advantage attraction deflection endgame fork sacrifice veryLong,65,39,e5h2,True,0.7552694704089794,1,0.9936832785606384,e5h2,True,0.9885714054107666,5.804346599965356,0,0.0,
4582,2604,advancedPawn crushing deflection endgame rookEndgame veryLong,94,15,b7b8,False,0.004454366486812964,4,0.9902366995811462,b2b3,False,0.0,5.224598800064996,0,0.0,
4584,2762,advantage long opening quietMove sacrifice,18,46,d1h5,True,0.8761744617285453,1,0.9001202583312988,d1h5,True,0.9814285635948181,6.096998699940741,0,0.0,
4586,2430,attraction crushing endgame fork long rookEndgame sacrifice,88,17,c3c4,False,0.07931618146935825,3,0.9718626141548157,c3c4,False,0.004285714123398066,5.150512799969874,0,0.0,
4588,2736,crushing master masterVsMaster middlegame pin veryLong xRayAttack,79,51,c1h1,True,0.6595239153605562,1,0.9178594946861267,c1h1,True,0.9757142663002014,4.124557900009677,0,0.0,
4590,2363,crushing defensiveMove endgame master pin short,64,5,h4h3,False,0.3242119743765951,2,0.9817511439323425,h4h3,False,0.13857142627239227,5.665050700074062,0,0.0,
4592,2534,advantage defensiveMove long middlegame sacrifice,64,52,g6h6,False,0.2616539597476909,2,0.9907564520835876,d2h6,True,0.949999988079071,4.431915799970739,0,0.0,
4594,2545,crushing middlegame pin short,27,33,d8g8,True,0.856176894904633,1,0.5621071457862854,d8g8,True,0.9900000095367432,7.737737099989317,0,0.0,
4596,2730,clearance crushing long middlegame sacrifice,54,54,h1h6,True,0.695181569033694,1,0.9613592624664307,h1h6,True,0.9314285516738892,7.0687947999686,0,0.0,
4598,2399,advantage defensiveMove deflection endgame veryLong,94,28,c7c8,True,0.7441295326468176,1,0.755911111831665,c7c8,True,0.9885714054107666,4.328504400094971,0,0.0,
4600,2478,crushing hangingPiece middlegame short,59,39,d8d1,False,0.14794493041455578,4,0.8408278226852417,f5e4,True,0.8042857050895691,6.432084000087343,0,0.0,
4602,2519,advantage long master middlegame pin,36,47,g3h4,False,0.33718229202254363,2,0.9727650284767151,f5d6,True,0.7599999904632568,7.821203899919055,0,0.0,
4604,2780,crushing deflection interference middlegame queensideAttack veryLong,56,42,e1e8,True,0.9984917342382926,1,0.9582789540290833,e1e8,True,0.9985714554786682,6.6111375000327826,0,0.0,
4606,2556,advantage fork long middlegame,59,32,d4f3,False,0.00579801720088607,3,0.9903883337974548,d4f3,False,0.0,6.584493500064127,0,0.0,
4608,2746,advancedPawn attraction crushing endgame exposedKing fork intermezzo veryLong,89,20,g3e5,False,0.25799370516405173,2,0.8559890389442444,h3h2,True,0.5928571224212646,7.925481100101024,0,0.0,
4610,2751,crushing deflection middlegame veryLong,95,54,f2h3,False,0.1838095269826476,2,0.9543793797492981,c1f1,True,0.9285714030265808,5.511752599966712,0,0.0,
4612,2492,advantage hangingPiece long middlegame,30,44,e2e5,True,0.915350981933374,1,0.4765634536743164,a2a3,False,0.238571435213089,6.8288916000165045,0,0.0,
4614,2582,crushing long middlegame quietMove sacrifice,53,31,h2h1,False,0.02982226308671549,4,0.9965149164199829,b7a6,False,0.06285714358091354,8.6508306999458,0,0.0,
4616,2461,advantage endgame master pin short,72,42,g1g4,False,2.9973966902828144e-05,21,0.9707817435264587,g1g4,False,0.0,7.9027499000076205,0,0.0,
4618,2396,crushing middlegame pin short,54,50,g4f6,False,0.0018597825521048889,7,0.9112988710403442,e1e7,False,0.0,8.482228700071573,0,0.0,
4620,2489,advantage attraction long middlegame sacrifice,60,40,d1d7,False,0.10385328708165169,3,0.9209625720977783,b2b3,False,0.345714271068573,2.0306001999415457,0,0.0,
4622,2678,advantage attraction long middlegame sacrifice,33,52,e4g2,False,0.07724262326731401,2,0.9656258821487427,e4e2,True,0.949999988079071,2.8077951000304893,0,0.0,
4624,2412,advantage attraction exposedKing fork middlegame sacrifice veryLong,46,38,e2g4,True,0.9186782039496342,1,0.8998879790306091,e2g4,True,0.9785714149475098,5.433132800040767,0,0.0,
4626,2391,attraction crushing endgame exposedKing fork long rookEndgame sacrifice,63,17,d5d4,False,0.030748419086433526,2,0.9357643127441406,d5d4,False,0.0028571428265422583,5.4549422999843955,0,0.0,
4628,2489,advantage hangingPiece middlegame veryLong,62,33,b7e7,True,0.98450353139175,1,0.875271201133728,b7e7,True,0.9985714554786682,6.404215199989267,0,0.0,
4630,2512,attraction crushing deflection fork middlegame veryLong,53,36,c2c1,False,0.31862347105782224,2,0.9288108348846436,c2g2,True,0.9700000286102295,3.3841228999663144,0,0.0,
4632,2656,advantage middlegame pin short,44,44,e1e6,False,0.005807157034286802,4,0.8200424909591675,e1e6,False,0.0,7.339179400005378,0,0.0,
4634,2653,advantage defensiveMove endgame pin veryLong,77,22,e1f3,False,0.11969221010493633,3,0.975078821182251,e1c2,True,0.8971428275108337,4.583833800046705,0,0.0,
4636,2740,advantage fork middlegame pin veryLong,51,38,d4d2,False,0.057215458791666333,4,0.9220320582389832,d4b2,False,0.10000000149011612,5.76090460002888,0,0.0,
4638,2519,advantage fork middlegame pin sacrifice veryLong,42,30,c4e6,False,0.015261749685845429,4,0.9851336479187012,c4d3,True,0.550000011920929,6.485127900028601,0,0.0,
4640,2444,crushing long master middlegame pin,98,40,g6f7,False,0.22353894791356715,3,0.9378868937492371,g6f7,False,0.015714285895228386,6.254502700059675,0,0.0,
4642,2586,advantage middlegame queensideAttack sacrifice veryLong,41,49,e6a2,False,0.3244999164958413,2,0.9757346510887146,d8a8,True,0.9700000286102295,5.002966600004584,0,0.0,
4644,2633,advantage defensiveMove endgame kingsideAttack long sacrifice,53,33,f4g4,True,0.8266772654938124,1,0.7999191880226135,f4g4,True,0.9928571581840515,5.866006599972025,0,0.0,
4646,2389,advantage attraction kingsideAttack middlegame veryLong,29,6,e7e6,True,0.7615319946366309,1,0.6629692912101746,e7e6,True,0.9828571677207947,7.465957600041293,0,0.0,
4648,2402,advantage middlegame sacrifice short,32,49,d3h7,False,0.0293798388552364,2,0.9924948215484619,d3h7,False,0.02857142873108387,9.817488000029698,0,0.0,
4650,2501,exposedKing long mate mateIn3 middlegame,41,36,a8g8,False,0.014101097402566093,3,0.967000424861908,a8g8,False,0.49000000953674316,5.768283000099473,0,0.0,
4652,2542,advantage clearance middlegame sacrifice short,32,40,e4f6,False,0.0020552405286356048,10,0.8919013738632202,c1f4,False,0.0,7.43843699991703,0,0.0,
4654,2731,attraction crushing defensiveMove endgame veryLong,61,37,h7h5,False,0.018998608973801005,5,0.9183639287948608,c6d7,False,0.16285714507102966,6.393208299996331,0,0.0,
4656,2778,advancedPawn crushing endgame quietMove sacrifice veryLong,125,13,a5b4,False,0.032159717440459,2,0.8378546237945557,a5a4,True,0.9157142639160156,7.806332400068641,0,0.0,
4658,2412,attraction crushing endgame fork knightEndgame long master,95,14,f7f5,True,0.6688766815191279,1,0.8955955505371094,f7f5,True,0.9785714149475098,5.6703336999053136,0,0.0,
4660,2712,advantage discoveredAttack discoveredCheck middlegame pin veryLong,52,46,e1e6,False,0.04706995743507481,6,0.983135998249054,h8g7,True,0.9128571152687073,7.0115136000094935,0,0.0,
4662,2653,crushing long middlegame pin,50,41,c4d3,True,0.500810809176746,1,0.9886582493782043,c4d3,True,0.9342857003211975,6.3077227000612766,0,0.0,
4664,2362,advantage middlegame sacrifice short,44,45,d3h7,False,8.547273043642639e-05,7,0.9204100370407104,e1e8,False,0.0,6.489821299910545,0,0.0,
4666,2517,advancedPawn crushing endgame long sacrifice,74,39,g6g7,False,0.000799732767500945,30,0.9942460656166077,f1b1,False,0.0,4.333853599964641,0,0.0,
4668,2682,crushing defensiveMove endgame exposedKing pin veryLong,86,29,b3b6,False,0.026351924225461714,2,0.9655498266220093,g3g6,True,0.8157142996788025,5.677938299952075,0,0.0,
4670,2639,crushing defensiveMove middlegame pin quietMove veryLong,83,33,h6h2,False,0.0008738118620998408,12,0.9902386665344238,d4d3,False,0.0,4.628301700111479,0,0.0,
4672,2410,capturingDefender crushing endgame long pin,77,26,f4e3,True,0.3602125090246462,1,0.9286529421806335,f4e3,True,0.9242857098579407,6.069457700010389,0,0.0,
4674,2479,advantage attraction exposedKing fork hangingPiece master middlegame sacrifice veryLong,77,40,e8e6,False,0.16250123685309137,2,0.9584813117980957,f3d3,True,0.9157142639160156,6.166966799995862,0,0.0,
4676,2395,advantage capturingDefender master middlegame short,33,42,c6d4,True,0.31360514736834444,1,0.41560208797454834,c6d4,True,0.9628571271896362,5.062927799997851,0,0.0,
4678,2520,advantage fork middlegame veryLong,48,38,h5g6,True,0.9648019722401324,1,0.9294078350067139,e4e5,False,0.33000001311302185,7.050103500019759,0,0.0,
4680,2428,advantage hangingPiece long middlegame,61,42,e7f6,False,0.007288856291393787,6,0.971592366695404,a3b3,False,0.0,8.765912499977276,0,0.0,
4682,2544,crushing middlegame sacrifice short,35,37,e5d4,False,0.05427041335011455,4,0.9215071797370911,g8g2,False,0.0028571428265422583,6.609940499998629,0,0.0,
4684,2532,advantage hangingPiece long middlegame,32,45,a4a8,True,0.9523185306197294,1,0.959032416343689,a4a8,True,0.9885714054107666,5.934342500055209,0,0.0,
4686,2476,advantage clearance long middlegame pin sacrifice,45,28,d8g8,False,0.054541545233287095,4,0.7755596041679382,h8h4,True,0.6299999952316284,9.723339499905705,0,0.0,
4688,2544,advantage endgame fork long,69,37,e8e5,True,0.9530662268834897,1,0.8939176201820374,e8e5,True,0.9942857027053833,5.214749799924903,0,0.0,
4690,2455,advantage fork long opening pin,21,45,f2h3,True,0.9172521917323305,1,0.9843260645866394,f2h3,True,0.9842857122421265,7.006606100010686,0,0.0,
4692,2495,advantage hangingPiece long middlegame,55,34,f5d4,True,0.9422706872314407,1,0.9217506647109985,f5d4,True,0.9971428513526917,4.471005300059915,0,0.0,
4694,2358,advantage endgame fork long,89,23,e5d3,True,0.9314315317700596,1,0.9483029246330261,e5d3,True,0.9971428513526917,6.847780499956571,0,0.0,
4696,2739,crushing defensiveMove endgame fork long,57,30,d6d1,False,0.016389883816895278,4,0.6546393632888794,d6d1,False,0.0028571428265422583,6.491281599970534,0,0.0,
4698,2522,advancedPawn clearance crushing discoveredAttack discoveredCheck endgame long quietMove rookEndgame,119,11,c4c3,True,0.9857006747548105,1,0.8723792433738708,c4c3,True,0.9985714554786682,5.8545747000025585,0,0.0,
4700,2779,advancedPawn attraction crushing deflection kingsideAttack middlegame sacrifice veryLong,44,39,h6g7,True,0.46925921817578314,1,0.644903838634491,h6d2,False,0.1014285683631897,5.683971699909307,0,0.0,
4702,2637,advancedPawn advantage defensiveMove endgame hangingPiece veryLong,116,12,f6c6,True,0.8020492877103882,1,0.5014220476150513,f6c6,True,0.9842857122421265,4.619031200069003,0,0.0,
4704,2360,crushing long middlegame xRayAttack,89,33,h5g4,True,0.7462844507511575,1,0.9299795031547546,h5g4,True,0.9900000095367432,3.8473535999655724,0,0.0,
4706,2449,advantage long middlegame trappedPiece,49,25,g7h6,False,0.016399176628429428,4,0.8793491125106812,f6e4,True,0.6071428656578064,7.413953399984166,0,0.0,
4708,2370,advantage endgame master pin sacrifice short,79,29,c2f2,True,0.3977538061477691,1,0.9483060240745544,g6d3,False,0.025714285671710968,6.469203399959952,0,0.0,
4710,2389,advantage defensiveMove middlegame pin veryLong,53,40,f1e1,False,0.01718765848469438,5,0.9748740792274475,f1e1,False,0.004285714123398066,5.737694000010379,0,0.0,
4712,2414,advantage long middlegame pin queensideAttack,22,36,a6b7,False,0.37648599753972095,2,0.9771051406860352,a4c6,True,0.8928571343421936,7.750910499948077,0,0.0,
4714,2792,crushing exposedKing fork middlegame sacrifice skewer veryLong,61,27,g4e3,True,0.9803500238266627,1,0.9770901799201965,g4e3,True,0.9942857027053833,6.170366900041699,0,0.0,
4716,2764,attackingF2F7 crushing discoveredAttack endgame long,83,18,c2c1,False,0.0007018440168491118,5,0.9857298731803894,e2g3,False,0.0,4.593120200093836,0,0.0,
4718,2586,crushing fork long middlegame pin sacrifice,70,31,f3f7,False,0.4011357379742808,2,0.9082783460617065,e7f6,True,0.8328571319580078,6.119339999975637,0,0.0,
4720,2408,advantage deflection endgame long sacrifice,59,26,f7f4,True,0.9392633692103359,1,0.8042745590209961,f7f4,True,0.9928571581840515,6.379315899917856,0,0.0,
4722,2381,advantage discoveredAttack long middlegame trappedPiece,41,46,f5g5,True,0.9131227169206828,1,0.950164258480072,f5g5,True,0.9971428513526917,5.243537399917841,0,0.0,
4724,2400,crushing middlegame pin short,46,37,f5g5,True,0.36497990900556837,1,0.9365010857582092,f5g5,True,0.9800000190734863,5.420814000070095,0,0.0,
4726,2404,advantage long middlegame sacrifice,72,41,h4h5,False,0.05104818212773292,4,0.885398268699646,f5e4,True,0.9085714221000671,7.683589200023562,0,0.0,
4728,2719,attraction crushing long middlegame sacrifice,46,55,g2g7,True,0.5938665920524576,1,0.9936946630477905,g2g7,True,0.9642857313156128,2.3751311999512836,0,0.0,
4730,2797,advantage defensiveMove deflection exposedKing fork middlegame veryLong,74,37,h5e8,False,0.2872409068284721,2,0.9321984052658081,h5h7,True,0.6857143044471741,5.928383699967526,0,0.0,
4732,2439,advantage discoveredAttack kingsideAttack long middlegame,34,38,e4h7,True,0.7808636385661715,1,0.9648224711418152,e4h7,True,0.8642857074737549,5.431728700059466,0,0.0,
4734,2396,crushing endgame interference master veryLong,74,31,a8b7,False,0.0002127161484677317,14,0.9926295280456543,a8b7,False,0.0,5.303694700007327,0,0.0,
4736,2587,advantage hangingPiece long middlegame,40,2,g1g2,True,0.5945039054482306,1,-0.0229730773717165,g1g2,True,0.9857142567634583,6.596427100012079,0,0.0,
4738,2464,advantage deflection long middlegame pin sacrifice,46,47,e1e7,True,0.40469376435626914,1,0.9720468521118164,e1e7,True,0.8642857074737549,6.0329358000308275,0,0.0,
4740,2558,advantage discoveredAttack discoveredCheck middlegame short,75,33,g7e5,False,0.14173521467421193,3,0.902287483215332,d4f5,False,0.21714285016059875,7.329327399958856,0,0.0,
4742,2433,advancedPawn crushing endgame sacrifice short,90,18,h7g6,False,0.4116787740750685,2,0.942838728427887,h7g8,True,0.9557142853736877,4.444429100025445,0,0.0,
4744,2685,advancedPawn crushing endgame long sacrifice,55,37,f7f1,False,0.22026597164930217,2,0.96527099609375,e4d3,False,0.09142857044935226,6.196806300082244,0,0.0,
4746,2354,advantage deflection kingsideAttack middlegame pin sacrifice veryLong,42,42,h3h7,False,0.02930948907530947,5,0.9881420731544495,g4g6,True,0.8299999833106995,7.104926800006069,0,0.0,
4748,2575,crushing fork middlegame pin veryLong,56,27,g4e6,True,0.9950835468062013,1,0.8920907974243164,g4e6,True,0.9985714554786682,6.229942000005394,0,0.0,
4750,2446,endgame long mate mateIn3,55,39,c2e3,False,0.014769326767320408,5,0.993301510810852,c3h3,True,0.5299999713897705,4.338389499927871,0,0.0,
4752,2383,advancedPawn attraction crushing endgame fork long promotion underPromotion,57,39,f2f1q,False,0.00852192186733015,5,0.9400035738945007,f2e1q,False,0.0,5.984458000049926,0,0.0,
4754,2451,advantage attraction discoveredAttack discoveredCheck kingsideAttack middlegame sacrifice veryLong,36,39,h4f6,False,0.055748053963958814,3,0.9418469667434692,g3g7,True,0.8857142925262451,6.87134439998772,0,0.0,
4756,2575,advantage collinearMove middlegame sacrifice short,30,43,c1c8,False,0.0009197562664360556,6,0.6072427034378052,c1c8,False,0.0,5.087901100050658,0,0.0,
4758,2516,crushing fork long middlegame,51,41,f4h3,False,0.0075188467498809005,3,0.9400652647018433,d8d4,False,0.0,5.082396600046195,0,0.0,
4760,2783,advantage attraction clearance defensiveMove middlegame sacrifice veryLong,32,42,c2h7,True,0.634130199661097,1,0.9054313898086548,c2h7,True,0.5642856955528259,5.947567700059153,0,0.0,
4762,2442,crushing hangingPiece middlegame quietMove veryLong,29,37,g2h1,True,0.9463911345947651,1,0.9753369688987732,g2h1,True,0.6514285802841187,5.645151200005785,0,0.0,
4764,2558,advantage long middlegame pin,55,44,d2f2,False,0.027146573303761547,7,0.9975090026855469,h8h4,True,0.8185714483261108,5.345328100025654,0,0.0,
4766,2659,capturingDefender crushing middlegame pin veryLong,63,34,h3f2,False,0.0006793021781051558,14,0.9238765835762024,a6a5,False,0.0,4.0924932000925764,0,0.0,
4768,2500,crushing discoveredAttack discoveredCheck long middlegame pin,71,49,g4h3,False,0.014987441699503171,5,0.9982287883758545,f3h1,False,0.0057142856530845165,5.183433700003661,0,0.0,
4770,2362,attraction crushing intermezzo kingsideAttack long middlegame pin sacrifice,49,39,h3g3,False,0.08387446045168095,5,0.9713267087936401,h3f1,True,0.9385714530944824,5.04901770001743,0,0.0,
4772,2547,advantage master middlegame pin short,62,39,d1d5,False,0.0005675882395155238,21,0.978413462638855,d1d5,False,0.0,3.11768949998077,0,0.0,
4774,2400,advantage fork middlegame veryLong,28,44,d3h7,True,0.9984834290863301,1,0.9923517107963562,d3h7,True,0.9814285635948181,5.204710599966347,0,0.0,
4776,2406,advantage defensiveMove fork long middlegame,47,43,d8d4,False,0.023080457944721255,9,0.688701868057251,c4e2,True,0.7742857336997986,5.881594399921596,0,0.0,
4778,2532,advantage fork long middlegame,50,43,a1d1,True,0.6933794773552966,1,0.9609583020210266,a1d1,True,0.5014285445213318,7.000678000040352,0,0.0,
4780,2632,advantage capturingDefender long middlegame pin,50,40,d1d4,False,0.01575088282342256,6,0.9036198258399963,g5f7,True,0.5871428847312927,6.45067549997475,0,0.0,
4782,2724,crushing defensiveMove deflection endgame pawnEndgame quietMove veryLong zugzwang,68,7,a4a5,False,0.12349755580949193,3,0.9590423703193665,f4f5,True,0.668571412563324,4.818017499987036,0,0.0,
4784,2474,advancedPawn crushing middlegame sacrifice veryLong,50,37,d5f7,False,0.0007065210390230525,25,0.9787869453430176,h2h4,False,0.02428571507334709,4.749073900049552,0,0.0,
4786,2793,clearance crushing defensiveMove exposedKing fork middlegame pin quietMove veryLong,47,30,e8h5,False,0.02873936123374811,3,0.9937963485717773,e8h5,False,0.0014285714132711291,4.107395099941641,0,0.0,
4788,2354,advancedPawn crushing endgame hangingPiece promotion queenRookEndgame veryLong,96,23,d2a2,True,0.942041882814515,1,0.6541178822517395,d2a2,True,0.9957143068313599,5.01881969999522,0,0.0,
4790,2385,crushing master middlegame pin short,35,56,e5f3,False,0.08116063081121133,2,0.9422853589057922,g5g3,True,0.9128571152687073,3.3627432000357658,0,0.0,
4792,2748,advantage attraction discoveredAttack discoveredCheck middlegame sacrifice veryLong,42,48,g5e7,False,0.029161624003468216,6,0.9811297655105591,g5e7,False,0.015714285895228386,4.215994599973783,0,0.0,
4794,2510,advantage middlegame sacrifice veryLong,33,44,f4h3,False,0.000138185982830183,14,0.9681804776191711,f4h3,False,0.0,3.8797808999661356,0,0.0,
4796,2505,crushing deflection endgame exposedKing long,66,26,b5e8,True,0.9981239109918023,1,0.8705747127532959,b5e8,True,0.9985714554786682,3.4773780000396073,0,0.0,
4798,2426,crushing defensiveMove discoveredAttack endgame long master,89,12,f7f6,True,0.9684220595663088,1,0.8821974396705627,f7f6,True,0.9971428513526917,4.502814400009811,0,0.0,
4800,2355,advancedPawn attraction crushing middlegame queensideAttack short,53,37,a3b2,True,0.9909092356525118,1,0.891551673412323,a3b2,True,0.9985714554786682,6.898685200023465,0,0.0,
4802,2434,advantage discoveredAttack discoveredCheck long middlegame queensideAttack sacrifice,35,34,b4a2,False,0.0053141807978249155,6,0.9991084933280945,c8c2,False,0.0,8.603360299952328,0,0.0,
4804,2447,advantage middlegame pin quietMove short,46,36,e5d5,False,0.0002910452901412328,3,0.8833775520324707,e5d5,False,0.0,8.579914700007066,0,0.0,
4806,2735,capturingDefender crushing endgame skewer veryLong,61,32,g7c3,True,0.6264110210238817,1,0.9266767501831055,g7c3,True,0.9642857313156128,5.111969000077806,0,0.0,
4808,2549,crushing hangingPiece middlegame short,49,32,d4f3,True,0.9466314204055303,1,0.9877728819847107,d4f3,True,0.9599999785423279,4.9247588000725955,0,0.0,
4810,2532,advantage fork opening sacrifice veryLong,20,37,d5c7,False,0.2713655446089025,2,0.5062122344970703,f3d4,True,0.9171428680419922,5.232592400046997,0,0.0,
4812,2514,advantage discoveredAttack discoveredCheck exposedKing kingsideAttack middlegame veryLong,41,2,c8b8,False,0.23144369640669432,2,0.9192782640457153,c8d7,True,0.941428542137146,5.871112800086848,0,0.0,
4814,2559,advantage long middlegame pin queensideAttack,45,44,f2d3,False,0.06060895133833837,3,0.9952693581581116,f2d1,True,0.8799999952316284,5.005961099988781,0,0.0,
4816,2426,crushing endgame fork long pin,67,2,c6b5,True,0.7703932688021718,1,0.9491299390792847,c6b5,True,0.9900000095367432,5.364631799980998,0,0.0,
4818,2790,crushing defensiveMove endgame hangingPiece rookEndgame veryLong,104,5,e3e4,True,0.8635068858664628,1,0.11290726810693741,e3e4,True,0.9942857027053833,3.4500983000034466,0,0.0,
4820,2489,advantage attackingF2F7 attraction fork middlegame pin veryLong,38,39,e4d6,False,0.002188046244450317,8,0.5448008179664612,e4d6,False,0.0,4.157375199953094,0,0.0,
4822,2414,crushing kingsideAttack long middlegame pin sacrifice,41,52,e5h2,False,0.01830617910609175,6,0.9681949019432068,g7g2,False,0.008571428246796131,5.311023799935356,0,0.0,
4824,2383,crushing defensiveMove long middlegame sacrifice,75,4,g8g7,False,0.03842689061964885,4,0.9084725975990295,g8g7,False,0.0014285714132711291,2.399358999915421,0,0.0,
4826,2538,attackingF2F7 crushing fork middlegame veryLong,36,45,e2b5,False,0.22460259520828585,3,0.6906824707984924,f3f7,True,0.9528571367263794,4.159014499979094,0,0.0,
4828,2458,advantage discoveredAttack master middlegame short,36,41,d4e6,False,0.02471810455928593,2,0.8235285878181458,d4f5,True,0.7828571200370789,5.519497399916872,0,0.0,
4830,2528,crushing long middlegame sacrifice,40,39,c3d5,True,0.5118276972796046,1,0.9296698570251465,h2g4,False,0.2257142812013626,4.35053880000487,0,0.0,
4832,2359,crushing fork long middlegame,50,35,h6g7,False,0.16533830794208978,2,0.9978851675987244,g5f7,True,0.9328571557998657,5.362532899947837,0,0.0,
4834,2445,crushing exposedKing interference middlegame skewer veryLong,46,40,e2e8,True,0.9025565729520801,1,0.8752505779266357,e2e8,True,0.991428554058075,8.022826800006442,0,0.0,
4836,2740,crushing kingsideAttack middlegame pin veryLong,46,52,f6f7,False,0.05591318200005691,4,0.9934561252593994,b1h7,True,0.2785714268684387,7.57210039999336,0,0.0,
4838,2520,crushing deflection endgame rookEndgame veryLong,59,27,g8g2,False,0.25544299358953465,2,0.9883403182029724,g8g2,False,0.022857142612338066,4.605263300007209,0,0.0,
4840,2431,crushing endgame fork veryLong,133,23,b1c2,True,0.8260788680509525,1,0.9908828735351562,b1c2,True,0.9900000095367432,5.493451600079425,0,0.0,
4842,2471,advancedPawn crushing defensiveMove endgame fork knightEndgame long,125,7,e4f3,True,0.721656826952662,1,0.7296500205993652,e4f3,True,0.6000000238418579,5.948093199986033,0,0.0,
4844,2533,crushing endgame pin short,71,46,f2f1,True,0.6919531016432032,1,0.9961600303649902,f2f1,True,0.9885714054107666,3.478000500006601,0,0.0,
4846,2441,advantage hangingPiece master middlegame short,65,37,d5e6,True,0.9400466814916404,1,0.46085742115974426,d5e6,True,0.9957143068313599,5.61972129996866,0,0.0,
4848,2438,advancedPawn bishopEndgame crushing deflection endgame promotion veryLong,89,17,f3f2,False,0.04437586224337901,2,0.7282151579856873,e5e4,True,0.8742856979370117,2.4482068000361323,0,0.0,
4850,2385,crushing deflection endgame master short,44,37,g3b8,True,0.8832565726044369,1,0.9901042580604553,g3b8,True,0.9871428608894348,3.2691952000604942,0,0.0,
4852,2664,advancedPawn crushing deflection endgame promotion veryLong,76,17,d6d7,True,0.9951111695149973,1,0.9735130667686462,d6d7,True,0.9985714554786682,3.4907538999104872,0,0.0,
4854,2597,attraction crushing middlegame pin sacrifice veryLong,39,33,g6h7,True,0.40191764667997315,1,0.7616609334945679,g6h7,True,0.8757143020629883,5.794782100012526,0,0.0,
4856,2412,advantage deflection long middlegame,48,35,c1g5,True,0.8302044368112839,1,0.6807840466499329,c1g5,True,0.9900000095367432,5.13414300000295,0,0.0,
4858,2529,advantage deflection endgame long,59,32,h8h1,True,0.4720565881477959,1,0.9648624062538147,h8h1,True,0.9071428775787354,4.667475199908949,0,0.0,
4860,2460,advantage clearance master middlegame sacrifice veryLong,30,39,b5d6,False,0.07470761669832582,3,0.9254679083824158,e2e7,True,0.8242856860160828,6.100810499978252,0,0.0,
4862,2446,crushing fork long opening,30,36,d1d8,False,0.40153498490545964,2,0.8201618790626526,d1h5,True,0.895714282989502,4.1209342000074685,0,0.0,
4864,2707,crushing long middlegame pin,62,30,h3e6,False,0.05010257021772607,3,0.9342589974403381,c8d8,True,0.9228571653366089,5.240224399953149,0,0.0,
4866,2440,advancedPawn advantage kingsideAttack long middlegame sacrifice,72,30,h3e6,False,0.003006206308510918,7,0.8651283383369446,f1e1,False,0.0,7.107806900050491,0,0.0,
4868,2559,advantage defensiveMove hangingPiece long middlegame pin quietMove,55,44,d4a1,True,0.816865697569046,1,0.9125560522079468,d4a1,True,0.977142870426178,7.589040099992417,0,0.0,
4870,2637,crushing defensiveMove endgame hangingPiece quietMove veryLong,97,6,g7g6,True,0.6007791488484521,1,0.4137786328792572,g7g6,True,0.550000011920929,4.69848819996696,0,0.0,
4872,2655,advantage long middlegame pin,42,43,e2e8,False,3.934357209545618e-05,16,0.9601726531982422,e2e8,False,0.0,6.189309900044464,0,0.0,
4874,2599,crushing discoveredAttack discoveredCheck endgame long pin,56,29,f4f5,True,0.8867617350019688,1,0.9879547953605652,f4f5,True,0.9700000286102295,4.77580719999969,0,0.0,
4876,2746,attraction crushing endgame veryLong,72,25,a6a8,False,0.4097469812282413,2,0.9859119653701782,a6c8,True,0.5842857360839844,4.315441600047052,0,0.0,
4878,2388,advantage endgame long sacrifice xRayAttack,88,2,f2g1,True,0.6983487395558293,1,0.9306976795196533,f2g1,True,0.9742857217788696,4.562088800012134,0,0.0,
4880,2773,advantage exposedKing fork middlegame veryLong,75,34,h3h2,True,0.4763511984849266,1,0.9933539628982544,h3h2,True,0.8928571343421936,3.089557999977842,0,0.0,
4882,2485,attraction crushing discoveredAttack long middlegame sacrifice,40,44,d4c6,False,0.012884496468752787,2,0.9837279915809631,b1b2,False,0.40714284777641296,4.329342000070028,0,0.0,
4884,2399,advantage hangingPiece long opening,18,43,b5d7,False,0.10492217188398245,3,0.607648491859436,f3e5,False,0.05000000074505806,3.1759682999690995,0,0.0,
4886,2475,crushing defensiveMove fork long middlegame,41,40,f2g4,False,0.0011236615199124388,5,0.9965648055076599,a5a4,False,0.0,3.410498999990523,0,0.0,
4888,2412,crushing defensiveMove endgame exposedKing fork master quietMove veryLong,121,13,f3e5,True,0.9108023192793121,1,0.11402267217636108,f3e5,True,0.9957143068313599,5.2107938000699505,0,0.0,
4890,2366,crushing discoveredAttack discoveredCheck kingsideAttack long middlegame sacrifice,43,47,f4h3,True,0.8920828666060928,1,0.9019572734832764,f4h3,True,0.9942857027053833,1.8462345999432728,0,0.0,
4892,2525,crushing long middlegame pin,53,33,e6h3,True,0.907574650332877,1,0.9428967237472534,e6h3,True,0.9928571581840515,3.5676556000253186,0,0.0,
4894,2652,crushing deflection endgame veryLong,108,13,h4g5,False,0.2444948828183038,2,-0.024803360924124718,f3f4,True,0.9700000286102295,3.582611700054258,0,0.0,
4896,2367,crushing discoveredAttack long middlegame,28,49,e4g5,False,0.041049281724689454,6,0.49205848574638367,e4g3,True,0.8742856979370117,7.499256799928844,0,0.0,
4898,2595,advantage middlegame pin short,53,37,d7d4,False,0.0003174647553891869,22,0.9063992500305176,a6a5,False,0.0,6.549385400023311,0,0.0,
4900,2690,crushing master middlegame pin quietMove sacrifice veryLong,54,48,b2e5,False,0.021706329952337518,3,0.9945986270904541,e1e5,True,0.7457143068313599,7.412224600091577,0,0.0,
4902,2365,attraction crushing long middlegame,34,45,b5d7,True,0.9281297026399586,1,0.9279378652572632,b5d7,True,0.991428554058075,4.28150049992837,0,0.0,
4904,2375,crushing endgame long pin,100,35,f5d5,False,0.0027698375111552126,7,-0.001666652038693428,f5d5,False,0.0,4.837522399961017,0,0.0,
4906,2639,advantage fork long middlegame,43,34,b6c7,True,0.7843068894182171,1,0.9590915441513062,b6c7,True,0.9928571581840515,4.313311300007626,0,0.0,
4908,2354,advantage capturingDefender long middlegame,31,40,f5f3,False,0.08465479436672825,4,0.8466222882270813,e4c3,True,0.918571412563324,4.257902099983767,0,0.0,
4910,2784,advantage defensiveMove endgame fork veryLong,70,33,h4h7,False,0.01727720979467911,3,0.9907077550888062,f3e4,True,0.6100000143051147,5.207928000018001,0,0.0,
4912,2420,crushing defensiveMove discoveredAttack discoveredCheck endgame queenEndgame veryLong,107,24,f2f5,True,0.9576723539991041,1,0.9640796184539795,f2f5,True,0.9900000095367432,3.31454010005109,0,0.0,
4914,2505,advantage attraction kingsideAttack middlegame sacrifice veryLong,34,37,g1g7,True,0.8821683335548368,1,0.9545706510543823,g1g7,True,0.9285714030265808,6.273755999980494,0,0.0,
4916,2505,crushing endgame pawnEndgame quietMove sacrifice veryLong,79,10,h4g3,False,0.07694800520491092,3,0.6732763051986694,h4g3,False,0.0657142847776413,4.086484399973415,0,0.0,
4918,2680,advancedPawn crushing endgame long pin sacrifice,69,28,e4d2,False,0.22506717438729937,2,0.9907509088516235,e3g2,True,0.5042856931686401,5.245757899945602,0,0.0,
4920,2695,advantage fork middlegame veryLong,52,46,f1f7,True,0.8583201744844616,1,0.9164426922798157,f1f7,True,0.9900000095367432,3.538685599924065,0,0.0,
4922,2478,advancedPawn crushing deflection endgame knightEndgame master promotion veryLong,111,13,b3b2,True,0.5759214040647227,1,0.5398648977279663,b3b2,True,0.9800000190734863,3.0446762000210583,0,0.0,
4924,2545,crushing hangingPiece middlegame veryLong,35,31,c7e5,True,0.6455383366348726,1,0.8836824893951416,c7e5,True,0.7885714173316956,3.7470791999949142,0,0.0,
4926,2511,crushing endgame exposedKing fork long,74,29,g5f5,True,0.439596782482676,1,0.8830572366714478,g5f5,True,0.9657142758369446,2.7506890000076964,0,0.0,
4928,2374,crushing endgame pin quietMove veryLong,87,37,b1b2,False,0.013098395562875547,10,0.6866845488548279,b7d7,False,0.24857142567634583,6.724564399919473,0,0.0,
4930,2738,crushing fork middlegame pin sacrifice veryLong,36,51,d5f6,False,0.002455096203028309,8,0.7479710578918457,f2f4,False,0.0,7.796774200047366,0,0.0,
4932,2700,advantage attraction discoveredAttack fork middlegame pin sacrifice veryLong,44,27,f2g3,False,0.331393876847489,2,0.9064201712608337,b5c6,True,0.7842857241630554,6.678589400020428,0,0.0,
4934,2537,advantage middlegame sacrifice veryLong,36,4,c2d3,False,0.34738885770422023,2,0.738121747970581,d1d3,True,0.9128571152687073,4.1006049999268726,0,0.0,
4936,2446,crushing middlegame pin short,45,48,b4d3,False,0.002520522460959009,6,0.89475417137146,f6e4,False,0.0,5.826729299966246,0,0.0,
4938,2511,advantage capturingDefender kingsideAttack middlegame veryLong,42,49,f4e6,True,0.7376105471949477,1,0.6602504849433899,f4e6,True,0.8328571319580078,5.7316950999666005,0,0.0,
4940,2516,advantage fork long middlegame sacrifice,20,5,f1f3,True,0.42389966323005246,1,0.04148714616894722,g2f3,False,0.06428571790456772,5.956782500026748,0,0.0,
4942,2368,crushing fork long middlegame,44,49,f1e1,False,0.0496531469072612,3,0.9057983160018921,f4g5,True,0.6885714530944824,5.517061099992134,0,0.0,
4944,2399,advancedPawn bishopEndgame crushing endgame sacrifice short,81,14,d5c4,False,0.0014656898788980213,4,0.894616425037384,d5c4,False,0.0,4.323834200040437,0,0.0,
4946,2650,advantage long middlegame quietMove sacrifice,51,49,f6g4,False,0.002797220595821038,8,0.9784600138664246,d4g1,False,0.0,3.8582450000103563,0,0.0,
4948,2376,crushing discoveredCheck doubleCheck long middlegame,30,42,c6c8,False,0.45115464171308584,2,0.7619696259498596,c6e6,True,0.9599999785423279,1.244369100080803,0,0.0,
4950,2540,advantage fork long middlegame,48,45,g6h7,False,0.0013802232709748017,4,0.9830060005187988,g6h7,False,0.0,4.87475469999481,0,0.0,
4952,2421,crushing discoveredAttack long middlegame pin sacrifice,49,44,e3f4,False,0.22064924341710024,2,0.9950053691864014,c5c4,True,0.7400000095367432,4.015194799983874,0,0.0,
4954,2665,crushing middlegame pin short,55,44,f4e2,False,0.0011259687353166747,5,0.9952452182769775,f4h3,False,0.0,3.5584750999696553,0,0.0,
4956,2446,clearance crushing endgame hangingPiece master quietMove rookEndgame veryLong,119,5,c3b3,True,0.9868679558610237,1,0.47245481610298157,c3b3,True,0.9985714554786682,2.863249000045471,0,0.0,
4958,2558,advantage hangingPiece middlegame veryLong,39,38,f6f3,True,0.8842264021915679,1,0.764316737651825,f6f3,True,0.9457142949104309,4.370843000011519,0,0.0,
4960,2783,crushing fork middlegame veryLong,55,34,h7h3,False,0.14133182548880013,2,0.7736021876335144,e6h3,True,0.9728571176528931,3.6162809999659657,0,0.0,
4962,2518,advantage deflection fork middlegame veryLong,34,43,c3d5,False,0.006816459909443493,4,0.7567249536514282,f1f6,False,0.0,5.160828800057061,0,0.0,
4964,2449,advantage middlegame pin sacrifice veryLong,53,51,d4f3,True,0.9441789913678738,1,0.9858652353286743,d4f3,True,0.949999988079071,3.9006756000453606,0,0.0,
4966,2378,crushing hangingPiece long middlegame queensideAttack quietMove,50,40,c2c6,True,0.5122772821873971,1,0.9251126050949097,c2c6,True,0.9685714244842529,4.7626673999475315,0,0.0,
4968,2364,advantage middlegame pin veryLong,35,44,d8b6,True,0.8723522910770478,1,0.8460295796394348,d8b6,True,0.8828571438789368,3.3127602000022307,0,0.0,
4970,2697,advancedPawn crushing defensiveMove middlegame pin veryLong,45,35,d8b6,False,0.16996899459569836,3,0.815641462802887,d3d2,True,0.7542856931686401,5.784381099976599,0,0.0,
4972,2546,crushing hangingPiece long middlegame,52,37,c1c6,False,0.12763720531516712,2,0.4102150499820709,a3b4,True,0.9714285731315613,4.142196099972352,0,0.0,
4974,2405,advantage clearance fork long master middlegame,31,43,g7c3,False,0.4446403578823067,2,0.5672903060913086,e4c3,True,0.6928571462631226,4.6638141999719664,0,0.0,
4976,2520,advantage fork long middlegame,50,36,e7e6,True,0.8745332817152384,1,0.9380331039428711,e7e6,True,0.9900000095367432,3.118942499975674,0,0.0,
4978,2713,clearance crushing endgame long master quietMove sacrifice,74,28,d6c8,True,0.8530847785995522,1,0.9922090172767639,d6c8,True,0.595714271068573,5.4697288000024855,0,0.0,
4980,2497,clearance crushing long middlegame sacrifice,23,46,g3f2,False,5.922187420245606e-05,27,0.9686548709869385,a7a6,False,0.0,5.6802794999675825,0,0.0,
4982,2461,advantage master middlegame short trappedPiece,42,39,d4f5,False,0.12474354096610693,3,0.860993504524231,g1c1,True,0.9357143044471741,3.532022700062953,0,0.0,
4984,2699,bishopEndgame crushing defensiveMove endgame quietMove sacrifice veryLong,99,10,a5a4,False,0.11823400815377476,3,0.7789435982704163,c7c6,False,0.10285714268684387,3.6701977000338957,0,0.0,
4986,2577,advantage endgame fork veryLong,81,15,g4g3,False,0.0046944118843769405,9,0.9822126030921936,f5f4,False,0.0,4.269323499989696,0,0.0,
4988,2468,advantage deflection middlegame veryLong,50,39,b7a8,True,0.7609391505744847,1,0.9697531461715698,b7a8,True,0.9842857122421265,3.851754500064999,0,0.0,
4990,2587,advancedPawn crushing endgame exposedKing master sacrifice veryLong,68,33,h7h8,False,0.0001285100224140806,15,0.9922031164169312,h7h8,False,0.0,2.9519572999561206,0,0.0,
4992,2470,advantage discoveredAttack middlegame pin quietMove veryLong,50,47,d6c7,False,0.206373268198583,2,0.9443414807319641,d6e6,True,0.9328571557998657,3.8900081999599934,0,0.0,
4994,2408,advantage attraction clearance deflection endgame fork master veryLong,55,39,e2b2,False,0.009123246155080839,4,0.9405725002288818,e2b2,False,0.0,7.162760699982755,0,0.0,
4996,2364,crushing endgame fork master short skewer,79,21,h1h2,True,0.8927588364350268,1,0.959298849105835,h1h2,True,0.9885714054107666,4.189955199952237,0,0.0,
4998,2475,crushing defensiveMove endgame fork long sacrifice,63,7,g7g6,True,0.5755462061924701,1,0.25533241033554077,g7g6,True,0.9828571677207947,5.367160200024955,0,0.0,
