ligne,rating,themes,plies_historique,nb_coups_legaux,coup_reseau,reussi_reseau,p_correct_reseau,rang_correct_reseau,value_reseau,coup_recherche,reussi_recherche,part_visites_correct,duree_s,erreur
0,1615,crushing discoveredAttack middlegame short,20,37,c1f4,False,0.1725088086254601,2,0.0772814229130745,f3e5,True,0.9528571367263794,3.277629799999886,
2,1817,deflection endgame mate mateIn2 short,78,20,a3f8,True,0.4512267983343789,1,-0.9981061220169067,a3f8,True,0.9800000190734863,0.17679899999984627,
4,1500,endgame mate mateIn2 short,49,28,h6c1,True,0.44306537159756454,1,-0.9009530544281006,h6c1,True,0.9857142567634583,0.11179540000011912,
6,1458,advantage attraction exposedKing fork long middlegame sacrifice,53,31,g7b2,False,0.001396936739789637,23,-0.4989856481552124,g7b2,False,0.0,4.016119099999742,
8,1550,endgame mate mateIn2 queenRookEndgame short,72,24,h7f7,False,0.07561057055020576,4,0.055770646780729294,c7c8,True,0.9528571367263794,0.28374950000034005,
10,1709,attraction endgame mate mateIn4 sacrifice veryLong,58,37,g2g7,True,0.4009111690691678,1,-0.3911488950252533,g2g7,True,0.9800000190734863,0.6275208000006387,
12,1705,crushing deflection endgame long,42,49,d1e1,False,0.06496764018822869,4,-0.8731661438941956,f4h4,True,0.8700000047683716,3.7986424000000625,
14,1887,mate mateIn2 middlegame sacrifice short,47,35,d5e7,False,0.0004726477401423126,6,0.16482503712177277,b7e7,False,0.0,4.319926199999827,
16,1812,crushing endgame fork long quietMove,65,39,c5h5,False,0.009471677974257029,9,0.27825191617012024,c5h5,False,0.0014285714132711291,4.7764422000000195,
18,1744,crushing deflection fork master middlegame short,36,39,g4h5,True,0.9146267510840604,1,-0.4124760627746582,g4h5,True,0.9942857027053833,3.2432777000003625,
20,1774,crushing discoveredAttack long middlegame,36,38,d1h5,False,0.2210383982928901,2,-0.0479540191590786,c5b7,False,0.009999999776482582,4.423378200000116,
22,1549,endgame mate mateIn2 sacrifice short,55,42,g7g6,False,0.09241071654009145,5,0.9136505722999573,g3h3,True,0.9200000166893005,0.37009480000051553,
24,1452,crushing endgame fork short,82,32,f5f6,True,0.6149843638096203,1,0.3372778594493866,f5f6,True,0.9800000190734863,4.525835700000243,
26,1699,advancedPawn endgame mate mateIn1 oneMove promotion,112,24,h7h8q,True,0.8658985997286591,1,-0.09269090741872787,h7h8q,True,0.9942857027053833,0.043149399999492744,
28,1509,crushing deflection discoveredAttack endgame pin queensideAttack short,54,34,c5a6,True,0.2409051087334283,1,-0.05029158294200897,c5a6,True,0.9700000286102295,2.214339299999665,
30,1537,crushing endgame fork hangingPiece long,58,27,h4d8,True,0.86673996864134,1,0.0035171809140592813,h4d8,True,0.9971428513526917,4.773334200000136,
32,1825,crushing endgame exposedKing fork long,69,28,g3f3,True,0.6484142346647999,1,-0.36789995431900024,g3f3,True,0.9871428608894348,2.9450063000003865,
34,1795,attraction kingsideAttack long mate mateIn3 middlegame sacrifice,41,42,b6h6,False,0.002152648717702373,15,0.5016167163848877,b6d4,False,0.0,3.8615929999996297,
36,1640,mate mateIn1 middlegame oneMove,33,29,h6g6,False,0.3181307456598428,2,-0.2625714838504791,h5h3,True,0.9800000190734863,0.12389859999984765,
38,1598,advantage fork long middlegame,68,43,g4h6,True,0.5117937026815017,1,-0.27614229917526245,g4h6,True,0.9599999785423279,4.368069000000105,
40,1595,deflection endgame kingsideAttack long mate mateIn3 sacrifice,49,37,e8e2,False,0.0007113354899016475,21,-0.7945442199707031,e8e2,False,0.0,4.2813191000004736,
42,1893,discoveredAttack mate mateIn2 middlegame short,74,40,b2c1,False,0.06495532134837127,6,-0.25929874181747437,d4f5,True,0.949999988079071,0.35368499999913183,
44,1878,crushing discoveredAttack discoveredCheck hangingPiece long middlegame sacrifice,63,40,c5b5,True,0.9173995249515848,1,0.2828517556190491,c5b5,True,0.9742857217788696,4.189382699999442,
46,1798,master mate mateIn1 middlegame oneMove pin,41,41,g5h4,False,0.0002088181345147468,28,0.14297735691070557,g5h4,False,0.0,4.225371900000027,
48,1467,attraction kingsideAttack mate mateIn2 middlegame sacrifice short,31,50,b5e2,False,0.0016500261521178972,16,-0.894320547580719,b5e2,False,0.0,4.279990800000633,
50,1645,advantage middlegame pin short,23,39,g8f6,False,0.023322572628739928,7,0.054519183933734894,f7f5,False,0.06142857298254967,4.465063700000428,
52,1810,exposedKing long mate mateIn3 middlegame queensideAttack,64,40,a1a8,True,0.6972853889314659,1,-0.03161508962512016,a1a8,True,0.9871428608894348,0.97071539999979,
54,1723,crushing long middlegame pin,66,57,e8f8,True,0.3041903172498138,1,-0.2860308885574341,e8f8,True,0.9700000286102295,1.188532799999848,
56,1503,discoveredAttack discoveredCheck enPassant endgame mate mateIn2 short,66,30,d3e4,True,0.9968395633194633,1,-0.005720954854041338,d3e4,True,0.9985714554786682,0.044097099999817146,
58,1669,crushing discoveredAttack master middlegame short,67,29,d6b4,False,0.341341101855206,2,-0.08426405489444733,c4b3,True,0.9328571557998657,4.05687190000026,
60,1635,advantage fork middlegame veryLong,24,21,d1d4,True,0.5378210514233853,1,-0.07660334557294846,d1d4,True,0.9828571677207947,4.627169200000026,
62,1511,crushing defensiveMove kingsideAttack middlegame pin veryLong,26,47,c2d2,False,0.006042310863326536,18,0.18433412909507751,c2d2,False,0.0,4.691182100000333,
64,1693,crushing middlegame short trappedPiece,40,42,h1h4,True,0.25002234056293604,1,0.3919527530670166,h1h4,True,0.9571428298950195,6.444902999999613,
66,1538,crushing endgame intermezzo long pin sacrifice skewer,74,31,c4d5,False,0.003745942223012003,12,-0.44574061036109924,c4d5,False,0.0,4.9106262999994215,
68,1733,advantage attraction fork long middlegame sacrifice,38,41,c4a6,False,0.00021678698371398815,13,-0.5733318328857422,c4a6,False,0.0,4.339572899999439,
70,1673,endgame mate mateIn2 short,65,36,d5a2,True,0.7485946478924635,1,-0.8393352627754211,d5a2,True,0.9900000095367432,0.11667959999977029,
72,1707,advantage capturingDefender long middlegame,56,29,d1d2,False,0.09282519870168267,4,-0.9096564054489136,e1e3,True,0.9599999785423279,4.888694699999178,
74,1813,crushing middlegame short skewer,30,35,g4f4,False,0.17197830201165606,3,0.00024151054094545543,g4h4,True,0.9671428799629211,4.5531232000003,
76,1541,advantage long middlegame skewer,65,36,f3g1,False,0.11860424206120446,4,-0.8737464547157288,f3g1,False,0.12714286148548126,4.446342299999742,
78,1465,advancedPawn endgame mate mateIn1 oneMove promotion,64,20,g1g8,False,0.12461525630460055,2,-0.4757537245750427,h7g8q,True,0.977142870426178,0.12114830000064103,
80,1464,crushing deflection endgame exposedKing rookEndgame veryLong,125,26,h5g5,True,0.5458881227559762,1,-0.039229005575180054,h5g5,True,0.9714285731315613,4.499553999999989,
82,1452,crushing opening short trappedPiece,12,40,e3d2,False,0.12904050741036466,3,-0.0517301969230175,c3a4,True,0.9528571367263794,4.772651099999166,
84,1868,crushing kingsideAttack long master middlegame pin sacrifice,39,49,b2a3,False,0.05034420983274866,5,0.37941715121269226,e8e3,True,0.927142858505249,4.706754099999671,
86,1503,anastasiaMate attraction mate mateIn2 middlegame sacrifice short,67,41,g7d4,False,0.000558146056532467,30,-0.8951919078826904,g7e5,False,0.0,4.61065729999973,
88,1499,clearance endgame mate mateIn2 operaMate sacrifice short,69,25,g4f3,True,0.5261103646815269,1,-0.5957365036010742,g4f3,True,0.9814285635948181,0.19688310000037745,
90,1463,endgame long mate mateIn3 rookEndgame,89,12,h4g3,True,0.7007524782658919,1,-0.09941036254167557,h4g3,True,0.9900000095367432,0.26821100000051956,
92,1576,attraction kingsideAttack long mate mateIn3 middlegame sacrifice,53,53,c8c1,True,0.5628897759122474,1,-0.09331128746271133,c8c1,True,0.9514285922050476,5.0499706999999034,
94,1781,crushing kingsideAttack long middlegame xRayAttack,34,42,f5e6,False,0.033950535149170805,3,0.39643049240112305,f5e6,False,0.037142857909202576,5.18311199999971,
96,1468,advancedPawn crushing deflection endgame promotion rookEndgame short,93,17,d3d2,False,0.13548349982701646,2,-0.7575963735580444,h8h7,True,0.9628571271896362,4.677166700000271,
98,1599,advantage attraction deflection middlegame veryLong,42,40,f1f7,False,0.22558495150007435,3,-0.9133248925209045,d4c6,True,0.9657142758369446,4.441797599999518,
100,1689,crushing endgame fork short,82,25,f5d5,False,0.24193898879590608,2,0.3450780510902405,f5d7,True,0.8071428537368774,4.083007799999905,
102,1508,advantage kingsideAttack middlegame sacrifice short,32,34,h2h4,False,0.24398966229412666,2,0.2450568825006485,f4g6,True,0.7757142782211304,4.227064900000187,
104,1698,crushing long middlegame pin,40,44,e4e6,True,0.20925844972768678,1,-0.32759368419647217,e4e6,True,0.9685714244842529,1.1970365000006495,
106,1511,endgame master mate mateIn1 oneMove operaMate,83,23,e2f2,True,0.5549729282171667,1,-0.006685484200716019,e2f2,True,0.9800000190734863,0.10536029999911989,
108,1484,advantage fork long middlegame,47,34,e8e2,True,0.8838087749751236,1,0.393364816904068,e8e2,True,0.9928571581840515,4.223607300000367,
110,1769,attraction clearance crushing endgame long pin queenRookEndgame,84,24,g6f6,True,0.29158667623314943,1,-0.7829289436340332,g6f6,True,0.9700000286102295,4.2397461999998995,
112,1580,crushing fork long middlegame,51,38,g4e5,False,0.05225619418102215,6,-0.04230248183012009,g4e3,True,0.9142857193946838,4.296174599999176,
114,1692,advantage fork middlegame short,25,39,f4h3,False,0.37699361030667705,2,-0.14649152755737305,f4e2,True,0.977142870426178,4.272823600000265,
116,1541,advantage endgame fork long,61,23,c2d2,True,0.2300655788285002,1,-0.7295810580253601,c2d2,True,0.9585714340209961,4.593790700000682,
118,1889,advantage middlegame pin sacrifice short,35,34,f5f2,False,0.07199608483262385,5,0.08710268139839172,d7e5,True,0.9485714435577393,4.323595400000158,
120,1592,attackingF2F7 mate mateIn2 middlegame pin short,36,47,e6g6,True,0.28964375722524577,1,-0.5996560454368591,e6g6,True,0.9257143139839172,4.712743899999623,
122,1768,advantage discoveredAttack middlegame short,29,36,b6d6,True,0.7502051421861158,1,-0.7616709470748901,b6d6,True,0.9928571581840515,5.229896800000461,
124,1892,crushing deflection endgame sacrifice veryLong,83,32,f5g6,False,0.007245753609962462,7,0.2810729742050171,f5g6,False,0.0,5.049207899999601,
126,1587,attraction long mate mateIn3 middlegame sacrifice,46,48,d5f3,False,0.01744389852848386,9,-0.4701937437057495,h1h7,True,0.6871428489685059,1.7007745000000796,
128,1763,crushing fork middlegame short,81,35,c4c3,False,0.22217869615326757,2,0.19499893486499786,e4c3,True,0.9628571271896362,4.813649200000327,
130,1587,advancedPawn advantage endgame hangingPiece knightEndgame promotion veryLong,94,8,d4e5,False,0.17463283433776497,2,0.3019803762435913,f4e5,True,0.9557142853736877,4.331604399999378,
132,1525,crushing deflection endgame rookEndgame short,94,22,f5b5,False,0.033534796783492325,5,-0.15027408301830292,h5h6,True,0.8757143020629883,4.383196599999792,
134,1781,crushing fork middlegame short trappedPiece,29,42,d6e5,True,0.6895720765870593,1,0.006483813747763634,d6e5,True,0.9857142567634583,4.06861200000003,
136,1708,discoveredAttack kingsideAttack mate mateIn2 middlegame sacrifice short,32,47,h1h7,False,0.0450786893846278,6,-0.17127132415771484,e4f6,True,0.9242857098579407,0.39655560000028345,
138,1762,crushing middlegame short xRayAttack,56,40,d1d5,False,0.13965401589630877,2,0.033024463802576065,d1d5,False,0.11142857372760773,4.199209800000062,
140,1885,clearance crushing exposedKing fork long middlegame,58,49,e6h6,True,0.6021184023612207,1,0.12979191541671753,e6h6,True,0.9757142663002014,4.263677099999768,
142,1879,advantage capturingDefender discoveredAttack long middlegame,29,34,d2b2,False,0.009425249137936237,5,-0.29163655638694763,d2b2,False,0.0,4.339295099999617,
144,1630,advantage attraction long middlegame,56,36,e3e8,True,0.5032873020631009,1,-0.4507817029953003,e3e8,True,0.9800000190734863,4.4738813999993,
146,1592,crushing fork long middlegame,76,32,c8h8,True,0.8740977442420632,1,-0.8245801329612732,c8h8,True,0.9942857027053833,4.45777150000049,
148,1456,endgame mate mateIn1 oneMove pillsburysMate,71,25,g2g6,True,0.7636749364017261,1,-0.08811014145612717,g2g6,True,0.9885714054107666,0.08279719999973167,
150,1817,advantage discoveredAttack middlegame short,53,26,c6d4,False,0.12768334315218588,3,-0.8390377163887024,e7a3,True,0.9628571271896362,4.365602500000023,
152,1787,attraction crushing deflection endgame exposedKing master veryLong,83,19,a5b4,False,0.07819382459519701,3,-0.056208617985248566,h5h4,True,0.954285740852356,5.199135800000477,
154,1855,crushing deflection endgame master short,70,40,d4d7,True,0.5032415907010338,1,0.03195882588624954,d4d7,True,0.9200000166893005,5.368402500000229,
156,1871,attraction crushing exposedKing middlegame pin veryLong,46,42,c2g6,True,0.7366101783450286,1,0.18988044559955597,c2g6,True,0.9885714054107666,3.26688970000032,
158,1858,advancedPawn crushing endgame pawnEndgame promotion quietMove sacrifice veryLong,74,6,d4d5,False,0.07913543590014153,3,-0.2831699252128601,a4a5,True,0.8999999761581421,5.1172177999997075,
160,1559,kingsideAttack mate mateIn1 middlegame oneMove,26,44,b1h7,True,0.5682766970812901,1,-0.03075663186609745,b1h7,True,0.9785714149475098,0.08944359999986773,
162,1748,advantage hangingPiece long middlegame,60,6,b1b7,True,0.9290602305906017,1,0.6063936948776245,b1b7,True,0.9971428513526917,3.1483479999997144,
164,1571,advantage defensiveMove long middlegame trappedPiece,34,35,g1e2,False,0.07114072121365915,4,-0.7839343547821045,d1a1,True,0.9457142949104309,4.003706999999849,
166,1633,advantage discoveredAttack middlegame short,43,37,b5b4,False,0.005314149651449923,5,-0.2879181206226349,b5b4,False,0.0,4.434467599999152,
168,1865,advantage master masterVsMaster middlegame short xRayAttack,53,41,c3d3,False,0.2260834686482012,2,0.4523737132549286,c3e1,True,0.9628571271896362,4.3299541000005775,
170,1538,attackingF2F7 mate mateIn1 middlegame oneMove,46,42,b3f7,True,0.9399143851504247,1,0.565211296081543,b3f7,True,0.9971428513526917,0.04251159999967058,
172,1758,crushing long middlegame pin queensideAttack,57,35,c6c7,False,0.08000723531485562,3,-0.9520336985588074,c5b3,True,0.954285740852356,4.29074750000018,
174,1494,crushing middlegame short trappedPiece,28,42,e1g1,False,0.14678276202946702,3,0.3888380825519562,c1g5,True,0.9457142949104309,4.257698800000071,
176,1792,advantage fork long middlegame,51,30,b7b5,False,0.22183104229728842,2,-0.5784222483634949,f8e7,True,0.9642857313156128,4.26272280000012,
178,1536,crushing oneMove opening pin,18,50,b1d2,False,0.2421446282576669,2,0.09045881778001785,b5d7,True,0.9728571176528931,4.406461599999602,
180,1835,endgame mate mateIn1 oneMove,80,33,c7d8,True,0.5690136501163446,1,-0.2352573275566101,c7d8,True,0.9814285635948181,0.13691989999915677,
182,1843,endgame mate mateIn2 short,64,35,e2e8,True,0.44343495451772386,1,0.6069924235343933,e2e8,True,0.9585714340209961,0.4349775000000591,
184,1557,crushing middlegame pin short,46,41,f4g4,False,0.08072138882316865,4,0.31103116273880005,f3e5,True,0.949999988079071,4.352541800000836,
186,1645,advantage attraction exposedKing fork long middlegame sacrifice,79,25,g2h2,False,0.035058442031758834,8,-0.5113270282745361,g2h2,False,0.0028571428265422583,4.509759999999915,
188,1534,attraction clearance crushing fork long middlegame sacrifice,68,38,d3f5,False,0.01070723572517084,8,-0.13534095883369446,d3g6,False,0.0014285714132711291,4.484169999999722,
190,1658,attraction endgame mate mateIn2 rookEndgame sacrifice short,51,29,g7g2,False,0.0008512482614146496,23,-0.22648851573467255,g7g2,False,0.0,4.906408000000738,
192,1540,crushing endgame fork short,87,29,e4e3,False,0.11309961558930737,4,-0.22333239018917084,b4b8,True,0.9685714244842529,4.667761300000166,
194,1803,advantage endgame fork long xRayAttack,64,46,d4d8,False,0.2915760844647356,2,-0.1648108959197998,e5b8,True,0.9671428799629211,1.4247819000001982,
196,1481,mate mateIn1 middlegame oneMove,24,51,e1c1,False,0.3369020704649164,2,-0.3973831236362457,a5d8,True,0.9628571271896362,0.19830219999948895,
198,1898,advantage long middlegame pin,57,45,e5f3,True,0.2726500671706201,1,-0.07884157449007034,e5f3,True,0.949999988079071,4.280600299999605,
200,1798,advantage endgame long pin sacrifice,57,41,e8e2,True,0.5653142277655994,1,-0.18914103507995605,e8e5,False,0.08857142925262451,4.254360900000393,
202,1744,crushing middlegame pin sacrifice short,80,44,e7f6,True,0.8439605190354527,1,0.3550521433353424,e7f6,True,0.8885714411735535,3.4760574000001725,
204,1828,advantage fork long middlegame,29,40,c6c5,False,0.23914509494370004,2,-0.24579817056655884,f6e4,True,0.9528571367263794,4.215758500000447,
206,1500,endgame exposedKing long mate mateIn3,109,23,e4e1,True,0.5773913743090598,1,-0.009312896057963371,e4e1,True,0.9814285635948181,0.4469764999994368,
208,1539,backRankMate mate mateIn2 middlegame sacrifice short,63,38,f8f7,False,0.008811485927834681,7,-0.05772171542048454,f8d8,False,0.0,3.90811339999982,
210,1663,mate mateIn1 middlegame oneMove,25,40,d4f3,True,0.5704854808309546,1,0.10338041931390762,d4f3,True,0.9857142567634583,0.07984759999999369,
212,1587,endgame mate mateIn1 oneMove,70,25,g1g2,False,0.012732549296922462,4,-0.29204079508781433,d2d8,True,0.40142858028411865,2.4743198999995,
214,1509,advantage hangingPiece long opening,25,30,f6e4,True,0.8438489536240966,1,-0.4410935640335083,f6e4,True,0.991428554058075,4.299088200000369,
216,1595,endgame mate mateIn2 short,84,25,e5g3,False,0.02348986087941307,7,0.13387355208396912,h3h4,True,0.7985714077949524,1.0014683000008517,
218,1497,advantage middlegame short trappedPiece,28,33,c3a4,True,0.44714096285445903,1,-0.5462751984596252,c3a4,True,0.977142870426178,4.526829599999473,
220,1463,advancedPawn attraction crushing endgame promotion rookEndgame veryLong,87,14,c3c2,True,0.5042654572882309,1,-0.1715577393770218,c3c2,True,0.9585714340209961,4.499523800000134,
222,1775,advantage fork long master middlegame,41,32,c5e3,True,0.547123126662808,1,0.09914354979991913,c5e3,True,0.9657142758369446,4.694963500000085,
224,1627,crushing middlegame pin short,36,46,f2f4,False,0.17842065391928205,3,-0.0920688658952713,c3d5,True,0.9714285731315613,4.696339199999784,
226,1649,crushing deflection endgame short skewer,84,25,c1d3,False,0.15236738403255734,4,-0.472956120967865,d8b8,True,0.9728571176528931,4.579070699999647,
228,1733,advantage fork middlegame short,45,43,e5e4,False,0.07889984004514211,3,-0.3636746406555176,h4d4,True,0.9471428394317627,4.178009000000202,
230,1702,advantage exposedKing long middlegame sacrifice,52,4,f1f3,True,0.9697624677560822,1,-0.8633269667625427,f1f3,True,0.9985714554786682,4.20982019999974,
232,1625,advantage fork middlegame short,49,39,c8c2,False,0.3268506499199972,2,-0.062290292233228683,e4c3,True,0.9671428799629211,4.2116079999996145,
234,1862,advantage opening sacrifice veryLong,16,41,b5d7,False,0.005918203222531811,10,-0.009378566406667233,b5d7,False,0.0,4.1990595999996,
236,1620,discoveredCheck doubleCheck mate mateIn1 middlegame oneMove pillsburysMate,50,33,e4d6,False,0.32816561518891146,2,0.46443867683410645,e4f6,True,0.9700000286102295,0.1476542000000336,
238,1453,endgame mate mateIn2 short triangleMate,66,36,c2h7,True,0.9712459130525417,1,0.2226768583059311,c2h7,True,0.9985714554786682,0.09647789999962697,
240,1811,attraction crushing fork long master middlegame sacrifice,41,38,h5f5,False,0.00016356110290777855,19,0.0506056472659111,h5f5,False,0.0,4.2155230999997,
242,1467,crushing deflection discoveredAttack discoveredCheck endgame exposedKing long rookEndgame,71,3,g4f5,True,0.9663284822507767,1,0.09176226705312729,g4f5,True,0.991428554058075,4.267348899999888,
244,1638,endgame mate mateIn2 short,68,37,b3e6,True,0.8097034277143008,1,0.26492106914520264,b3e6,True,0.9942857027053833,0.06237440000040806,
246,1725,advantage fork long middlegame,39,31,g5e4,True,0.507837311993716,1,-0.9657931327819824,g5e4,True,0.9800000190734863,4.436695499999587,
248,1470,advantage endgame fork long,70,23,d6d7,True,0.5706518116278172,1,-0.683847963809967,d6d7,True,0.9857142567634583,4.080664799999795,
250,1482,advantage fork long middlegame pin,61,40,h4g3,True,0.9328184563355802,1,-0.38401004672050476,h4g3,True,0.9942857027053833,4.616159600000174,
252,1504,advantage long middlegame queensideAttack xRayAttack,57,33,a5e1,True,0.7579495711625615,1,-0.4471640884876251,a5e1,True,0.991428554058075,4.96391180000046,
254,1559,crushing discoveredAttack middlegame short,41,42,d6e5,False,0.0029493591835068303,11,0.5395714044570923,b7b6,False,0.0,5.012482799999816,
256,1765,endgame long mate mateIn3 triangleMate,70,40,d6d8,True,0.6300276542125585,1,0.3061240017414093,d6d8,True,0.9742857217788696,0.2636345999999321,
258,1595,advantage attraction discoveredAttack endgame fork sacrifice veryLong,45,33,f5d4,True,0.5546138613000202,1,-0.37573516368865967,f5d4,True,0.508571445941925,3.2223685999997542,
260,1793,attraction kingsideAttack mate mateIn2 middlegame sacrifice short,40,36,b2c3,False,0.18597552825554803,2,-0.49568766355514526,h1h7,True,0.9757142663002014,0.1364053999996031,
262,1493,crushing endgame pin short,78,34,d1g1,True,0.5763253182323724,1,0.015252434648573399,d1g1,True,0.9800000190734863,3.7934144000000742,
264,1555,endgame long mate mateIn3,71,33,c2f2,True,0.8587277630546031,1,0.46525147557258606,c2f2,True,0.9928571581840515,0.23449119999986578,
266,1517,mate mateIn2 middlegame operaMate sacrifice short,57,43,c2d2,False,0.006125132115102931,10,-0.9888588786125183,e8e2,False,0.0,3.644717199999832,
268,1865,advantage attraction deflection endgame long,45,25,e6e5,False,0.06323897857950207,3,-0.2626950144767761,f5f4,True,0.8657143115997314,4.312502300000233,
270,1488,endgame mate mateIn2 pillsburysMate sacrifice short xRayAttack,64,36,h8g8,False,0.13837264501081822,2,-0.3889338970184326,a4e8,True,0.9700000286102295,0.1898912000006021,
272,1649,advantage fork opening short,33,41,d7f6,False,0.03812492552955234,5,-0.42324602603912354,e4c3,True,0.8942857384681702,4.295021799999631,
274,1734,advantage fork master middlegame sacrifice short,47,30,b8f8,False,0.22444191624612536,2,-0.5929031372070312,g6f4,True,0.9671428799629211,4.264132000000245,
276,1621,mate mateIn2 middlegame operaMate queensideAttack short,44,38,a7a8,True,0.23696494004600024,1,-0.9372870922088623,a7a8,True,0.9800000190734863,0.14236129999972036,
278,1762,advantage discoveredAttack fork middlegame short,44,35,d5e7,True,0.5578914686913791,1,-0.18231888115406036,d5e7,True,0.9814285635948181,4.244415500000287,
280,1731,crushing discoveredAttack kingsideAttack opening short,19,38,g8f6,False,0.0018182247514276202,25,-0.5062203407287598,g8f6,False,0.0,4.328329699999813,
282,1744,advantage defensiveMove endgame fork veryLong,57,4,d6c5,True,0.6702061638445278,1,-0.8307497501373291,d6c5,True,0.9885714054107666,4.371646300000066,
284,1650,advantage middlegame pin sacrifice short,60,34,d2b4,False,0.022556430439739285,10,-0.7465076446533203,e6d6,True,0.7828571200370789,5.0565520999998625,
286,1620,advantage hangingPiece middlegame short,50,42,e4c2,True,0.6644051114446816,1,-0.3752056360244751,e4c2,True,0.9871428608894348,4.727049799999804,
288,1557,advantage discoveredAttack opening short,19,30,d7b6,True,0.7579587115188801,1,-0.7108008861541748,d7b6,True,0.9928571581840515,4.7745874000002,
290,1510,discoveredAttack discoveredCheck kingsideAttack mate mateIn2 middlegame short,35,7,h3f5,True,0.834661115170798,1,-0.7096990346908569,h3f5,True,0.9957143068313599,0.0722762999994302,
292,1484,endgame mate mateIn2 pin sacrifice short,52,40,b3f7,False,8.181402339466321e-05,37,-0.47534504532814026,b3f7,False,0.0,4.6049511000001075,
294,1760,mate mateIn2 middlegame sacrifice short,22,38,g2f3,False,0.0021903597312448193,5,0.14377908408641815,g2f3,False,0.0,4.289336300000286,
296,1853,advantage deflection middlegame pin short,60,38,f5c5,False,0.03148957786109978,5,0.20364151895046234,f5c5,False,0.004285714123398066,4.30595699999958,
298,1512,deflection long mate mateIn3 middlegame sacrifice,42,49,e1e7,False,0.00024186282621313068,23,-0.8957701325416565,e1e7,False,0.0,3.9054120999999213,
300,1720,advantage deflection endgame exposedKing long,105,22,d1c1,True,0.4203846414560619,1,-0.20703035593032837,d1c1,True,0.8642857074737549,4.212002300000677,
302,1549,crushing discoveredAttack opening short,22,48,e4f6,True,0.7669088069825819,1,0.22561582922935486,e4f6,True,0.9885714054107666,4.301883400000406,
304,1875,advancedPawn attraction crushing discoveredAttack discoveredCheck endgame fork long master pin sacrifice,61,42,h4g3,False,0.048288284235228046,5,0.044189125299453735,f8f2,True,0.8614285588264465,2.5408359000002747,
306,1715,endgame mate mateIn2 queenRookEndgame short,85,31,f6h6,True,0.42013737951649216,1,-0.9500439167022705,f6f4,False,0.029999999329447746,3.9658636999993178,
308,1477,advantage endgame fork short,71,25,h2e2,False,0.2618894655927612,2,0.043475326150655746,b2d1,True,0.9742857217788696,4.5290391999997155,
310,1550,capturingDefender crushing long middlegame,29,45,c6d4,True,0.5196071924761679,1,0.016192620620131493,c6d4,True,0.9785714149475098,5.313788500000555,
312,1719,advantage attraction deflection long middlegame,72,39,h7g7,True,0.41944760725282665,1,-0.9765588641166687,h7g7,True,0.9742857217788696,3.66551679999975,
314,1650,capturingDefender crushing endgame intermezzo rookEndgame short,76,21,b3c4,False,0.3779288027086559,2,-0.06907816231250763,g4d4,True,0.9285714030265808,5.6692565000003015,
316,1538,crushing deflection discoveredAttack long middlegame,40,37,d6c6,True,0.5561707846976863,1,-0.6504234671592712,d6c6,True,0.9842857122421265,5.122418500000094,
318,1729,advantage long middlegame pin,50,4,g1g2,False,0.23520165266204252,3,-0.7682499289512634,d1f3,True,0.9757142663002014,5.052840800000013,
320,1591,crushing fork middlegame short,30,42,d6e5,True,0.8003741821145914,1,0.030217768624424934,d6e5,True,0.9900000095367432,6.652932399999372,
322,1533,endgame fork long mate mateIn3,71,17,g7g5,True,0.6975420098487102,1,-0.7768071293830872,g7g5,True,0.9900000095367432,0.14457800000036514,
324,1730,mate mateIn1 middlegame oneMove,34,34,b5a6,True,0.5406414059332368,1,-0.5488485097885132,b5a6,True,0.9842857122421265,0.11179210000045714,
326,1590,advantage middlegame short skewer,33,47,e7f6,True,0.4888082140803215,1,-0.1665545403957367,e7f6,True,0.949999988079071,4.885415400000056,
328,1751,crushing interference long middlegame,21,42,g7g5,False,0.0937562187822871,4,-0.0030405574943870306,e6c4,True,0.9485714435577393,4.197849399999541,
330,1518,crushing endgame exposedKing fork long,103,23,e2f2,False,0.00548779338038189,5,0.3207349479198456,e2f2,False,0.0,4.162956699999995,
332,1732,crushing deflection middlegame short,82,38,d3g6,False,0.056348200477219584,4,0.17281794548034668,e1e7,True,0.9385714530944824,4.137461499999517,
334,1843,crushing deflection endgame long,72,45,e3d4,False,0.28482336586699847,2,0.23036006093025208,g1c1,True,0.8600000143051147,3.849516400000539,
336,1553,advantage discoveredAttack long middlegame,31,34,a6c4,True,0.9635518156225904,1,-0.47562479972839355,a6c4,True,0.9971428513526917,4.262139799999204,
338,1472,advantage endgame fork long,56,40,b2b7,False,0.04457186558282307,2,-0.5805482864379883,f1b5,True,0.7799999713897705,4.260377199999311,
340,1692,crushing long master middlegame sacrifice,76,33,a5a7,False,0.004183284665591894,11,-0.5582346320152283,f6g5,False,0.0,4.723514299999806,
342,1665,advantage fork interference middlegame short,58,38,e4f5,True,0.5471934629235699,1,-0.14816755056381226,e4f5,True,0.9785714149475098,4.742780400000811,
344,1535,endgame mate mateIn2 short,85,27,g5g4,True,0.5525860030779955,1,-0.9788536429405212,g5g4,True,0.9857142567634583,0.11729930000001332,
346,1698,attraction kingsideAttack master mate mateIn2 middlegame pin sacrifice short,45,41,g3h2,False,0.011835585456041523,2,0.48667535185813904,g3h2,False,0.31142857670783997,3.177556999999979,
348,1710,advantage fork middlegame short,51,40,e4c3,True,0.44467077072463695,1,-0.8379330635070801,e4c3,True,0.9757142663002014,5.599772699999448,
350,1629,crushing endgame fork master short,87,25,e7e2,False,0.01371959342745315,5,0.0945625826716423,f4h3,True,0.48428571224212646,5.154600900000332,
352,1632,advantage attraction capturingDefender fork long middlegame,39,31,g7g6,False,0.0032690308409357356,9,-0.5844442248344421,g7g5,False,0.0,3.4162624999999025,
354,1500,advantage attackingF2F7 deflection opening short,12,43,d1d8,False,0.30119142734617765,2,-0.36244767904281616,c4f7,True,0.977142870426178,3.9879038999997647,
356,1758,advantage fork middlegame veryLong,52,43,c1c5,False,0.05367702159229362,4,0.1806008219718933,d3e3,False,0.0028571428265422583,4.332032399999662,
358,1804,advantage hangingPiece middlegame short,49,27,c5b6,False,0.050392830891129316,4,0.2721075117588043,e6f5,True,0.9157142639160156,4.29455869999947,
360,1727,crushing deflection endgame long rookEndgame,77,14,h5h8,False,0.24761679854040508,2,-0.9978200197219849,h5h6,True,0.9785714149475098,4.228362300000299,
362,1476,endgame mate mateIn2 pillsburysMate sacrifice short,88,21,g8h8,False,0.10972937860341637,4,-0.7282901406288147,e2g3,True,0.9700000286102295,0.24975279999944178,
364,1624,advantage attraction clearance kingsideAttack long middlegame sacrifice,24,43,d3h7,True,0.6895162874183017,1,-0.3397953510284424,d3h7,True,0.9814285635948181,4.21663769999941,
366,1565,mate mateIn2 middlegame sacrifice short,45,51,d5h5,False,0.10914567474732985,4,-0.06503777205944061,h8h4,True,0.9585714340209961,0.2899576999998317,
368,1622,crushing middlegame short trappedPiece,51,27,c8b7,True,0.6998196893386631,1,0.024994349107146263,c8b7,True,0.9557142853736877,4.283269200000177,
370,1533,kingsideAttack mate mateIn1 middlegame oneMove,46,49,c7g7,True,0.8003114480540363,1,0.5730620622634888,c7g7,True,0.9900000095367432,0.06185700000060024,
372,1717,advantage fork long middlegame,81,35,b5e2,False,0.28721234769714515,2,-0.5537692308425903,b5e2,False,0.03142857179045677,4.51107200000024,
374,1749,master mate mateIn1 oneMove opening,31,45,g4h2,False,0.04743112990903979,6,0.16268236935138702,e5e3,True,0.9157142639160156,0.30719370000042545,
376,1494,advantage attraction long middlegame,43,40,f8f1,True,0.882078530472549,1,-0.30018407106399536,f8f1,True,0.9671428799629211,4.599720399999569,
378,1871,attraction crushing endgame fork sacrifice veryLong,73,26,h3f1,True,0.47791268862219466,1,-0.809924840927124,h3f1,True,0.5057142972946167,4.944153599999481,
380,1580,advantage long middlegame pin,56,48,f1e1,False,0.2749636225705517,2,-0.6422886848449707,d5h5,True,0.9642857313156128,1.4751287999997658,
382,1827,advantage hangingPiece long middlegame,63,2,b2b5,True,0.6521276260609957,1,-0.7218437790870667,b2b5,True,0.9842857122421265,5.007573299999422,
384,1506,advantage capturingDefender middlegame short,31,51,e6b6,False,0.0004665619987017506,17,-0.4334883391857147,e6d7,False,0.0,6.577013800000714,
386,1611,master mate mateIn1 middlegame oneMove,40,47,b5e8,True,0.9531629985988259,1,-0.11206194758415222,b5e8,True,0.9971428513526917,0.03931060000013531,
388,1493,advantage endgame fork short,81,28,d6d5,False,0.13537821529951874,3,-0.19810350239276886,d6c6,True,0.8357142806053162,4.773162399999819,
390,1504,attraction crushing deflection endgame fork long sacrifice,84,24,c8d7,False,0.0005118033734358099,22,0.14175620675086975,c8d7,False,0.0,4.037790600000335,
392,1656,mate mateIn2 middlegame short,61,27,d5e4,False,0.12957456744357534,2,-0.8276849389076233,g8g5,True,0.9728571176528931,0.15019299999948998,
394,1686,crushing deflection endgame exposedKing long,98,23,c7c6,False,0.020703115089629708,4,-0.4295165240764618,c7c6,False,0.012857142835855484,4.921121200000016,
396,1839,mate mateIn2 opening short swallowstailMate,20,39,d1g4,False,0.3676266727520205,2,-0.7905089855194092,d1d5,True,0.8271428346633911,4.554702100000213,
398,1755,crushing endgame hangingPiece long quietMove,95,14,g3h2,True,0.9918959402358233,1,-0.5836998224258423,g3h2,True,0.9985714554786682,4.603045599999859,
400,1886,attackingF2F7 crushing deflection fork middlegame veryLong,30,46,g5f7,True,0.4167563970285638,1,0.8187633752822876,g5f7,True,0.9642857313156128,4.609442599999966,
402,1666,crushing fork long opening,17,41,f8c5,False,0.005854023609449827,9,0.15450778603553772,f8c5,False,0.0,4.745272799999839,
404,1459,crushing discoveredAttack endgame fork short,83,27,e3f1,True,0.4870248588341406,1,-0.4042907953262329,e3f1,True,0.9828571677207947,4.336358399999881,
406,1553,advantage fork long middlegame skewer,37,31,d8d1,True,0.5841033258254571,1,-0.9471065998077393,d8d1,True,0.9842857122421265,4.673279300000104,
408,1808,advantage fork long master middlegame sacrifice,58,42,e4g5,False,0.008935720112736453,13,-0.5410979390144348,h3g2,False,0.0,5.634862500000054,
410,1536,kingsideAttack master mate mateIn2 middlegame operaMate sacrifice short,53,46,b7g2,False,0.02794589113883632,5,-0.9568156599998474,h5h1,True,0.8328571319580078,0.9962539999996807,
412,1647,discoveredCheck doubleCheck mate mateIn2 middlegame short triangleMate,50,43,g2g3,False,0.10117761697702038,2,-0.9968675971031189,d5d7,True,0.9728571176528931,0.23234359999969456,
414,1706,advantage capturingDefender long middlegame,32,58,e5c6,False,0.12296496293491997,2,-0.3949446678161621,e5d7,True,0.954285740852356,5.193874099999448,
416,1462,capturingDefender crushing long middlegame,26,53,g6e4,False,0.30836408670853466,2,-0.15907299518585205,g6e4,False,0.20000000298023224,5.060464799999863,
418,1757,backRankMate mate mateIn2 middlegame sacrifice short,35,46,b8b7,False,0.09976697509492836,3,-0.872490406036377,f2f1,True,0.9714285731315613,0.23105430000032356,
420,1724,advantage long opening sacrifice,22,24,d2b4,True,0.6577685890243751,1,-0.08049250394105911,d2b4,True,0.9871428608894348,4.45747720000054,
422,1517,endgame mate mateIn1 oneMove,61,27,g7g5,True,0.37464287551152503,1,-0.4332243502140045,g7g5,True,0.9800000190734863,0.08941780000077415,
424,1509,advantage deflection middlegame short,61,45,b1c1,True,0.2963463226674599,1,0.03800293430685997,b1c1,True,0.9714285731315613,4.324989099999584,
426,1576,crushing fork middlegame short,43,50,c4d3,True,0.3553453705044535,1,-0.49932658672332764,c4d3,True,0.9728571176528931,4.229007699999784,
428,1485,crushing discoveredCheck doubleCheck kingsideAttack middlegame short,47,31,c5b6,False,0.19614262154985657,2,-0.7150721549987793,d4f3,True,0.977142870426178,4.075150099999519,
430,1485,kingsideAttack mate mateIn2 middlegame operaMate sacrifice short,43,49,d3e5,False,0.11386750210858217,2,-0.7298176884651184,b8g3,True,0.9757142663002014,0.17271860000073502,
432,1778,advantage endgame master pin short,69,29,c3b3,False,0.0014428566512439626,12,-0.24237264692783356,c3f3,False,0.0,4.308190900000227,
434,1661,endgame mate mateIn2 short,68,36,h2h7,False,0.05566899262006133,3,0.10110066086053848,h2h8,True,0.9357143044471741,0.3228791999999885,
436,1723,discoveredAttack discoveredCheck mate mateIn2 middlegame pillsburysMate short,58,34,c5d3,False,0.03155607410456681,6,-0.6463232040405273,c3c4,True,0.8571428656578064,0.7609841000003144,
438,1822,mate mateIn2 middlegame operaMate sacrifice short,58,45,g1g7,False,0.00024386934896835665,40,-0.6785863637924194,g1g7,False,0.0,3.7512927999996464,
440,1607,kingsideAttack mate mateIn1 oneMove opening,32,48,f1f8,True,0.9018674239846053,1,0.875103235244751,f1f8,True,0.9957143068313599,0.046224200000324345,
442,1699,kingsideAttack mate mateIn1 oneMove opening,31,38,e5h2,True,0.5583080402114462,1,0.266437828540802,e5h2,True,0.9714285731315613,0.15075570000044536,
444,1609,endgame long mate mateIn3,35,34,b7b1,True,0.7192276574080091,1,-0.2137063890695572,b7b1,True,0.9871428608894348,0.4459828999997626,
446,1533,attraction long mate mateIn3 middlegame operaMate sacrifice,38,51,g3g8,False,6.0890369596751006e-05,41,0.06364060193300247,f2f4,False,0.0,4.450912700000117,
448,1688,advantage clearance kingsideAttack middlegame pin sacrifice veryLong,45,43,e5f3,True,0.5510500486261589,1,-0.34626802802085876,e5f3,True,0.9800000190734863,3.055000399999699,
450,1510,mate mateIn1 middlegame oneMove operaMate,29,41,g2f2,True,0.7218282596263441,1,0.7215986847877502,g2f2,True,0.9885714054107666,0.05606130000069243,
452,1775,attraction endgame long mate mateIn3 sacrifice,70,30,a1a8,False,0.004260015341435693,19,0.6535386443138123,a1d1,False,0.0,3.1363006000001405,
454,1608,kingsideAttack mate mateIn1 middlegame oneMove,42,38,e4h7,True,0.6685660933227304,1,-0.2927139401435852,e4h7,True,0.9900000095367432,0.06490589999975782,
456,1835,discoveredAttack kingsideAttack mate mateIn2 middlegame sacrifice short,25,34,e5d3,False,0.0005233169208446522,17,0.02492496557533741,g4e3,False,0.0,4.3322275999998965,
458,1573,crushing fork opening short,15,33,e7e5,True,0.48057336127195993,1,0.04977622628211975,e7e5,True,0.9685714244842529,4.321233300000131,
460,1453,balestraMate endgame mate mateIn2 short,87,39,e4f3,True,0.9052906030441467,1,-0.41569745540618896,e4f3,True,0.9971428513526917,0.1626153000006525,
462,1583,crushing discoveredAttack discoveredCheck endgame short,88,31,f4f5,False,0.09870509914640069,2,0.21085578203201294,a7f7,True,0.941428542137146,2.673245699999825,
464,1493,crushing hangingPiece opening short,25,39,d5b6,False,0.34376303102469397,2,-0.24340561032295227,c7c1,True,0.9785714149475098,4.228536399999939,
466,1670,crushing discoveredAttack long middlegame,35,40,f8g8,False,0.1293674389490549,2,-0.34701794385910034,f8g8,False,0.04714285582304001,4.265066400000251,
468,1593,attraction long mate mateIn3 middlegame sacrifice,49,40,b8h8,False,0.07725482988224448,5,-0.7694898843765259,h2h1,True,0.9585714340209961,0.34054269999978715,
470,1882,crushing discoveredAttack long middlegame,39,43,d7f6,False,0.02450471864430352,3,-0.1777365654706955,d7f6,False,0.004285714123398066,4.324211399999513,
472,1790,advantage endgame fork long sacrifice,77,34,g8g7,False,0.018738566125581124,10,-0.8207831382751465,d3d1,True,0.4628571569919586,4.486231600000792,
474,1508,mate mateIn1 middlegame oneMove,52,44,b1g6,True,0.35646139819246236,1,0.8386202454566956,b1g6,True,0.9399999976158142,0.272739800000636,
476,1514,crushing exposedKing fork long middlegame,49,39,g5h5,True,0.5964261649290744,1,-0.5120831727981567,g5h5,True,0.9842857122421265,3.9508061999995334,
478,1531,mate mateIn1 middlegame oneMove swallowstailMate,32,32,h4f6,True,0.46718062479308664,1,0.07055925577878952,h4f6,True,0.9742857217788696,0.16055779999987863,
480,1603,endgame master mate mateIn2 short,104,26,f6h8,True,0.5907098067134461,1,-0.3406159579753876,f6h8,True,0.9885714054107666,0.25728069999968284,
482,1464,endgame fork mate mateIn5 veryLong,58,29,h2h7,True,0.8878921323550798,1,-0.9085990786552429,h2h7,True,0.9928571581840515,0.7041802999992797,
484,1581,advantage capturingDefender hangingPiece middlegame short,39,31,b2a4,True,0.9918122499721554,1,-0.25195401906967163,b2a4,True,0.9985714554786682,6.113862399999562,
486,1582,advantage capturingDefender long middlegame xRayAttack,45,39,b8b7,False,0.2737248347712403,2,0.08432809263467789,c4b4,True,0.9700000286102295,4.267946699999811,
488,1681,kingsideAttack mate mateIn2 middlegame pin sacrifice short,32,44,f3d5,False,0.0005493744230604092,21,-0.1632009893655777,c4f7,False,0.0,3.972150700000384,
490,1617,mate mateIn2 middlegame short,63,32,h5h2,False,0.037343929815991515,3,0.14945591986179352,h7b1,True,0.558571457862854,1.8673285999993823,
492,1874,attraction endgame long mate mateIn3 queenEndgame,68,22,h3h2,False,0.19440804145690552,3,-0.11194128543138504,h4h5,True,0.9599999785423279,0.29054790000009234,
494,1743,endgame mate mateIn2 short,62,23,g3b8,True,0.5534111057827074,1,-0.23979158699512482,g3b8,True,0.9828571677207947,0.1272425999995903,
496,1668,crushing defensiveMove endgame long rookEndgame skewer,86,6,c3c4,True,0.387240122011953,1,-0.08953078091144562,c3c4,True,0.9742857217788696,0.32369070000004285,
498,1514,endgame master masterVsMaster mate mateIn1 oneMove,111,15,f5g7,False,0.2479384608388192,2,-0.9565688967704773,e4f3,True,0.9757142663002014,0.11937390000002779,
500,1707,advantage middlegame pin short,61,43,f2g2,False,0.008962585132773369,11,0.07448423653841019,f2g2,False,0.0,4.283158999999614,
502,1732,crushing discoveredAttack endgame master queenEndgame short,89,32,b7b5,False,0.12413012596749379,2,-0.5221858024597168,d6d5,True,0.9742857217788696,4.206537699999899,
504,1691,advantage attraction discoveredAttack discoveredCheck endgame exposedKing long,62,2,d2c1,True,0.5408424045346235,1,-0.9950647354125977,d2c1,True,0.9785714149475098,3.134700900000098,
506,1471,endgame mate mateIn1 oneMove,62,31,a7c7,True,0.3836531875098699,1,0.9395954608917236,a7c7,True,0.9571428298950195,0.19544560000031197,
508,1529,attraction kingsideAttack mate mateIn4 middlegame sacrifice veryLong,52,37,h3h6,True,0.6700261510723735,1,-0.6155393719673157,h3h6,True,0.9857142567634583,0.40820720000010624,
510,1715,crushing middlegame pin short,52,33,g1h1,False,0.06604679964781839,5,-0.5682495832443237,f1f7,True,0.9485714435577393,2.514856200000395,
512,1549,endgame hookMate mate mateIn2 short,59,40,a8a2,True,0.5522481657476987,1,0.2411409318447113,a8a2,True,0.9842857122421265,0.15470150000055582,
514,1651,crushing deflection endgame interference long,73,27,f1g3,False,0.2134016668252252,2,-0.026108890771865845,h2d2,True,0.9700000286102295,4.05510890000005,
516,1531,crushing discoveredAttack endgame long,62,27,h3g2,False,0.041731908286757165,3,-0.9291003346443176,h3e6,True,0.8842856884002686,4.523500199999944,
518,1521,crushing fork middlegame sacrifice veryLong,46,50,e2d4,False,0.022697850630400106,6,0.4343051314353943,e2d4,False,0.015714285895228386,4.641690200000085,
520,1483,bishopEndgame crushing discoveredAttack endgame short,104,6,h5g6,False,0.23674641227215193,2,-0.9302352666854858,g4g5,True,0.9757142663002014,4.625946099999965,
522,1649,deflection kingsideAttack long mate mateIn3 middlegame sacrifice,43,50,e5e1,False,0.0019821245043289562,15,-0.6200682520866394,b6d4,False,0.0,5.283911800000169,
524,1500,attraction kingsideAttack long mate mateIn3 middlegame sacrifice,53,33,e7h4,False,0.2537329611896641,2,-0.9117329716682434,h8h1,True,0.9742857217788696,0.2758417000004556,
526,1722,advantage discoveredAttack discoveredCheck long middlegame,44,37,h2h3,False,0.18609469427732667,2,-0.17039361596107483,f1f6,True,0.9228571653366089,4.856512800000019,
528,1791,advancedPawn bishopEndgame capturingDefender crushing endgame long,68,11,f5f6,True,0.4163522238253623,1,-0.3072310984134674,f5f6,True,0.8971428275108337,5.158712299999934,
530,1534,advancedPawn deflection discoveredAttack discoveredCheck endgame mate mateIn2 promotion short,70,17,d5f7,False,0.0541574350144838,2,-0.42813611030578613,c6c7,True,0.9599999785423279,0.28809720000026573,
532,1637,advantage attraction fork long middlegame sacrifice,63,33,f5d3,False,0.00266523959945467,11,-0.9686501026153564,h4f3,False,0.0,5.079971199999818,
534,1808,attraction discoveredAttack discoveredCheck mate mateIn2 middlegame sacrifice short,55,41,h3h4,False,0.004330285688428106,10,-0.2311083972454071,h3h4,False,0.0,5.272007200000189,
536,1576,endgame mate mateIn1 oneMove,66,38,d7d8,False,0.0004886672369685014,17,0.3830283582210541,d7d8,False,0.0,5.090983600000072,
538,1732,advantage attraction long middlegame sacrifice skewer,73,32,f7f5,False,0.12613408764661488,5,-0.6845722198486328,f7f2,True,0.8500000238418579,5.078159800000321,
540,1620,advantage fork master middlegame short,32,35,d2d5,True,0.6869395001864015,1,-0.5664477348327637,d2d5,True,0.9885714054107666,5.1205762999998115,
542,1837,crushing exposedKing fork long middlegame,51,39,d8d3,False,0.18705582092802484,3,0.23058965802192688,a2a1,True,0.9585714340209961,5.077223299999787,
544,1466,advancedPawn mate mateIn2 middlegame promotion short,79,41,d1e1,False,0.009396630695831099,10,0.0169400405138731,f5d3,False,0.0,4.779131700000107,
546,1594,crushing deflection endgame long,54,48,e1e6,True,0.7730761679707998,1,0.012765428051352501,e1e6,True,0.9885714054107666,4.772711999999956,
548,1753,hangingPiece mate mateIn1 middlegame oneMove,66,34,f1f7,True,0.5528162950518507,1,0.728594958782196,f1f7,True,0.9585714340209961,0.29416609999952925,
550,1816,advantage fork long opening,15,43,a6b5,True,0.8759299252862734,1,-0.12968049943447113,a6b5,True,0.9928571581840515,4.851775699999962,
552,1703,mate mateIn1 middlegame oneMove,43,39,c6f6,False,0.26059708388569597,2,0.35543444752693176,f4h3,True,0.9585714340209961,0.24085980000018026,
554,1859,attraction crushing endgame exposedKing veryLong,63,42,b7g2,True,0.4030542021528542,1,-0.563953161239624,b7e4,False,0.08285713940858841,4.481225700000323,
556,1657,crushing fork middlegame veryLong,49,42,e6e1,True,0.7497005787322776,1,-0.6631580591201782,e6e1,True,0.9885714054107666,4.8930045999995855,
558,1565,backRankMate endgame fork mate mateIn2 short,57,20,f4e3,True,0.32769035447061295,1,-0.9933912754058838,f4e3,True,0.9800000190734863,0.2279713999996602,
560,1638,kingsideAttack long mate mateIn3 middlegame,37,35,f8f2,True,0.8976426062395637,1,-0.7205792665481567,f8f2,True,0.9942857027053833,0.16514420000021346,
562,1603,crushing long middlegame trappedPiece,27,45,f7f5,True,0.40834410597755855,1,0.03374651446938515,f7f5,True,0.9642857313156128,5.123639999999796,
564,1727,crushing discoveredAttack middlegame short,38,47,d6d8,True,0.7895310591052369,1,0.4152967035770416,d6d8,True,0.991428554058075,5.0718105999994805,
566,1631,crushing defensiveMove middlegame sacrifice short,50,4,f2f3,True,0.4529653098215653,1,0.029265766963362694,f2f3,True,0.9357143044471741,5.027427099999841,
568,1513,advantage fork long opening,24,37,h4g6,True,0.8669869601035516,1,-0.2192806452512741,h4g6,True,0.991428554058075,5.158576800000446,
570,1657,endgame mate mateIn1 oneMove,136,27,a2a1,True,0.6561853147604116,1,-0.9465997219085693,a2a1,True,0.9900000095367432,0.08139459999983956,
572,1509,crushing discoveredAttack fork long middlegame sacrifice,29,43,e5f3,False,0.12448047547664601,4,-0.3978104591369629,f6f1,True,0.9714285731315613,5.0838370000001305,
574,1499,mate mateIn1 middlegame oneMove,34,42,d1d8,False,0.07696093355418905,3,0.16664515435695648,c4f7,True,0.9571428298950195,0.2557491999996273,
576,1630,crushing endgame hangingPiece master short,72,2,e3e1,True,0.9912763361500615,1,-0.6832795143127441,e3e1,True,1.0,4.846960699999727,
578,1480,advantage fork opening short,24,39,e2g4,True,0.7374012373983159,1,0.15485845506191254,e2g4,True,0.9900000095367432,4.6396536000002015,
580,1465,endgame mate mateIn2 short,76,30,d1d8,True,0.6039774023708886,1,-0.42295268177986145,d1d8,True,0.9871428608894348,0.2727727000001323,
582,1852,endgame mate mateIn2 short,59,37,f1h1,False,0.32360891306250844,2,0.31595736742019653,g4g3,True,0.9785714149475098,0.27278449999994336,
584,1685,crushing hangingPiece middlegame short,27,39,a2c4,True,0.5307659817910457,1,0.08613097667694092,a2c4,True,0.9857142567634583,5.326626699999906,
586,1734,advantage discoveredAttack kingsideAttack long opening,29,45,d4e2,True,0.734461033190243,1,0.17356954514980316,d4e2,True,0.9785714149475098,5.15997040000002,
588,1546,mate mateIn1 oneMove opening,24,37,e3b6,True,0.6289535784842447,1,-0.06623316556215286,e3b6,True,0.9828571677207947,0.1192166000000725,
590,1495,advantage fork long middlegame,46,37,d2f1,False,0.19558844165045544,2,-0.19390040636062622,d2f1,False,0.3857142925262451,5.227181700000074,
592,1808,discoveredAttack discoveredCheck endgame mate mateIn1 oneMove,66,4,e1f2,False,0.011844777582114014,4,-0.9823736548423767,e1f2,False,0.3214285671710968,2.7527454000000944,
594,1475,mate mateIn2 middlegame pin short,65,37,h4h3,True,0.3629167342869987,1,0.1195203959941864,h4h3,True,0.977142870426178,0.2977664999998524,
596,1661,attraction crushing fork middlegame sacrifice veryLong,52,41,f2e3,False,0.03348676282711483,7,-0.6634436249732971,f2e3,False,0.004285714123398066,5.212461899999653,
598,1731,attraction backRankMate mate mateIn2 middlegame sacrifice short,30,44,e3d4,False,0.00405311649070732,14,0.23424506187438965,e3d4,False,0.0,5.080845399999816,
600,1813,crushing endgame fork master short,75,32,b2d4,True,0.7278934676707176,1,-0.6010439991950989,b2d4,True,0.9871428608894348,4.865351500000543,
602,1753,crushing endgame fork short,44,44,c5e4,False,0.20833667574456663,2,0.08584759384393692,c5b7,True,0.9242857098579407,5.1077979000001505,
604,1722,advantage middlegame pin veryLong,56,38,a4d4,False,0.19134680886146824,2,-0.6721200942993164,a4c4,True,0.9728571176528931,5.110573199999635,
606,1602,advantage intermezzo kingsideAttack long master middlegame pin,52,37,f5h5,False,0.02294678441077417,3,0.4979453980922699,g7h7,True,0.7799999713897705,5.021676800000023,
608,1478,advantage discoveredAttack endgame long,78,34,c3f6,False,0.005448627346133242,6,-0.888552188873291,c3f6,False,0.0,4.480672300000151,
610,1727,attraction endgame mate mateIn2 sacrifice short,77,27,f5f4,False,0.00048202796557599297,22,0.4076072573661804,f5f4,False,0.0,4.562264399999549,
612,1521,advantage defensiveMove hangingPiece middlegame short,47,35,d4c2,True,0.806205301437898,1,0.07123981416225433,d4c2,True,0.9900000095367432,5.293923199999881,
614,1567,advantage discoveredAttack opening short,18,26,f3d4,True,0.9206364839599006,1,0.1464439332485199,f3d4,True,0.991428554058075,5.145422500000677,
616,1597,advancedPawn advantage kingsideAttack long middlegame pin,49,43,g6g2,False,0.10048344072019107,2,-0.02975126914680004,f3f2,True,0.9685714244842529,2.8509437000002436,
618,1619,crushing endgame pin short,53,33,d2f2,False,0.0002247692257840567,24,-0.12494256347417831,d2f2,False,0.0,4.980712399999902,
620,1780,advantage attraction middlegame queensideAttack short,25,52,d8e7,False,0.28137607931725583,2,0.20608064532279968,g7b2,True,0.9685714244842529,5.144887099999323,
622,1866,attraction exposedKing long master mate mateIn3 middlegame sacrifice,72,42,f4g6,False,0.024632361801708816,3,-0.4703063368797302,g3g8,True,0.37285715341567993,3.307249899999988,
624,1504,kingsideAttack mate mateIn2 middlegame short,31,35,d7g4,True,0.6162902886763313,1,0.3394240736961365,d7g4,True,0.9814285635948181,0.21136399999977584,
626,1459,advantage fork long opening,23,39,e4f5,False,0.3800853630579001,2,-0.8467774987220764,e4c4,True,0.9757142663002014,5.088055600000189,
628,1586,advantage deflection endgame short,71,38,b7a6,False,0.0017822665636065195,18,0.4993177056312561,c8c2,False,0.0,4.903113099999246,
630,1497,advantage endgame hangingPiece pin short,44,32,g6e6,True,0.9790257676667043,1,0.08802177011966705,g6e6,True,0.9985714554786682,4.859257600000092,
632,1663,crushing endgame intermezzo long pin sacrifice,55,40,e4f2,False,0.0059651151044770095,15,-0.38293567299842834,e2h5,False,0.0,4.094585100000586,
634,1539,crushing long middlegame pin,36,35,c1b1,False,0.2554991801567686,2,-0.5218889713287354,f3f6,True,0.9628571271896362,3.892018300000018,
636,1627,crushing endgame master pin short,79,33,d6h2,False,0.07497573141288207,2,-0.27432510256767273,c7b6,True,0.9485714435577393,5.1828080000004775,
638,1467,advantage hangingPiece intermezzo middlegame short,26,31,e1d1,False,0.3965538739725681,2,0.002802010625600815,f5e7,True,0.9685714244842529,5.089191300000493,
640,1608,advantage attraction middlegame sacrifice short,42,42,f4d2,False,0.2249420739137434,2,-0.5514353513717651,c7e7,True,0.8428571224212646,4.705106800000067,
642,1796,advantage endgame fork long skewer,45,33,e8e3,False,0.2125402206977585,2,-0.3628275394439697,g7h6,True,0.9657142758369446,5.311955600000147,
644,1532,advantage hangingPiece middlegame short,65,33,g6f5,True,0.5350624477882349,1,0.2666611075401306,g6f5,True,0.800000011920929,5.191479299999628,
646,1775,advantage fork long middlegame,62,35,f3g2,False,0.20541236544795066,2,-0.9815168380737305,f3d5,True,0.9757142663002014,5.13265550000051,
648,1787,crushing fork long middlegame,63,33,d7f7,False,0.09537404611413325,3,-0.9430103302001953,h7h2,True,0.8971428275108337,5.080766500000209,
650,1685,crushing long middlegame pin,44,41,h1d1,False,0.13026943653138975,2,0.17397640645503998,g5f6,True,0.8199999928474426,2.3765911000000415,
652,1536,crushing fork middlegame pin short,54,42,d6e5,False,0.2565991559260289,2,-0.49905189871788025,f5h6,True,0.9757142663002014,4.484440400000494,
654,1875,advantage deflection discoveredAttack discoveredCheck middlegame veryLong,45,31,g5g2,True,0.4155456823600352,1,-0.9642252326011658,g5g2,True,0.9642857313156128,3.7331335999997464,
656,1689,crushing endgame fork short,105,17,e7f7,False,0.05485916817450396,4,0.25665444135665894,b5d4,True,0.9142857193946838,5.163737199999559,
658,1647,advantage capturingDefender endgame fork long,46,41,f4c7,True,0.4354286488364733,1,-0.1041199192404747,f4c7,True,0.9757142663002014,4.62048059999961,
660,1469,master mate mateIn1 middlegame oneMove,40,42,e6d8,False,0.30849487914279305,2,0.21531923115253448,e6g7,True,0.9528571367263794,0.27848509999967064,
662,1639,advantage fork long middlegame,65,35,d7e7,True,0.7322643147947671,1,-0.5239447951316833,d7e7,True,0.9885714054107666,5.174942999999985,
664,1815,capturingDefender crushing middlegame short,36,47,f5g6,False,0.11329029008289183,4,-0.4315272867679596,c3d5,True,0.9700000286102295,4.77032010000039,
666,1638,backRankMate endgame mate mateIn2 sacrifice short,56,30,f4e6,False,0.08726828334047092,3,-0.9722716808319092,c1c8,True,0.9585714340209961,0.31177459999980783,
668,1887,endgame mate mateIn2 short,43,38,g5g4,False,0.0856913966683152,4,0.029714467003941536,f4e3,True,0.9471428394317627,0.32765870000002906,
670,1749,crushing endgame long skewer,67,35,h8h1,False,0.18373297466253896,2,-0.2576775550842285,h8h1,False,0.058571428060531616,5.1588511999998445,
672,1695,advantage fork middlegame short,48,29,h3g5,True,0.7739089617416036,1,-0.6888885498046875,h3g5,True,0.991428554058075,5.6260621000001265,
674,1502,crushing discoveredAttack discoveredCheck endgame master short,100,27,a6a5,False,0.2923171632463554,2,-0.17426417768001556,c4e6,True,0.9700000286102295,5.071598300000005,
676,1610,crushing endgame fork long,54,28,e5f6,False,0.181574619040473,2,-0.22511354088783264,f1f6,True,0.9442856907844543,5.140674100000069,
678,1651,endgame mate mateIn1 oneMove,94,31,h2h3,False,0.1748239995001951,3,-0.6320123672485352,g3g4,True,0.9714285731315613,0.2031102999999348,
680,1736,advantage clearance long middlegame trappedPiece,46,46,a2a4,False,0.06345694700863352,5,-0.6055237650871277,g1h1,True,0.9428571462631226,5.2292632999997295,
682,1751,crushing deflection endgame short,87,17,b2b4,True,0.839664058526156,1,-0.3561701774597168,b2b4,True,0.991428554058075,5.127531899999667,
684,1547,mate mateIn1 oneMove opening,25,38,h4f2,True,0.7224427952107513,1,0.08693816512823105,h4f2,True,0.9885714054107666,0.07987480000065261,
686,1571,attraction crushing endgame fork long sacrifice,61,30,c8b7,False,0.04483308187261512,6,-0.7816903591156006,c8c1,True,0.881428599357605,4.977306400000089,
688,1683,crushing kingsideAttack middlegame pin short,34,41,d5f6,True,0.48300619398482864,1,0.2826542258262634,d5f6,True,0.9628571271896362,5.061452500000087,
690,1532,backRankMate long mate mateIn3 middlegame,32,41,a4b4,True,0.8112345470710857,1,-0.8561999201774597,a4b4,True,0.9928571581840515,0.1680357000004733,
692,1480,crushing endgame fork short,53,36,e8e4,False,0.21570506116178847,2,0.22901420295238495,g3d3,True,0.9757142663002014,4.579226200000448,
694,1510,crushing long middlegame sacrifice,55,43,f3g3,False,0.12289964487703799,2,-0.6928520202636719,h5h3,True,0.9728571176528931,4.1069165999997495,
696,1876,crushing endgame queenEndgame skewer veryLong,169,25,e1h1,True,0.48907721294631923,1,0.06320321559906006,h8h7,False,0.12857143580913544,5.045488900000237,
698,1709,endgame fork mate mateIn2 short,69,36,g4d1,False,0.21088995997788446,2,0.29999443888664246,g4h3,True,0.9685714244842529,0.316962699999749,
700,1710,advantage endgame fork master short,84,22,c2a2,False,0.28928186932188465,2,-0.3091431260108948,b4d5,True,0.9728571176528931,5.0429401000001235,
702,1698,backRankMate mate mateIn2 middlegame sacrifice short,57,44,f2h2,False,0.0017273156388734525,7,-0.6311960816383362,f2h2,False,0.0,5.014389999999366,
704,1465,bishopEndgame crushing endgame short skewer,84,14,h3g4,False,0.002831476629899382,6,-0.4583789110183716,e8f7,True,0.9314285516738892,5.216999700000088,
706,1888,advantage intermezzo kingsideAttack long middlegame pin,39,50,f5f4,False,0.015073930512268805,6,0.22024127840995789,d6h2,True,0.550000011920929,5.077180499999486,
708,1595,crushing discoveredAttack hangingPiece middlegame short,49,24,e5f4,False,0.3877131517483253,2,-0.9796735048294067,f8c5,True,0.9828571677207947,5.139292300000307,
710,1630,endgame master mate mateIn2 short,75,39,c6h1,True,0.7753752974163393,1,-0.20396603643894196,c6h1,True,0.991428554058075,0.1923306999997294,
712,1526,advantage fork middlegame sacrifice veryLong,49,42,f6h5,False,0.3529750658693895,2,-0.566047191619873,b8b3,True,0.9785714149475098,3.433901500000502,
714,1524,mate mateIn1 middlegame oneMove,83,26,h3g2,True,0.968005125854587,1,0.11835786700248718,h3g2,True,0.9971428513526917,0.03835270000035962,
716,1546,long master mate mateIn3 middlegame pin sacrifice,62,39,c6e6,False,0.000755145793746159,29,-0.21840599179267883,c4f7,False,0.0,4.915665999999874,
718,1465,endgame mate mateIn2 rookEndgame short,69,21,d8d1,True,0.7014332770882046,1,0.04846230894327164,d8d1,True,0.9842857122421265,0.13385179999932006,
720,1856,crushing defensiveMove endgame hangingPiece short,89,37,c2b1,True,0.8182496481020216,1,-0.35996097326278687,c2b1,True,0.9928571581840515,2.7386623000002146,
722,1739,advancedPawn advantage attraction endgame fork promotion veryLong,73,20,d2d1q,False,0.017551094473635637,3,-0.42041638493537903,b1h1,True,0.47999998927116394,3.1801821000008204,
724,1770,advantage deflection endgame long,84,25,c1c3,False,0.004375201173281802,16,-0.3211424648761749,c1c3,False,0.012857142835855484,4.978093100000478,
726,1635,advantage middlegame pin short,48,33,c4e3,True,0.4003272468695584,1,-0.6503419876098633,c4e3,True,0.895714282989502,4.532293899999786,
728,1589,crushing fork middlegame short,60,34,f3e1,False,0.27141734231841913,2,-0.8318328261375427,c3c4,True,0.9785714149475098,5.099694100000306,
730,1821,advantage endgame fork veryLong,69,25,b4b2,True,0.9224605131820962,1,-0.5667420625686646,b4b2,True,0.9957143068313599,5.0900962000005165,
732,1789,advantage clearance fork long middlegame sacrifice,42,39,g1e2,False,0.14127560118349788,3,-0.7964679598808289,c3d5,True,0.9371428489685059,5.022259999999733,
734,1848,advancedPawn advantage endgame long promotion sacrifice,96,15,g2h3,False,0.005524915410239612,10,-0.8143201470375061,g2h3,False,0.0,5.091157100000601,
736,1639,crushing deflection long middlegame,52,36,h7g6,True,0.8770934588560305,1,0.34524834156036377,h7g6,True,0.991428554058075,5.2892289999999775,
738,1666,crushing middlegame pin short,33,29,d8g5,False,0.27016896081032155,2,0.2902543246746063,g7h6,True,0.7557142972946167,5.204623900000115,
740,1531,advantage endgame fork short,56,40,h4d4,True,0.6228037861072806,1,-0.5350687503814697,h4d4,True,0.9842857122421265,5.197984399999768,
742,1653,advantage attraction fork long middlegame,59,31,e2e1,False,0.1650488785359927,3,-0.9246030449867249,e2d2,True,0.9642857313156128,5.123975499999688,
744,1796,advantage discoveredAttack middlegame short,34,42,e4c5,False,0.30494093501096753,2,-0.29554417729377747,d3c4,True,0.9728571176528931,5.135055500000817,
746,1652,endgame master masterVsMaster mate mateIn1 oneMove,102,25,e4e5,True,0.43378455990189624,1,0.26015588641166687,e4e5,True,0.977142870426178,0.13665119999950548,
748,1733,attackingF2F7 attraction crushing deflection discoveredAttack long middlegame,36,41,e5c4,False,0.00459754331401418,20,0.5295621752738953,d1d3,False,0.0,5.141138899999532,
750,1657,endgame epauletteMate mate mateIn1 oneMove queenEndgame,86,20,f8d6,False,0.25550016668212144,2,0.42031458020210266,f8e7,True,0.9442856907844543,0.24606109999967885,
752,1622,endgame master mate mateIn1 oneMove,122,18,g6f6,False,0.049936295127626124,4,-0.6164855360984802,g6g3,True,0.9242857098579407,0.4332727999999406,
754,1535,advantage long master middlegame pin sacrifice,37,34,f5d6,False,0.012291769747141806,8,0.0425221249461174,f5d6,False,0.008571428246796131,5.097956700000395,
756,1598,crushing deflection endgame long pin,72,33,e7e8,True,0.9393374556933901,1,0.0066512953490018845,e7e8,True,0.9942857027053833,4.338792900000044,
758,1555,advantage hangingPiece middlegame short,44,38,d1d4,True,0.5250084829150863,1,-0.1461033672094345,d1d4,True,0.9814285635948181,5.169048900000234,
760,1752,advantage deflection discoveredAttack long middlegame,29,33,b7a8,False,0.31492459681678064,2,-0.8737441301345825,e5f3,True,0.9571428298950195,4.763296600000103,
762,1613,advancedPawn fork master mate mateIn2 middlegame short,57,29,h3g2,True,0.5680553707700794,1,-0.05751071497797966,h3g2,True,0.9885714054107666,0.25647529999969265,
764,1700,epauletteMate mate mateIn1 middlegame oneMove pin,62,35,d6c8,False,0.006363947154836811,21,-0.9148495197296143,d6c8,False,0.0,1.1598797000006016,
766,1839,attraction crushing endgame long,56,37,h2h7,True,0.4152477618671351,1,0.3425320088863373,h2h7,True,0.9557142853736877,4.558901200000037,
768,1636,advantage capturingDefender endgame pin short,53,35,b6c5,False,0.0038043126060425475,10,-0.413067102432251,d7d5,False,0.0,5.236838600000738,
770,1561,endgame mate mateIn2 pin short,54,40,e4e5,False,0.07253124184674052,2,-0.21371322870254517,e4g6,True,0.9457142949104309,0.33197220000056404,
772,1528,mate mateIn2 middlegame pin short,53,45,g4f4,False,0.019926162377722625,5,-0.7751217484474182,g4h3,True,0.727142870426178,1.4597572000002401,
774,1594,attraction crushing deflection endgame exposedKing long sacrifice,62,23,f7f6,False,0.07221143174645682,5,-0.008616285398602486,f7e7,True,0.949999988079071,4.603650499999276,
776,1727,advantage fork intermezzo opening short,24,45,b5c7,True,0.5688789169364206,1,-0.06261403858661652,b5c7,True,0.9757142663002014,5.007337600000028,
778,1649,crushing endgame pin short,85,23,e5d3,False,0.10413921596022542,3,-0.2513464391231537,e5c6,True,0.9614285826683044,5.006108499999755,
780,1716,crushing fork long middlegame,40,28,d1d5,False,0.2019943080228779,2,0.6645991802215576,f5f6,True,0.9457142949104309,5.1720880999992005,
782,1776,advantage fork middlegame short,28,38,c4c5,True,0.6766493580272926,1,0.22014978528022766,c4c5,True,0.9900000095367432,1.5638896000000386,
784,1484,crushing fork long middlegame,41,30,b6f2,True,0.6634849295216975,1,-0.6735279560089111,b6f2,True,0.9871428608894348,4.70048720000068,
786,1736,advantage attraction fork long middlegame,65,35,f8f1,True,0.6015929381542228,1,-0.4733107388019562,f8f1,True,0.9728571176528931,5.0843433000000005,
788,1719,advantage endgame fork long,80,23,e6e7,True,0.45562882886881806,1,-0.054901931434869766,e6e7,True,0.9714285731315613,5.126094100000046,
790,1580,crushing deflection exposedKing long middlegame,54,39,d3g6,True,0.4837182394548361,1,-0.5040764808654785,d3g6,True,0.9828571677207947,4.925031499999932,
792,1795,equality middlegame pin short,30,36,d1b1,True,0.7071703582586252,1,-0.8604808449745178,d1b1,True,0.9785714149475098,4.948928699999669,
794,1471,attraction endgame mate mateIn2 sacrifice short,42,29,f3h3,False,0.00040329290427393863,25,0.19420471787452698,f3h3,False,0.0,5.025948399999834,
796,1581,attraction mate mateIn4 middlegame sacrifice veryLong,50,43,b3c5,False,0.02953334132470831,4,0.34112805128097534,d5b7,False,0.009999999776482582,5.035088999999971,
798,1455,crushing master middlegame pin short,81,40,g6e4,False,0.20186861524450941,2,0.1428045630455017,e5d4,True,0.9385714530944824,4.3003037999997105,
800,1736,endgame fork mate mateIn4 sacrifice veryLong,67,28,e4f2,True,0.3555522629781363,1,-0.9919443130493164,e4f2,True,0.9685714244842529,1.3738855000001422,
802,1484,advantage hangingPiece middlegame short,58,43,c1a3,True,0.9971458112751808,1,0.29379770159721375,c1a3,True,0.9985714554786682,5.185184899999513,
804,1842,crushing fork opening veryLong,35,43,d8c8,False,0.3639648448643341,2,-0.8594701886177063,f5f2,True,0.9671428799629211,4.475886199999877,
806,1768,attraction long mate mateIn3 middlegame queensideAttack sacrifice,43,37,a5e1,False,0.13280537707972162,3,-0.5801039338111877,d8d1,True,0.795714259147644,1.0234738999997717,
808,1593,mate mateIn2 middlegame sacrifice short,68,42,e3e6,False,0.35876181840606874,2,-0.30200904607772827,g1g6,True,0.9800000190734863,0.21988079999937327,
810,1580,crushing fork intermezzo long middlegame pin sacrifice,43,39,e5e4,False,0.08921694819597084,2,-0.6519826650619507,g8g2,True,0.9428571462631226,3.453321799999685,
812,1521,crushing endgame long skewer,79,26,a8a2,True,0.6342392153099728,1,-0.11269909143447876,a8a2,True,0.9857142567634583,4.752559200000178,
814,1591,endgame mate mateIn2 short,40,29,f3f4,True,0.36807975683147426,1,-0.16542752087116241,f3f4,True,0.977142870426178,0.2552016999998159,
816,1665,fork mate mateIn2 middlegame short,73,17,e2c1,False,0.24457264310289392,2,-0.25456321239471436,d3e4,True,0.9700000286102295,0.43436490000021877,
818,1504,long mate mateIn3 middlegame pin,75,45,b8f8,False,0.01406419791236394,10,-0.8993450403213501,b8b2,False,0.0014285714132711291,4.280891499999598,
820,1770,crushing deflection endgame master queenEndgame short,68,24,e3f4,False,7.92264609543183e-05,23,-0.09681195020675659,e3f4,False,0.0,5.011093199999777,
822,1532,advancedPawn discoveredCheck doubleCheck endgame long mate mateIn3 promotion sacrifice,51,39,d5a5,False,0.06900535970404091,4,0.6402909755706787,d5c5,False,0.008571428246796131,5.172281899999689,
824,1483,crushing deflection middlegame short,59,39,c7c5,False,0.0008365198416132558,7,0.20591455698013306,c7d7,False,0.0,5.2766099000000395,
826,1813,advantage exposedKing long middlegame sacrifice,31,40,b6d4,True,0.8348118169650135,1,0.8119838833808899,b6d4,True,0.9885714054107666,4.963668700000198,
828,1570,crushing discoveredAttack endgame short,56,41,e7e5,False,0.02344792347506454,9,0.3379141092300415,e7e5,False,0.14000000059604645,5.293445599999359,
830,1638,advantage endgame long pin,42,34,e7d7,True,0.6973353799145532,1,-0.2618136405944824,e7d7,True,0.9885714054107666,5.127661099999386,
832,1676,advantage deflection middlegame short,49,45,d8d2,True,0.3373001536595945,1,-0.8201456069946289,d8d2,True,0.9685714244842529,5.195228599999609,
834,1584,long mate mateIn3 middlegame sacrifice,26,44,e5d6,False,0.0975108402096445,4,-0.6512727737426758,f3f8,True,0.8299999833106995,1.0455597999998645,
836,1677,endgame long mate mateIn3 operaMate sacrifice,45,31,a6f1,False,0.0024011294218553624,14,0.006156961899250746,a6f1,False,0.0,2.3615217999995366,
838,1835,crushing deflection endgame long master,74,21,f7g7,True,0.9225544841103133,1,-0.3768479526042938,f7g7,True,0.9957143068313599,3.706578199999967,
840,1889,advantage interference intermezzo middlegame short,35,47,c6d4,True,0.3868698203818707,1,-0.3537425398826599,c6d4,True,0.9585714340209961,5.25972449999972,
842,1500,crushing endgame master masterVsMaster pin short,57,34,h7h5,False,0.09336575488685844,3,-0.013845526613295078,e8e2,True,0.8642857074737549,4.845194200000151,
844,1759,advantage fork long middlegame,46,34,h4f5,False,0.24357930653229207,2,-0.222196564078331,f1f4,True,0.9685714244842529,5.088473599999816,
846,1819,endgame mate mateIn2 pin short,74,31,d4d5,False,0.0035041393468342964,19,-0.9099501371383667,c5c6,True,0.9671428799629211,0.33637240000007296,
848,1631,advantage discoveredAttack middlegame short,41,50,c2e1,False,0.07208388149872637,5,0.22577396035194397,c2e3,True,0.7671428322792053,5.1343927999996595,
850,1464,crushing discoveredAttack endgame rookEndgame short,122,18,h4h6,False,0.008643183274435758,12,-0.1895357370376587,h4h6,False,0.0,5.175487200000134,
852,1542,attraction crushing kingsideAttack long opening sacrifice,24,44,f3g5,False,0.0197194387206927,5,0.29343995451927185,d3h7,True,0.6371428370475769,4.492832000000817,
854,1693,advantage middlegame short trappedPiece,74,35,f4g3,True,0.5142537235967528,1,-0.9515653252601624,f4g3,True,0.9800000190734863,5.329086199999438,
856,1878,advancedPawn crushing deflection middlegame promotion short,69,4,b6c7,True,0.8721075417233813,1,-0.9304354786872864,b6c7,True,0.9942857027053833,4.793658799999321,
858,1863,attraction crushing long middlegame queensideAttack,50,34,d1d8,True,0.7100904231913082,1,-0.9845495820045471,d1d8,True,0.9871428608894348,2.642545799999425,
860,1751,mate mateIn2 middlegame operaMate pillsburysMate sacrifice short,64,51,c1a1,False,0.0035984482730707194,15,0.7283188700675964,d4e3,False,0.0,5.0074522000004436,
862,1827,deflection endgame equality long,87,20,e7c7,False,0.003921291416874702,7,-0.8907153606414795,e7c7,False,0.0,5.05673090000073,
864,1537,crushing endgame fork short,55,39,f8d8,False,0.28818368847359416,2,-0.05044977739453316,g5d5,True,0.9657142758369446,5.150598600000194,
866,1589,endgame mate mateIn2 short,58,26,b8b7,True,0.9165188457367339,1,0.26500818133354187,b8b7,True,0.9928571581840515,0.16688979999980802,
868,1540,advantage fork opening short,21,34,d8a5,True,0.7522455013941539,1,0.034145135432481766,d8a5,True,0.9885714054107666,5.170112199999494,
870,1811,advancedPawn advantage deflection endgame master pin promotion rookEndgame short,84,24,a6f6,False,0.007668491914078437,11,0.330532968044281,a6f6,False,0.0,5.156071499999598,
872,1764,advantage hangingPiece middlegame veryLong,46,2,c1c2,True,0.9708775494394777,1,-0.052101295441389084,c1c2,True,0.9985714554786682,5.097944899999675,
874,1748,crushing master middlegame pin short,60,47,a1e1,False,0.16924250075598138,2,0.05196360871195793,a1e1,False,0.11857143044471741,4.949441900000238,
876,1633,advantage fork master middlegame short,40,37,f3g4,True,0.4401793700070307,1,-0.16684384644031525,f3g4,True,0.8500000238418579,5.152680500000315,
878,1582,advantage endgame fork long sacrifice,48,28,d5d8,False,0.007816718408838097,6,0.14606551826000214,d5d8,False,0.0,5.207227400000193,
880,1863,advantage discoveredAttack middlegame short,49,29,e7f8,False,0.11303327473686935,3,0.08154819160699844,c8h3,True,0.9628571271896362,5.0903644999998505,
882,1612,crushing defensiveMove endgame hangingPiece knightEndgame short,91,12,c5d6,True,0.9371361087921092,1,0.04626839607954025,c5d6,True,0.9985714554786682,5.004331399999501,
884,1614,crushing endgame fork master short skewer,71,26,f3c3,True,0.8165521151453153,1,-0.6345551609992981,f3c3,True,0.9942857027053833,4.990121300000283,
886,1713,advantage fork long opening,11,38,a6a5,False,0.2244004266555255,2,-0.07320857793092728,d8f6,True,0.9485714435577393,5.158661099999335,
888,1578,endgame mate mateIn2 short,69,35,h4e1,True,0.8000511808291324,1,0.8475363850593567,h4e1,True,0.9928571581840515,0.18224230000032549,
890,1472,advantage endgame fork long master,49,33,e5d4,False,0.10989181102743312,3,-0.629834771156311,e2e1,True,0.6657142639160156,3.2411247000000003,
892,1654,advantage endgame fork short,87,33,e5e4,True,0.2638396424405498,1,-0.7381312251091003,e5e4,True,0.9757142663002014,4.348023600000488,
894,1572,advantage opening short trappedPiece,28,32,f7b7,True,0.5954752049323171,1,0.043865010142326355,f7b7,True,0.9828571677207947,5.079483400000754,
896,1504,clearance deflection fork long mate mateIn3 middlegame sacrifice,36,49,g3f3,False,0.0046814521896016295,9,-0.37863925099372864,g3f3,False,0.0,5.16389430000072,
898,1573,crushing deflection endgame rookEndgame short,77,24,d6c6,False,0.011109821607627933,6,-0.5913940072059631,d6c6,False,0.23571428656578064,5.1794927999999345,
900,1811,advantage middlegame pin short,58,35,g7c7,True,0.34739760294528266,1,-0.5780061483383179,g7c7,True,0.8485714197158813,5.089979800000037,
902,1727,advantage long middlegame trappedPiece,23,30,c7c5,True,0.6122692694395909,1,0.024767881259322166,c7c5,True,0.9614285826683044,5.0941296000000875,
904,1746,advantage fork middlegame short,77,48,c7c2,True,0.780874693834971,1,0.29758939146995544,c7c2,True,0.9928571581840515,4.513756499999545,
906,1545,crushing deflection endgame short skewer,107,24,c8d8,True,0.48523172997034225,1,-0.7579178214073181,c8d8,True,0.9528571367263794,5.195228900000075,
908,1749,crushing defensiveMove hangingPiece long middlegame,28,35,b1c3,False,0.12247780441469702,4,0.37107837200164795,d4c5,True,0.9571428298950195,5.271478299999217,
910,1524,endgame mate mateIn2 short,68,27,f7e8,True,0.9301443966562386,1,-0.052317094057798386,f7e8,True,0.9971428513526917,0.14810140000008687,
912,1647,crushing long middlegame trappedPiece,41,51,d7e6,False,0.08007364903158651,3,0.40373295545578003,d7e6,False,0.009999999776482582,5.071086199999627,
914,1701,mate mateIn1 middlegame oneMove operaMate,50,44,f1f8,True,0.4003491887999846,1,0.03622521832585335,f1f8,True,0.9785714149475098,0.1317187999993621,
916,1817,advancedPawn attraction crushing endgame long promotion,67,31,d3d2,True,0.5090735297340434,1,0.3472104072570801,c4b5,False,0.25999999046325684,5.086406500000521,
918,1814,advantage endgame fork long quietMove,53,23,c3d4,False,0.04926379000446542,4,-0.7685569524765015,b8d8,True,0.9228571653366089,4.952181999999993,
920,1832,advantage long middlegame sacrifice,36,43,d1c1,False,0.10751222756855663,2,0.24945928156375885,c3e4,True,0.8757143020629883,5.215176799999426,
922,1840,crushing hangingPiece long middlegame,31,48,d8d3,True,0.5623399049156468,1,0.551607072353363,d8d3,True,0.9842857122421265,5.033119499999884,
924,1460,crushing defensiveMove endgame hangingPiece long,128,2,h2g2,True,0.989491728393264,1,-0.04542386159300804,h2g2,True,0.9985714554786682,4.798276200000146,
926,1453,mate mateIn2 middlegame short,50,42,b5c6,True,0.6224713609755037,1,-0.268964558839798,b5c6,True,0.9728571176528931,4.624534200000198,
928,1854,crushing endgame exposedKing fork long,63,30,d8h4,False,0.09935901611799053,2,-0.6213997602462769,d8b6,True,0.9628571271896362,2.9114266000005955,
930,1545,mate mateIn2 middlegame pin queensideAttack short,38,34,a6b7,False,0.00429323610757205,12,-0.8073945045471191,h1d1,False,0.0,4.902907700000469,
932,1668,advantage exposedKing fork long opening,17,32,e7e6,False,0.06859642047914206,6,-0.0666196271777153,c6b5,True,0.5071428418159485,5.259006399999635,
934,1557,endgame mate mateIn1 morphysMate oneMove,85,32,h2g2,False,0.09110493390943064,2,-0.7622236013412476,c8f5,True,0.9657142758369446,0.195317900000191,
936,1691,advantage fork long middlegame,27,53,e4d3,False,0.08443620910694594,3,-0.6508508324623108,d4c2,True,0.9571428298950195,5.039462900000217,
938,1616,attraction discoveredAttack kingsideAttack mate mateIn2 middlegame short,42,41,g6h7,True,0.42612599151394764,1,-0.8165907859802246,g6h7,True,0.977142870426178,0.38954020000073797,
940,1735,advantage fork long middlegame,44,40,g4f6,True,0.3551110193690905,1,-0.7438821792602539,g4f6,True,0.9800000190734863,4.638288099999954,
942,1898,advantage endgame hangingPiece short,59,20,g8g6,True,0.7798920731004877,1,-0.06429982930421829,g8g6,True,0.9900000095367432,2.9311502999998993,
944,1636,crushing endgame intermezzo long pin sacrifice skewer,71,31,c6c1,False,0.0017538094136850585,20,0.07197611778974533,c6c1,False,0.0,5.071516799999699,
946,1817,advantage discoveredAttack long middlegame,45,46,b7b6,False,0.12251227177613826,4,-0.09023467451334,b7b6,False,0.037142857909202576,5.487416100000701,
948,1651,crushing endgame hangingPiece master short,92,16,g3h4,True,0.4689436511616373,1,-0.0223710797727108,g3h4,True,0.9342857003211975,5.075883399999839,
950,1666,crushing defensiveMove endgame sacrifice short,110,12,e2g3,True,0.6241864149633337,1,0.13037510216236115,e2g3,True,0.949999988079071,4.617102500000328,
952,1549,endgame mate mateIn2 short,72,30,d6f6,True,0.9099124295662433,1,-0.06261730939149857,d6f6,True,0.9942857027053833,0.08190899999954127,
954,1795,crushing deflection kingsideAttack middlegame short,62,30,c2c3,False,0.27743774043837655,2,-0.5925778746604919,b3e6,True,0.9657142758369446,4.736350900000616,
956,1483,crushing endgame fork short,90,24,a6c8,True,0.4177699376515331,1,-0.8182488679885864,a6c8,True,0.977142870426178,4.9842656999999235,
958,1513,endgame mate mateIn2 short,67,24,e1c3,True,0.9115948829343169,1,-0.2508419454097748,e1c3,True,0.9971428513526917,0.08765579999999318,
960,1689,kingsideAttack mate mateIn2 middlegame short,53,38,h4f2,True,0.8205841827406094,1,-0.5192523002624512,h4f2,True,0.991428554058075,0.11720189999959985,
962,1465,crushing fork middlegame short,44,40,h3e6,True,0.4212214059827695,1,-0.22428539395332336,h3e6,True,0.977142870426178,5.190644700000121,
964,1704,crushing endgame fork long sacrifice,57,32,h5h4,False,1.1241128212489682e-05,32,-0.29716888070106506,h5h4,False,0.0,5.096795000000384,
966,1756,advantage endgame pin short,51,50,e8e3,False,0.05874264096903134,5,0.14760684967041016,e8f8,False,0.0657142847776413,5.108046299999842,
968,1670,crushing fork opening short,20,43,e2b5,True,0.6163177652208972,1,-0.056793056428432465,e2b5,True,0.9814285635948181,5.10404650000055,
970,1457,endgame mate mateIn2 short,120,18,a7a6,False,0.18795596057320602,2,0.10402249544858932,g4g5,True,0.9585714340209961,0.25210100000003877,
972,1475,advantage endgame master short xRayAttack,76,4,g1h1,False,0.11959314996185678,4,-0.5125775337219238,b3e3,True,0.9571428298950195,5.0519413000001805,
974,1828,crushing kingsideAttack master middlegame pin short,37,34,g8g7,False,0.08090668503841368,3,0.24112170934677124,h4g3,True,0.9428571462631226,4.673758800000542,
976,1526,mate mateIn1 middlegame oneMove,68,36,c6a6,False,0.10265702890111045,4,-0.026735180988907814,c6e8,True,0.9700000286102295,0.17575630000010278,
978,1639,attraction clearance crushing endgame long pin,74,34,d3d5,True,0.5938822565708868,1,-0.4728879928588867,d3d5,True,0.9371428489685059,5.055774999999812,
980,1581,crushing endgame fork short,51,43,d5c4,False,0.34485126452056164,2,-0.2017415463924408,f4e2,True,0.949999988079071,4.988247399999636,
982,1703,kingsideAttack mate mateIn1 middlegame oneMove pin,27,48,d5g2,True,0.42709504344405724,1,0.18387071788311005,d5g2,True,0.9342857003211975,0.3942038999994111,
984,1592,endgame mate mateIn2 short,78,30,h5g6,True,0.41669114565219817,1,-0.5465896725654602,h5g6,True,0.9785714149475098,0.19124509999983275,
986,1455,mate mateIn1 middlegame oneMove,30,52,c2h7,True,0.5473456630793118,1,0.326803594827652,c2h7,True,0.9814285635948181,0.1244966000003842,
988,1481,advantage capturingDefender middlegame short,23,51,g6h4,False,0.17227484530037943,2,-0.010064455680549145,g4f3,True,0.9385714530944824,5.031094299999495,
990,1711,discoveredCheck doubleCheck mate mateIn2 middlegame short,45,33,d7f6,False,0.11089152540513673,3,-0.9774102568626404,d7b6,True,0.8928571343421936,0.7489731999994547,
992,1729,advantage deflection middlegame short,49,32,g7g5,True,0.3422240366481759,1,-0.27471601963043213,g7g5,True,0.9757142663002014,5.221595899999556,
994,1479,hangingPiece long mate mateIn3 middlegame,50,34,c7d6,True,0.7358380841402634,1,-0.6938887238502502,c7d6,True,0.991428554058075,0.21780149999995047,
996,1538,discoveredCheck doubleCheck fork mate mateIn2 middlegame short,56,36,h6f7,True,0.9104346602570095,1,0.4938820004463196,h6f7,True,0.9942857027053833,0.11840049999955227,
998,1584,advantage fork middlegame short,20,46,d5c7,True,0.7696596643977409,1,-0.27269861102104187,d5c7,True,0.9928571581840515,5.073732699999709,
1000,1828,advancedPawn mate mateIn2 middlegame sacrifice short,43,27,c2d3,True,0.2512183207265778,1,-0.9951633214950562,c2d3,True,0.9728571176528931,0.22886560000006284,
1002,1737,attraction crushing defensiveMove endgame fork veryLong,68,8,f2f3,True,0.5269831891917826,1,0.10847589373588562,f2f3,True,0.7599999904632568,4.8660777999994025,
1004,1672,advantage fork middlegame pin short,33,38,g4f3,False,0.06045090595745306,3,0.40720680356025696,d4e2,True,0.9142857193946838,5.061951399999998,
1006,1799,advantage clearance intermezzo opening sacrifice veryLong,39,42,d8d6,False,0.11805912011222454,3,-0.7216777205467224,f6g4,True,0.9614285826683044,5.147933199999898,
1008,1549,endgame mate mateIn2 rookEndgame short,72,31,e6b6,True,0.28220968335485763,1,-0.9081830382347107,e6b6,True,0.9714285731315613,0.29773130000012316,
1010,1769,crushing deflection endgame long queenEndgame skewer,93,24,d1d2,False,0.32015188286911794,2,-0.39950457215309143,d1d2,False,0.11857143044471741,5.054102199999761,
1012,1534,mate mateIn1 middlegame oneMove,50,41,f4f6,True,0.6739256488810285,1,0.4865972101688385,f4f6,True,0.9842857122421265,0.0956095000001369,
1014,1464,crushing fork long middlegame,36,29,h3g4,False,0.3010053168314578,2,0.2837701141834259,d1f3,True,0.9557142853736877,5.00707919999968,
1016,1635,endgame mate mateIn2 queenEndgame short,68,19,f6f8,True,0.4400372417013183,1,0.3803495168685913,f6f8,True,0.9700000286102295,0.2890396000002511,
1018,1670,endgame mate mateIn2 short,106,26,h6h5,False,0.17656035640997902,3,-0.08365312218666077,d4b3,True,0.9599999785423279,0.3929588999999396,
1020,1793,crushing endgame fork long,77,32,g2g1,True,0.5382210714414473,1,-0.06520232558250427,g2g1,True,0.9785714149475098,5.010626300000695,
1022,1555,advantage endgame master short trappedPiece,47,34,h7h5,False,0.15909232941336862,3,0.20016179978847504,b8a8,True,0.9328571557998657,5.017893600000207,
1024,1464,advantage fork long master middlegame,82,46,d1f1,False,0.37325240766696155,2,-0.4223238527774811,a8d5,True,0.9685714244842529,4.922621799999433,
1026,1552,advantage discoveredAttack middlegame short,40,43,h4e4,False,0.16320428007796614,2,0.25678330659866333,d5e7,True,0.9442856907844543,5.131397400000424,
1028,1757,fork mate mateIn2 middlegame short,65,20,a4b3,False,0.11338725319762305,4,-0.997280478477478,a4a3,True,0.9685714244842529,0.26446579999992537,
1030,1563,crushing endgame long skewer,56,26,f8g8,True,0.8070716298450297,1,-0.039337921887636185,f8g8,True,0.991428554058075,3.3512566999997944,
1032,1797,crushing opening short trappedPiece,23,46,f5c2,True,0.6828085513027597,1,0.5642396211624146,f5c2,True,0.9828571677207947,5.156008400000246,
1034,1652,advantage fork middlegame short,59,38,a8c8,False,0.08120945060689656,2,-0.5606368780136108,e7c7,True,0.9628571271896362,5.050927799999954,
1036,1656,attackingF2F7 crushing fork long middlegame sacrifice,41,41,f4d4,False,0.006443353821680266,5,0.11615939438343048,f4f6,False,0.0,4.985884699999588,
1038,1898,deflection discoveredAttack kingsideAttack mate mateIn2 middlegame pin short,44,43,f1a1,False,0.032203940187155056,3,-0.39857304096221924,f5h6,True,0.8628571629524231,0.8364407999997638,
1040,1651,crushing deflection master middlegame short,57,40,c2e4,True,0.5605061622092904,1,-0.41867226362228394,c2e4,True,0.977142870426178,5.026511300000493,
1042,1635,advantage endgame fork long,63,29,c8c1,True,0.6900516951077609,1,-0.5033434629440308,c8c1,True,0.9857142567634583,4.45189449999998,
1044,1565,endgame mate mateIn2 operaMate short,62,23,f1f8,True,0.42557494207208113,1,-0.8029403686523438,f1f8,True,0.9814285635948181,0.2529420000000755,
1046,1711,mate mateIn1 oneMove opening,16,40,f1b5,False,0.18807341602337624,2,0.05353238433599472,e5b5,True,0.9671428799629211,0.1888716999992539,
1048,1690,crushing defensiveMove deflection long middlegame,59,3,c6d5,True,0.722648455611724,1,-0.25975364446640015,c6d5,True,0.5042856931686401,4.9122864000000845,
1050,1468,crushing fork long opening,14,36,f3h5,True,0.693772558596037,1,0.029654596000909805,f3h5,True,0.9857142567634583,4.6626390999999785,
1052,1687,endgame fork mate mateIn2 short,92,27,c7b5,True,0.6701860151575889,1,-0.9373911619186401,c7b5,True,0.9871428608894348,0.21811189999971248,
1054,1474,endgame master mate mateIn1 oneMove rookEndgame,51,33,d3h3,True,0.3333117120664992,1,-0.37661951780319214,d3h3,True,0.9757142663002014,0.13383199999952922,
1056,1835,advantage fork long middlegame sacrifice,45,42,f5g4,False,0.19987866027329348,2,0.24105434119701385,d5c3,True,0.9671428799629211,4.956956400000308,
1058,1775,advantage fork middlegame short,39,40,g4h2,True,0.6082683830502126,1,-0.10100161284208298,g4h2,True,0.9800000190734863,5.068366100000276,
1060,1693,advantage endgame long quietMove rookEndgame skewer,70,25,g1g2,False,0.03814076675627377,5,-0.8915697932243347,c3h3,True,0.8857142925262451,3.647980099999586,
1062,1713,crushing long middlegame pin quietMove,39,33,c6c5,True,0.86173353215651,1,-0.9464536905288696,c6c5,True,0.9942857027053833,4.734292699999969,
1064,1614,attackingF2F7 crushing deflection discoveredAttack master opening short,22,39,d5c6,False,0.1320186279898759,3,0.07698197662830353,d5f7,True,0.9628571271896362,5.177727000000232,
1066,1783,clearance kingsideAttack mate mateIn2 middlegame sacrifice short,42,39,b3c4,False,0.0044931732053833376,14,-0.19845543801784515,e4d6,False,0.0,3.1590032000003703,
1068,1472,crushing fork middlegame short,35,43,f5e4,False,0.26300747070247454,2,0.2791520655155182,d5e4,True,0.9214285612106323,4.993672399999923,
1070,1832,crushing endgame master pin short,119,15,f2f3,False,0.2520540067944925,2,-0.09535903483629227,g2f1,True,0.949999988079071,5.3748099000004,
1072,1837,crushing discoveredAttack discoveredCheck middlegame short,57,32,h4g3,True,0.8826493976241722,1,-0.8231896758079529,h4g3,True,0.9942857027053833,2.819657500000176,
1074,1739,crushing fork opening short,30,45,h2h3,False,0.06296245832735628,4,0.13836795091629028,d1a4,True,0.9485714435577393,4.8567622999999,
1076,1462,advantage attraction kingsideAttack middlegame sacrifice veryLong,39,43,e6f5,False,0.000615503623425276,23,-0.1590305119752884,e6h3,False,0.0,4.671304500000588,
1078,1525,advantage endgame fork short,62,31,f3e5,True,0.3744813601628073,1,-0.1271038055419922,f3e5,True,0.9800000190734863,5.009774500000276,
1080,1812,advantage capturingDefender endgame master short,59,38,d6d4,True,0.41187476079926927,1,-0.050558868795633316,d6d4,True,0.918571412563324,4.9928407999996125,
1082,1827,advantage long master middlegame trappedPiece,44,33,f1h1,True,0.5989130374074629,1,-0.9383963942527771,f1h1,True,0.9842857122421265,2.707095599999775,
1084,1811,advantage fork middlegame short,29,44,e6a2,False,0.04258489303644578,4,-0.23333652317523956,e6a2,False,0.43714284896850586,4.817604000000756,
1086,1497,attraction crushing endgame long pawnEndgame quietMove zugzwang,77,6,a5a4,True,0.43818692034228623,1,-0.5248721241950989,a5a4,True,0.9785714149475098,5.0984626999998,
1088,1466,anastasiaMate attraction kingsideAttack long mate mateIn3 middlegame sacrifice,44,37,f5f6,False,0.005805410514149341,21,-0.908271074295044,b2b3,False,0.0,4.480242900000121,
1090,1887,crushing endgame long pin,59,37,g8g7,False,0.11196663439719015,4,0.0011827528942376375,e5e1,True,0.9214285612106323,4.683358299999782,
1092,1545,attraction kingsideAttack mate mateIn2 middlegame sacrifice short,49,46,g6g1,False,0.0005312988053477777,27,0.007132628001272678,d6e6,False,0.0,5.132680099999561,
1094,1562,advantage endgame pin veryLong,57,30,g7d4,True,0.613889367906214,1,-0.7677320241928101,g7d4,True,0.9671428799629211,4.929168699999536,
1096,1853,advantage defensiveMove hangingPiece middlegame short,32,2,h1g2,True,0.99804181666014,1,-0.21828468143939972,h1g2,True,1.0,4.971938100000443,
1098,1683,mate mateIn1 middlegame oneMove pin,65,36,f6f5,False,0.00014138333051058884,30,0.05093914270401001,h6h5,False,0.0,4.989196000000447,
1100,1648,advantage capturingDefender fork long middlegame sacrifice,41,31,f6g5,False,0.04254261037317715,4,-0.6742296814918518,h5h2,True,0.7928571701049805,4.058930899999723,
1102,1546,advantage deflection endgame long,100,34,f4d2,False,0.034305081622269626,6,-0.1269475519657135,f4a4,False,0.07999999821186066,4.2812997000000905,
1104,1863,advancedPawn advantage kingsideAttack middlegame pin short,57,41,e3f2,True,0.32532445030203155,1,0.16673968732357025,e3f2,True,0.9700000286102295,4.227235100000144,
1106,1732,crushing middlegame pin short,23,43,f5h3,True,0.4606543595691453,1,0.7187157869338989,f5h3,True,0.9685714244842529,3.043666200000189,
1108,1539,crushing endgame long rookEndgame skewer,137,18,c5c6,True,0.3365845507644036,1,-0.004158889874815941,c5c6,True,0.9628571271896362,2.91227759999947,
1110,1783,mate mateIn2 middlegame short,52,29,a1g1,True,0.4047406793118401,1,-0.15272767841815948,a1g1,True,0.5985714197158813,4.201400000000831,
1112,1628,crushing master middlegame pin short,85,40,e3e1,False,0.23566344199264583,2,0.22875165939331055,c2c1,True,0.9585714340209961,4.279887699999563,
1114,1472,advantage fork middlegame short,39,29,a6c5,True,0.7031188620368993,1,-0.03518647700548172,a6c5,True,0.9857142567634583,4.367271699999947,
1116,1862,advancedPawn crushing deflection endgame long promotion rookEndgame,80,20,b6b7,True,0.8129836480537224,1,-0.14716054499149323,b6b7,True,0.9528571367263794,4.399008299999878,
1118,1623,attraction crushing endgame short,89,44,c1g1,False,0.026421979675901004,8,-0.21823541820049286,c7g3,True,0.7114285826683044,3.6323914999993576,
1120,1751,attraction crushing discoveredAttack kingsideAttack long middlegame sacrifice,49,44,d5f4,False,0.02472774905609944,5,0.6087245941162109,g8g2,True,0.808571457862854,4.770464800000809,
1122,1734,crushing endgame fork veryLong,122,25,d3f5,True,0.3587226583880924,1,-0.4539797008037567,d3f5,True,0.9814285635948181,4.279688699999497,
1124,1622,crushing endgame fork short,84,26,g4e4,True,0.42677730007342934,1,0.09419889748096466,g4e4,True,0.9714285731315613,5.063246900000195,
1126,1541,advantage hangingPiece long middlegame,50,45,e6c6,True,0.9220235928510863,1,0.5822920799255371,e6c6,True,0.9942857027053833,5.12632880000001,
1128,1587,crushing middlegame pin short trappedPiece,24,43,d4g7,True,0.8235406784939353,1,0.2828889489173889,d4g7,True,0.9642857313156128,4.707555100000718,
1130,1751,advantage hangingPiece middlegame short,25,43,e5a1,True,0.9279606384324866,1,0.4087728261947632,e5a1,True,0.9971428513526917,4.299128199999359,
1132,1472,endgame master mate mateIn1 oneMove pin,73,29,e4d5,False,1.389770136417442e-05,24,0.06616552174091339,e4c2,False,0.0,4.28611170000022,
1134,1664,capturingDefender crushing opening short,38,49,g6e8,True,0.3634016714554479,1,-0.2968332767486572,g6e8,True,0.9757142663002014,4.377660199999809,
1136,1632,master mate mateIn2 middlegame pin short,40,31,g4h6,False,0.39973939930695174,2,-0.06495785713195801,g4f6,True,0.9785714149475098,0.25993599999947037,
1138,1745,crushing deflection endgame master short,68,46,d1d8,False,0.006357370241592655,8,0.595067024230957,d1d8,False,0.0,4.145534700000098,
1140,1603,endgame mate mateIn2 sacrifice short,69,40,h5h3,True,0.31036211563217597,1,-0.8705874085426331,h5h3,True,0.977142870426178,0.15139599999929487,
1142,1456,clearance kingsideAttack long mate mateIn3 middlegame sacrifice,41,46,g3f1,False,0.0014350014867441363,21,-0.697900652885437,g3e4,False,0.0,2.817137300000468,
1144,1560,kingsideAttack master mate mateIn2 middlegame pin short,46,37,f6g7,False,0.052308285671299706,5,-0.1631261706352234,d2h6,True,0.9300000071525574,0.3165429000000586,
1146,1678,crushing exposedKing long middlegame skewer,43,34,e7f6,False,0.0006940363611661211,8,0.018596788868308067,e7f6,False,0.0,4.326383600000554,
1148,1818,advancedPawn kingsideAttack mate mateIn2 middlegame promotion short,45,36,f2f1,False,0.010532131078240302,8,-0.9972915053367615,f2f1,False,0.16857142746448517,2.4773200999998153,
1150,1752,advancedPawn deflection discoveredAttack discoveredCheck endgame exposedKing mate mateIn5 promotion swallowstailMate veryLong,69,23,h4h1,True,0.7047007455422791,1,-0.2981259822845459,h4h1,True,0.9900000095367432,0.2788253999997323,
1152,1714,advantage middlegame pin short,34,37,e3h6,True,0.3216943877725408,1,0.12776607275009155,e3h6,True,0.8128571510314941,5.10831539999981,
1154,1645,crushing fork long middlegame sacrifice,44,33,g1g4,True,0.4665154998983291,1,-0.3996897339820862,g1g4,True,0.9785714149475098,5.042934500000229,
1156,1886,crushing endgame skewer veryLong,58,27,f4h6,False,0.20955925739568027,2,0.04039157181978226,f4e5,True,0.9085714221000671,5.056130799999664,
1158,1502,kingsideAttack mate mateIn1 middlegame oneMove,55,51,d6h2,True,0.8522064334271887,1,0.7111653685569763,d6h2,True,0.9928571581840515,0.07144189999962691,
1160,1716,advantage endgame fork long,71,20,h3e3,False,0.1029406804878911,3,-0.8946444988250732,h3h1,True,0.9599999785423279,5.144138300000122,
1162,1485,kingsideAttack mate mateIn2 middlegame short,42,55,d5f6,True,0.7489885813771061,1,0.07770820707082748,d5f6,True,0.991428554058075,0.1444300999992265,
1164,1549,crushing endgame long pin,42,20,f1b5,True,0.8083596458181326,1,-0.0057172225788235664,f1b5,True,0.9442856907844543,4.310287599999356,
1166,1511,advantage deflection middlegame short,31,41,a8d8,True,0.5087940824434704,1,-0.3032498061656952,a8d8,True,0.9757142663002014,4.327960699999494,
1168,1787,endgame intermezzo long mate mateIn3 pillsburysMate,77,35,c8c1,False,0.014607004043769476,2,-0.12772692739963531,c8c1,False,0.0014285714132711291,4.211374999999862,
1170,1628,crushing long middlegame pin,49,31,e7e4,True,0.999372419874611,1,-0.3789174258708954,e7e4,True,0.9985714554786682,4.360591999999997,
1172,1476,endgame mate mateIn2 short,106,24,d2d8,False,0.2407099317569156,2,0.1571892648935318,d2e1,True,0.9614285826683044,0.28700990000015736,
1174,1885,attraction crushing deflection middlegame short,35,46,c2d3,False,0.09363485772409885,4,0.20173379778862,e8e2,True,0.9128571152687073,4.2306368999998085,
1176,1632,crushing middlegame sacrifice short,34,41,a1e1,False,0.0036005482522543635,18,-0.5149760246276855,a1e1,False,0.0,4.351363400000082,
1178,1627,advantage long middlegame pin,33,27,d7d5,True,0.4957073671912073,1,0.02061527408659458,d7d5,True,0.949999988079071,4.8068896000004315,
1180,1735,attraction crushing fork long middlegame sacrifice,55,47,b4b3,False,0.0006229699067486881,29,0.19382503628730774,b4b3,False,0.0,4.628611099999944,
1182,1550,mate mateIn2 middlegame short,46,44,d1d8,True,0.8193909634070545,1,-0.05790400877594948,d1d8,True,0.9942857027053833,0.10644400000001042,
1184,1673,advantage deflection middlegame pin short skewer,52,39,h3h6,False,0.18350756025820966,2,-0.8934719562530518,h3h7,True,0.9700000286102295,4.766940100000284,
1186,1678,advantage deflection middlegame short,51,40,d6g6,False,0.0033040809933225575,11,-0.6900187730789185,d6g6,False,0.0,5.075427300000229,
1188,1705,mate mateIn2 middlegame short,58,42,c6d7,False,0.004732574166525453,4,-0.5882000923156738,c6d7,False,0.0,4.445488399999704,
1190,1768,advantage endgame long sacrifice,63,20,c7d8,False,0.09620188990165467,3,-0.8995935916900635,c7b8,False,0.0357142873108387,5.101327100000162,
1192,1717,attraction hookMate long mate mateIn3 middlegame sacrifice,38,48,d4g4,False,0.00016022946288003426,32,0.5589972734451294,d4f4,False,0.0,4.304291000000376,
1194,1715,advantage hangingPiece middlegame short,49,36,c2c5,True,0.7475404092451885,1,0.18722280859947205,c2c5,True,0.9900000095367432,4.318799599999693,
1196,1731,mate mateIn2 middlegame short,26,41,c1h6,True,0.5049894826682697,1,-0.03816238045692444,c1h6,True,0.9800000190734863,0.16967199999999139,
1198,1634,attraction crushing fork long master middlegame,42,43,e4e8,True,0.7706955922135219,1,-0.42949384450912476,e4e8,True,0.991428554058075,4.326934499999879,
1200,1603,advantage discoveredAttack long middlegame,33,35,e6c8,False,0.1933103507518085,3,-0.16722692549228668,e6d5,True,0.9657142758369446,4.6302554999992935,
1202,1594,kingsideAttack long mate mateIn3 middlegame pin sacrifice,29,44,d8e8,False,5.279530252311027e-05,42,-0.1394263654947281,d8e8,False,0.0,4.365286799999922,
1204,1885,advantage endgame exposedKing fork long,83,32,a5a4,False,0.21209470939684086,2,-0.6783846616744995,d5d4,True,0.9514285922050476,4.315451100000246,
1206,1573,deflection mate mateIn2 middlegame pin short,55,30,g6g3,True,0.6611315101174382,1,-0.9898486137390137,g6g3,True,0.9871428608894348,0.13888040000074398,
1208,1540,anastasiaMate attraction kingsideAttack mate mateIn4 middlegame sacrifice veryLong,55,41,b7d5,False,0.11805845959215981,2,-0.42575252056121826,b7d5,False,0.3757142722606659,3.2095179999996617,
1210,1526,endgame mate mateIn2 short,104,36,f3f7,True,0.7890353593946727,1,-0.27008429169654846,f3f7,True,0.9957143068313599,0.08197519999976066,
1212,1859,advantage discoveredAttack opening short,35,31,e7f5,True,0.5217744516823508,1,-0.5467837452888489,e7f5,True,0.9757142663002014,5.063214200000402,
1214,1734,advantage fork middlegame short,29,41,e6d5,False,0.23546205796138273,2,0.06450746208429337,d6d5,True,0.9528571367263794,4.77690530000018,
1216,1696,advantage deflection endgame fork long pin skewer,63,35,g1e3,False,0.2717196418969011,2,-0.8334202766418457,g1f1,True,0.9814285635948181,5.125362200000382,
1218,1552,endgame mate mateIn1 oneMove queenEndgame,90,21,e8e5,True,0.7711468227385108,1,0.2721201181411743,e8e5,True,0.9871428608894348,0.08986259999983304,
1220,1623,long mate mateIn3 middlegame pillsburysMate sacrifice,62,49,d4e5,False,4.020770660515376e-05,46,-0.2022174447774887,d4e5,False,0.0,5.07520999999997,
1222,1627,crushing deflection endgame rookEndgame short,107,13,c8d8,True,0.6800523213327029,1,-0.12147258967161179,c8d8,True,0.9857142567634583,5.084338300000127,
1224,1774,bishopEndgame crushing deflection endgame master short,57,20,d6c5,False,0.0010332958041985429,19,0.21478614211082458,d6c7,False,0.0,5.126000899999781,
1226,1831,crushing endgame exposedKing fork long,55,28,f6h6,True,0.4419328881143742,1,-0.07368762791156769,f6h6,True,0.9642857313156128,4.670275899999979,
1228,1796,crushing master middlegame sacrifice short,57,42,e5f3,True,0.7034276034946357,1,0.48590150475502014,e5f3,True,0.9828571677207947,2.5962742000001526,
1230,1625,crushing endgame master rookEndgame short skewer,69,18,d3d2,False,0.011099685072590432,4,0.027597643435001373,d3d2,False,0.2557142972946167,4.660241300000052,
1232,1568,advantage deflection endgame short,60,39,f6c6,False,0.2326597279994376,2,-0.19604013860225677,d1d8,True,0.9685714244842529,4.603439200000139,
1234,1738,endgame mate mateIn1 oneMove,73,17,g5g4,True,0.8619137848237541,1,0.10256918519735336,g5g4,True,0.9942857027053833,0.0751935999996931,
1236,1537,attraction discoveredAttack long mate mateIn3 middlegame sacrifice,46,38,e4g4,True,0.9058641641422958,1,0.45843541622161865,e4g4,True,0.8471428751945496,4.378396500000235,
1238,1516,attraction crushing endgame fork long rookEndgame sacrifice,94,13,e4e3,False,0.0031661435841003377,12,0.0058799972757697105,e4e5,False,0.0,4.600154600000678,
1240,1458,crushing long middlegame pin sacrifice,37,38,d6d2,True,0.34539557144986804,1,-0.3681114614009857,d6d2,True,0.9442856907844543,4.490876500000013,
1242,1496,crushing discoveredAttack discoveredCheck endgame short,89,23,f3c3,False,0.013642679567375304,7,-0.04636341705918312,f3c3,False,0.0014285714132711291,4.315939400000389,
1244,1579,advantage discoveredAttack long middlegame,65,33,c8e6,False,0.16753075331546882,2,0.6495172381401062,b3a2,True,0.9642857313156128,4.428999200000362,
1246,1491,advantage middlegame short skewer,77,32,f7f8,False,0.17570123054185366,2,-0.40311986207962036,c8g4,True,0.9628571271896362,4.152169599999979,
1248,1717,advantage capturingDefender intermezzo middlegame pin short,30,33,f3e5,False,0.02822272929381332,5,-0.4605339765548706,a1f6,True,0.8357142806053162,5.154365500000495,
1250,2296,crushing long middlegame pin,64,36,e5g3,False,0.13018510365024283,3,-0.24229638278484344,e5g3,False,0.03142857179045677,5.232103899999856,
1252,2085,mate mateIn2 middlegame short,41,36,d5g2,True,0.7469859395853885,1,-0.030853940173983574,d5g2,True,0.991428554058075,0.17776910000065982,
1254,2080,crushing deflection endgame master pawnEndgame short,72,11,d4e5,False,0.22614711734187704,2,0.7137588262557983,g2g4,True,0.8700000047683716,5.109032499999557,
1256,2271,advantage intermezzo long middlegame pin,49,38,d8d3,False,0.3538133657810292,2,-0.7092920541763306,f5d3,True,0.9785714149475098,5.3803821999999855,
1258,2229,advantage capturingDefender endgame short,77,28,f8f7,False,0.15869549536349264,2,0.039889294654130936,e6f6,True,0.9571428298950195,5.255507999999281,
1260,2228,crushing defensiveMove long middlegame sacrifice,37,4,g8h8,True,0.6535343180663926,1,0.3912844657897949,g8h8,True,0.9714285731315613,1.72553599999992,
1262,2043,crushing long opening trappedPiece,22,42,d5c6,True,0.6339367934735608,1,0.05678912252187729,d5c6,True,0.9728571176528931,4.957720599999448,
1264,1983,advantage deflection long middlegame,49,37,h5f4,True,0.5845011579267331,1,-0.5139197707176208,h5f4,True,0.9842857122421265,4.793130099999871,
1266,2035,capturingDefender crushing deflection middlegame short,38,53,h2h3,False,0.07860434146922969,6,0.054244447499513626,e1e5,True,0.9285714030265808,4.6681315999994695,
1268,2162,advantage hangingPiece master masterVsMaster middlegame short,26,2,g1f1,True,0.604632395812483,1,-0.6259992122650146,g1f1,True,0.9785714149475098,4.854645700000219,
1270,2166,crushing defensiveMove endgame sacrifice short,107,4,g6g5,False,0.3777621005296283,2,0.6102759838104248,e5f5,True,0.9557142853736877,4.741265200000271,
1272,2223,advantage capturingDefender middlegame short,35,39,h5f3,True,0.6981381250604831,1,-0.34027329087257385,h5f3,True,0.9871428608894348,4.659776399999828,
1274,2009,advantage discoveredAttack middlegame veryLong,35,27,g7g6,True,0.39602988986033233,1,-0.2068462073802948,d4b5,False,0.427142858505249,4.653006199999254,
1276,2062,advantage discoveredAttack discoveredCheck endgame fork sacrifice veryLong,60,33,a3a4,False,0.004192383126156574,19,-0.2882574498653412,d3e2,False,0.0,4.438876500000333,
1278,1937,crushing fork middlegame veryLong,32,41,c1f4,False,0.01065861266839086,11,0.5892752408981323,b3d1,False,0.0014285714132711291,4.315798399999949,
1280,1963,advancedPawn crushing deflection endgame long promotion rookEndgame,120,18,h6h7,True,0.4018926429662874,1,-0.0598822645843029,g6b6,False,0.09285714477300644,4.974964500000169,
1282,2302,advantage deflection kingsideAttack long master middlegame pin,35,39,e6c4,False,0.35333741352344356,2,-0.3065681457519531,e6c4,False,0.04571428522467613,5.020941400000083,
1284,1933,mate mateIn2 middlegame queensideAttack short,46,44,c3c4,False,0.21996008606064202,2,-0.48621073365211487,a2a8,True,0.9700000286102295,0.295224500000586,
1286,1943,advantage endgame fork long,66,34,f3g3,False,0.14516610013545533,2,-0.004938486963510513,f3f5,True,0.954285740852356,5.088584000000083,
1288,2289,advancedPawn crushing discoveredAttack discoveredCheck endgame long rookEndgame,96,7,a7a6,False,0.10351024472301117,3,0.03677346557378769,a7a6,False,0.04714285582304001,4.500111800000013,
1290,2062,crushing fork middlegame veryLong,69,30,d7d3,True,0.7233008197652424,1,-0.7022231817245483,d7d3,True,0.9885714054107666,3.938356300000123,
1292,1942,deflection kingsideAttack mate mateIn4 middlegame veryLong,46,39,d1c1,False,0.09994416884078279,3,-0.42172253131866455,g2g4,False,0.012857142835855484,4.126423599999725,
1294,2300,advancedPawn crushing endgame long promotion sacrifice,96,19,g5g6,False,0.010600667317937885,9,-0.27711862325668335,g5g6,False,0.0014285714132711291,3.992294900000161,
1296,1901,advancedPawn endgame mate mateIn2 pawnEndgame short,98,7,c6c7,False,0.06742274801272671,2,-0.1053164154291153,e6d6,True,0.9142857193946838,0.4496343999999226,
1298,2185,crushing kingsideAttack long middlegame pin sacrifice,47,58,g4e3,False,0.018764656460073456,5,0.7932692766189575,c5d5,True,0.6657142639160156,4.2092210000000705,
1300,2253,advantage long middlegame trappedPiece,32,50,c4d5,True,0.9595779881608304,1,0.00382813042961061,c4d5,True,0.9957143068313599,4.433717699999761,
1302,2291,crushing deflection middlegame pin veryLong,45,45,d6e5,False,0.10094642757435189,3,-0.1387787014245987,g6g3,True,0.9142857193946838,3.1153385999996317,
1304,2095,advantage capturingDefender long middlegame,53,32,b6b2,True,0.9366988447053965,1,0.044580549001693726,b6b2,True,0.9942857027053833,4.807572799999434,
1306,1944,discoveredAttack discoveredCheck endgame long mate mateIn3,65,19,d2b2,True,0.8225751447859375,1,-0.9688178300857544,d2b2,True,0.9871428608894348,0.5536053000005268,
1308,2038,advantage discoveredAttack middlegame short,30,27,d3h7,False,0.09431215662048122,3,-0.5708380937576294,d3c4,True,0.668571412563324,4.191267799999878,
1310,2145,advantage hangingPiece long opening,23,31,h6f7,False,0.31047336418814064,2,-0.12676861882209778,a5c4,True,0.9300000071525574,4.659085999999661,
1312,1993,advancedPawn advantage endgame promotion sacrifice veryLong,65,20,h7h6,False,0.012801389485051537,8,0.3743663728237152,f4f3,False,0.0014285714132711291,5.077487200000178,
1314,2192,attraction crushing deflection kingsideAttack long middlegame sacrifice,36,42,c3e2,False,0.0005062302115768563,14,-0.009204535745084286,c1g5,False,0.0,5.105549599999904,
1316,2072,crushing deflection endgame pawnEndgame veryLong zugzwang,111,8,c6d6,False,0.30146260939992203,2,-0.02847602404654026,c6c5,True,0.854285717010498,5.003668800000014,
1318,2123,advantage middlegame pin sacrifice veryLong,33,2,g8h8,True,0.8553475607786889,1,-0.033240608870983124,g8h8,True,0.9800000190734863,4.649797000000035,
1320,2150,advantage deflection master middlegame pin queensideAttack short,54,36,f1c1,False,0.0005509956315485734,28,-0.31165608763694763,f1c1,False,0.0,4.781389099999615,
1322,2304,advantage fork master middlegame short,57,42,c8b8,False,0.011193894228449878,8,-0.022291934117674828,c8b8,False,0.0028571428265422583,4.737578699999176,
1324,1921,crushing fork long middlegame,21,40,f6b2,True,0.8301615386876785,1,-0.22517672181129456,f6b2,True,0.9900000095367432,4.1754277,
1326,2138,crushing endgame long pin,79,24,e2h5,False,0.006620417621496566,9,-0.8616359829902649,e2h5,False,0.0,2.9089286999997057,
1328,1907,endgame epauletteMate mate mateIn2 short,74,32,f2a7,True,0.3467765312844399,1,-0.049495961517095566,f2a7,True,0.9728571176528931,0.15580369999952381,
1330,2071,advantage long middlegame pin,29,52,e5f3,True,0.6376904014871507,1,-0.6659619808197021,e5f3,True,0.9685714244842529,3.798638199999914,
1332,2338,advantage clearance endgame skewer veryLong,62,32,h2h7,True,0.8111690047327691,1,-0.6911351084709167,h2h7,True,0.9928571581840515,4.3824156000000585,
1334,2024,crushing defensiveMove hangingPiece middlegame pin veryLong,43,50,e5a1,True,0.8553821487846499,1,-0.7719553709030151,e5a1,True,0.9942857027053833,3.4296180000001186,
1336,2324,crushing deflection endgame veryLong,62,33,a3b4,False,0.14734174222759763,3,0.0970955565571785,a3b4,False,0.009999999776482582,4.342824099999234,
1338,2219,advantage long middlegame skewer,21,36,h5g4,False,0.050577062003185944,4,-0.3333072364330292,h5g4,False,0.004285714123398066,4.443171500000062,
1340,1945,advantage fork long middlegame pin,58,43,e5e6,False,0.12590619676835718,2,0.42392122745513916,e5d6,True,0.8942857384681702,3.6634119000000283,
1342,2002,advantage deflection kingsideAttack long master middlegame,55,37,f4h3,True,0.2648014027513365,1,0.01660063862800598,f4h3,True,0.9671428799629211,2.5354065000001356,
1344,2153,crushing kingsideAttack middlegame pin veryLong,66,43,f7f8,True,0.3601982318988584,1,-0.6195707321166992,f7f8,True,0.8299999833106995,4.6236675000000105,
1346,2203,advantage defensiveMove deflection endgame exposedKing veryLong,70,5,e1e2,False,0.23927072203381236,2,-0.3718402683734894,e1f1,True,0.977142870426178,0.5618104999994102,
1348,2223,advantage fork long middlegame,61,36,e2g3,True,0.7565837581611298,1,-0.5890465378761292,e2g3,True,0.991428554058075,5.1071490000003905,
1350,1903,deflection kingsideAttack master mate mateIn4 middlegame sacrifice veryLong,50,46,d2e3,False,0.00031037892200118513,11,-0.6858639121055603,d2e3,False,0.0,5.025807899999563,
1352,2073,advantage discoveredAttack discoveredCheck endgame short,71,44,d5e4,False,0.033462716748352654,4,-0.12227561324834824,d5e4,False,0.008571428246796131,4.324387399999978,
1354,2228,crushing fork master middlegame short,42,45,d1d5,False,0.022549440208938523,8,0.35057273507118225,a7a5,True,0.7799999713897705,3.546681300000273,
1356,2032,advancedPawn collinearMove crushing endgame master pin veryLong,80,28,f7d5,False,0.05051394176106789,5,-0.03784310072660446,g3e5,True,0.8257142901420593,4.28579499999978,
1358,1934,endgame long mate mateIn3,75,34,a6b7,True,0.5521153203062569,1,0.15640993416309357,a6b7,True,0.9842857122421265,0.26491919999989477,
1360,2295,advantage long middlegame pin,58,48,g6e6,True,0.33920510718868946,1,-0.13273927569389343,g6e6,True,0.9228571653366089,4.413810799999737,
1362,2096,advantage fork middlegame veryLong,49,37,f8f3,True,0.629472805641438,1,-0.0011158877750858665,f8f3,True,0.8899999856948853,4.374866099999963,
1364,2347,advantage attraction kingsideAttack long middlegame sacrifice,54,41,f6e7,False,0.31933378000226886,2,0.02404678985476494,g3g7,True,0.8071428537368774,3.777263399999356,
1366,2131,advantage discoveredAttack long middlegame,32,48,e3h6,False,0.025196433888658682,5,-0.12201052904129028,e3g3,True,0.7314285635948181,4.737254699999539,
1368,1981,crushing discoveredAttack discoveredCheck kingsideAttack middlegame sacrifice short,33,45,d7h3,True,0.3993104682891816,1,0.322660356760025,d7h3,True,0.9657142758369446,2.9440614000004643,
1370,1943,endgame long mate mateIn3 triangleMate,73,29,e6h6,False,0.4031920767780498,2,0.21609961986541748,d5f3,True,0.9700000286102295,0.3686470000002373,
1372,2020,advantage discoveredAttack long middlegame,23,53,d5d7,False,0.1497463940840541,2,-0.3166828155517578,d5c4,True,0.9257143139839172,4.654717700000219,
1374,2032,advantage middlegame short trappedPiece,36,49,c2c3,False,0.0483553543747225,6,-0.09572547674179077,d1a1,True,0.8371428847312927,4.333844200000385,
1376,1969,advantage fork middlegame short,37,36,b6c6,False,0.020616503924297945,6,0.32186079025268555,b4c2,True,0.727142870426178,4.998160800000733,
1378,2196,advantage doubleCheck endgame short,70,29,b3c2,False,0.07277970710686152,6,-0.9936140179634094,e6c6,False,0.009999999776482582,4.896514400000342,
1380,2296,advancedPawn crushing discoveredAttack discoveredCheck endgame exposedKing veryLong,95,22,c2h2,False,0.2385145851137804,2,0.4501684308052063,c2e2,True,0.8700000047683716,4.440708699999959,
1382,2278,crushing long middlegame pin,37,44,d4e6,False,0.14928204140285506,4,-0.03291253000497818,d7c6,True,0.9671428799629211,4.126691500000561,
1384,2123,advantage attraction fork long master middlegame sacrifice,21,40,b6a6,False,0.00023097763262118335,29,0.034015778452157974,b6a6,False,0.0,4.275713299999552,
1386,2031,crushing deflection discoveredAttack discoveredCheck kingsideAttack long middlegame,41,37,g8g2,True,0.6661223045913433,1,-0.9285589456558228,g8g2,True,0.9871428608894348,4.27003650000006,
1388,2075,advantage attraction fork long middlegame,38,46,d1e1,False,0.12141719144386284,3,0.07499013841152191,d1d8,True,0.9385714530944824,3.4577023000001645,
1390,2279,crushing defensiveMove discoveredAttack fork middlegame veryLong,67,30,f8e6,False,0.03831278801754108,2,-0.5529294013977051,f8e6,False,0.0057142856530845165,4.820063300000584,
1392,2127,advantage attraction deflection kingsideAttack long middlegame sacrifice,39,45,d6c5,False,0.021475309033791853,6,0.27802222967147827,h8h2,True,0.7142857313156128,4.354286100000536,
1394,2301,crushing long middlegame pin sacrifice,34,44,f3g5,False,0.0008383700383365179,5,0.05105000361800194,f3g5,False,0.0,4.328295100000105,
1396,2297,advantage discoveredAttack long middlegame pin,49,29,e5e4,False,0.06604959483997859,5,-0.2585892379283905,c8h3,True,0.8600000143051147,3.6365694999994957,
1398,2045,advantage kingsideAttack long middlegame pin sacrifice,43,47,d5c6,False,0.0017291766581056232,13,-0.010188404470682144,d5c6,False,0.0,4.446028399999705,
1400,2136,mate mateIn2 middlegame short,59,35,h3f3,True,0.44623081672347037,1,0.006225460208952427,h3f3,True,0.9757142663002014,0.15150009999979375,
1402,1967,advantage endgame fork long,72,35,e5f6,False,0.07093859829607116,5,-0.13262319564819336,e5h5,True,0.9557142853736877,4.270239599999513,
1404,1980,advantage endgame fork long sacrifice,69,28,c8b8,False,0.015029160409904556,11,0.648242175579071,c8b8,False,0.009999999776482582,3.173848299999918,
1406,2137,advantage middlegame short trappedPiece,25,46,b4e7,True,0.5250136898688376,1,-0.14255394041538239,b4e7,True,0.9785714149475098,3.961174800000663,
1408,2161,crushing fork long middlegame,38,36,e4c5,False,0.08532328294015216,2,0.27168968319892883,e4c5,False,0.018571428954601288,5.115517600000203,
1410,2058,advantage discoveredAttack discoveredCheck fork long middlegame,44,40,f7h8,False,0.004846952967089175,11,-0.5139991641044617,f7h8,False,0.0,4.962921000000279,
1412,1913,advantage attackingF2F7 middlegame pin short,28,44,d3b5,True,0.6019456392131771,1,-0.33993664383888245,d3b5,True,0.9814285635948181,4.71151910000026,
1414,2042,advantage capturingDefender endgame short,100,34,g4e5,False,0.17474967147522188,2,0.19124384224414825,d3b5,True,0.9328571557998657,4.699621799999477,
1416,1944,crushing deflection endgame veryLong,62,39,c4h4,True,0.5186318397985308,1,-0.3492324948310852,c4h4,True,0.9014285802841187,4.243194699999549,
1418,1921,advantage middlegame short trappedPiece,43,39,f6d5,False,0.3386610491168219,2,-0.9649922847747803,d8c8,True,0.9742857217788696,4.1189288000005035,
1420,2272,advantage long middlegame quietMove sacrifice,50,40,g5h7,True,0.4224642259147025,1,0.4485814571380615,h6h3,False,0.0714285746216774,4.705563500000608,
1422,2013,advantage fork long master middlegame,41,33,e6d5,True,0.49717586151314824,1,-0.25331956148147583,e6d5,True,0.9628571271896362,4.7366117000001395,
1424,1908,crushing discoveredAttack discoveredCheck endgame short,61,31,d4e2,False,0.033736679541547104,6,0.6224784255027771,d4f5,True,0.8728571534156799,4.632629400000042,
1426,2028,crushing discoveredCheck doubleCheck middlegame short,48,36,f4e3,False,0.19425479786430894,2,-0.12191072851419449,f5d6,True,0.9685714244842529,2.7573591000000306,
1428,2319,advantage attraction kingsideAttack long opening sacrifice,21,52,c6e5,False,0.025888889063175786,3,-0.033268820494413376,a7f2,True,0.7985714077949524,4.393672100000003,
1430,1995,advantage fork middlegame short,30,29,a1c1,False,0.17373880076307316,2,-0.6645568013191223,g3e5,True,0.9685714244842529,4.541581100000258,
1432,2083,crushing discoveredAttack long middlegame,48,48,e3g3,True,0.5072174905854219,1,-0.6976736187934875,e3g3,True,0.9700000286102295,4.363364900000306,
1434,1907,advantage discoveredAttack discoveredCheck middlegame short,30,45,d1g4,False,0.3108168661479688,2,-0.47494661808013916,b3d5,True,0.9742857217788696,4.0272869999998875,
1436,2306,crushing deflection fork long middlegame,48,41,b3d3,False,0.03443307300927113,6,0.09238296747207642,f3e3,True,0.7328571677207947,4.506500999999844,
1438,2165,advantage hangingPiece long middlegame,43,41,d6e5,True,0.5298160953474589,1,-0.8690999150276184,d6e5,True,0.9814285635948181,4.727659900000617,
1440,1936,endgame long mate mateIn3 queenEndgame,91,30,f1e2,False,0.11327426443981055,2,-0.16933749616146088,h6h5,True,0.9628571271896362,0.4272990999998001,
1442,2058,advantage attraction exposedKing fork middlegame veryLong,49,40,d7a4,False,0.0072312685820732445,18,-0.717970073223114,d7a4,False,0.0,4.9033601000001,
1444,2201,advantage defensiveMove master middlegame pin short,56,38,a1d1,False,0.2207401638063372,3,0.427211731672287,g4c8,True,0.9642857313156128,2.9743571999997584,
1446,1950,endgame mate mateIn2 short,133,27,d1a4,False,0.022378474672620642,3,0.00897946860641241,d1d3,True,0.7642857432365417,1.111884399999326,
1448,2052,crushing exposedKing interference long middlegame sacrifice,48,41,g6d6,False,0.1390795381613533,2,-0.23731829226016998,h1h8,True,0.9700000286102295,4.337718400000085,
1450,2114,crushing endgame master pin short,75,28,d2c1,False,0.07189488180883997,4,-0.029947029426693916,e6d5,False,0.037142857909202576,4.2310808000002,
1452,1979,crushing endgame fork long,82,30,e3e7,True,0.9361753310804894,1,0.3489806652069092,e3e7,True,0.9971428513526917,4.427229900000384,
1454,2055,attraction crushing endgame exposedKing intermezzo rookEndgame veryLong,63,24,b3d3,False,0.0507037261331177,7,0.33777758479118347,a7c7,True,0.7671428322792053,4.29166560000067,
1456,2225,crushing endgame interference veryLong,70,35,h3h8,True,0.9847492418651237,1,0.12601633369922638,h3h8,True,0.9985714554786682,4.0827024000000165,
1458,1909,advantage master middlegame sacrifice short,60,33,f5g6,False,0.03644992980897694,7,0.17589843273162842,f6g6,True,0.772857129573822,4.353493599999638,
1460,2205,crushing defensiveMove deflection long middlegame skewer,42,35,a4c5,False,0.12533353069724457,2,-0.4273086190223694,h4e7,True,0.9642857313156128,3.5841246999998475,
1462,1931,attraction crushing fork long middlegame,45,34,d8d7,False,0.0012240495762081017,11,-0.26138460636138916,d8d7,False,0.0,2.623913299999913,
1464,2069,exposedKing long master mate mateIn3 middlegame sacrifice,74,43,c7g7,True,0.6826564949716176,1,0.08955782651901245,c7g7,True,0.9828571677207947,3.2420569000005344,
1466,1931,advancedPawn attraction crushing defensiveMove endgame long promotion rookEndgame,64,5,f2e3,True,0.6681677659685972,1,0.7374619841575623,f2e3,True,0.9657142758369446,4.614736699999412,
1468,2135,advantage middlegame pin short,38,42,f3h4,True,0.36815319188304174,1,-0.22061365842819214,f3e5,False,0.1014285683631897,4.262391600000228,
1470,1900,advantage intermezzo kingsideAttack long middlegame pin,39,33,f4h3,False,0.2411340717820731,2,0.25894734263420105,f6g5,True,0.9571428298950195,3.2143323000000237,
1472,2072,advantage discoveredAttack discoveredCheck endgame long,72,42,d5f3,True,0.6988247451703893,1,-0.5475605726242065,d5f3,True,0.9900000095367432,5.4383772000001045,
1474,1921,advantage long middlegame queensideAttack sacrifice,54,40,g3d6,False,0.045199281330627616,3,-0.4151536822319031,d1d6,True,0.9128571152687073,4.926543800000218,
1476,1933,crushing middlegame sacrifice veryLong,42,40,f1d3,False,0.07712209477775374,3,-0.04206822067499161,h6f8,True,0.9585714340209961,4.749815400000443,
1478,2028,advantage long middlegame trappedPiece,58,39,h7b7,False,3.418498323986748e-05,32,0.06244531273841858,h7b7,False,0.0,4.522443899999416,
1480,2046,advantage middlegame pin short,34,47,d1a4,True,0.5409229349931375,1,0.39277833700180054,d1a4,True,0.9599999785423279,4.814657599999919,
1482,1942,long mate mateIn3 middlegame,66,31,b2h8,True,0.34789972938069724,1,-0.07968098670244217,b2h8,True,0.9757142663002014,0.5189909000000625,
1484,1977,crushing middlegame pin short,65,36,d7c7,True,0.667768534513894,1,-0.8876825571060181,d7c7,True,0.9700000286102295,4.6771953999996185,
1486,2182,crushing master middlegame queensideAttack sacrifice short,45,37,d4b5,False,0.0006700014087205238,15,0.01690463162958622,a8b8,False,0.0,4.756601000000046,
1488,2162,advantage fork master middlegame short,17,43,c6b4,False,0.16506814278499016,2,0.0033913608640432358,c6a5,True,0.9614285826683044,4.584153499999957,
1490,2177,advantage middlegame short trappedPiece,44,31,e2e4,True,0.5104544003099161,1,0.057633135467767715,e2e4,True,0.9742857217788696,4.412856199999624,
1492,2039,long mate mateIn3 opening sacrifice,16,49,e5f7,False,0.10668777370569586,2,0.45782721042633057,h5f7,True,0.30571427941322327,4.224543199999971,
1494,2333,crushing fork middlegame veryLong,44,42,e1e6,False,0.36580929082115443,2,0.3364366888999939,c4b6,True,0.954285740852356,3.5665610999994897,
1496,2059,advancedPawn attraction crushing endgame long promotion,89,37,b2b1q,False,0.01388189555118873,6,0.07613527774810791,b2b1q,False,0.0028571428265422583,1.7992444000001342,
1498,1947,crushing hangingPiece long middlegame,54,31,d4e6,True,0.6432309450050895,1,-0.05987058952450752,d4e6,True,0.9842857122421265,3.634189100000185,
1500,2055,advantage exposedKing fork long middlegame,36,50,c3d4,False,0.0005334438900389177,18,-0.5409055948257446,c3d4,False,0.0,3.9922089000001506,
1502,2266,crushing discoveredAttack master middlegame short,46,30,d2g5,False,0.16384921325870586,3,0.3923574984073639,d2c3,True,0.7142857313156128,4.198121500000525,
1504,1927,crushing endgame rookEndgame short trappedPiece,71,17,f6f5,False,0.10868940979859501,5,0.05373053252696991,f6g7,True,0.9528571367263794,4.681223399999908,
1506,1959,crushing endgame pin sacrifice short,64,34,b2b3,False,0.01715565753693901,11,0.0864516869187355,f4c4,False,0.004285714123398066,4.663388800000575,
1508,2164,advantage middlegame pin short,33,50,a8a1,True,0.9201941232664296,1,-0.4057740867137909,a8a1,True,0.9942857027053833,4.656551299999592,
1510,2008,advantage intermezzo long middlegame queensideAttack sacrifice,43,36,a3a2,True,0.561576262141842,1,-0.5017902851104736,a3a2,True,0.9742857217788696,4.22792550000031,
1512,1908,endgame mate mateIn2 short,54,34,e8g6,True,0.5186686902182327,1,0.7582387924194336,e8g6,True,0.9742857217788696,0.5108629999995173,
1514,2313,crushing endgame pin short,113,25,g6g3,True,0.6186587724764029,1,0.18013989925384521,g6d6,False,0.2442857176065445,4.618518500000391,
1516,2260,long mate mateIn3 middlegame sacrifice,52,37,e3f3,False,0.00864995425324175,8,-0.9599158763885498,e3f3,False,0.0,4.613442700000633,
1518,2071,mate mateIn2 middlegame short,40,43,c6a7,False,0.00145138504882193,19,-0.05825065076351166,c6a5,False,0.0,4.265483199999835,
1520,1983,crushing defensiveMove hangingPiece middlegame short,57,42,f4f5,False,0.15861337957863056,2,-0.24421708285808563,g8h7,True,0.9457142949104309,4.212998900000457,
1522,1952,advantage attraction kingsideAttack long middlegame sacrifice,32,50,d1h5,False,0.13798726204409617,2,-0.13387851417064667,d3h7,True,0.8614285588264465,4.449373600000399,
1524,2120,crushing discoveredAttack discoveredCheck endgame long,48,32,f6f7,True,0.44231614236816796,1,-0.5728164911270142,f6f7,True,0.9728571176528931,3.221947999999429,
1526,2062,crushing endgame hangingPiece long,75,2,e8d8,True,0.7312797755176033,1,-0.8014469742774963,e8d8,True,0.991428554058075,4.498992499999986,
1528,2104,advantage discoveredAttack endgame short,56,31,g4f4,False,0.0007663218467505976,24,-0.3642706573009491,c2c3,False,0.0,5.324085600000217,
1530,2273,advantage middlegame short trappedPiece,29,22,f8f6,False,0.17710456756407064,2,-0.4825327694416046,a8a6,True,0.9114285707473755,4.7881906000002346,
1532,2153,crushing endgame exposedKing fork sacrifice veryLong,76,31,g3g8,True,0.263375759810882,1,-0.10288219898939133,d4c6,False,0.06714285910129547,0.6194577000005665,
1534,1902,endgame kingsideAttack long mate mateIn3 sacrifice,45,34,h7h5,False,0.31570650286103136,2,-0.06241855397820473,g6g3,True,0.9585714340209961,0.7561017999996693,
1536,2324,advantage fork long middlegame,35,32,g6f5,True,0.8228747385621054,1,-0.15065672993659973,g6f5,True,0.991428554058075,4.752153599999474,
1538,2320,advantage deflection fork intermezzo long middlegame,38,50,d1d6,False,0.2700238555992934,2,0.041013866662979126,g5g7,True,0.9057142734527588,4.662600000000566,
1540,2315,advantage endgame fork veryLong,58,30,d3d5,True,0.3257487639213926,1,-0.7395232915878296,d3d5,True,0.9728571176528931,4.711643099999492,
1542,1921,advantage endgame fork long,54,27,c3b4,True,0.538389515893986,1,-0.8730546832084656,c3b4,True,0.9800000190734863,4.640604899999744,
1544,1936,clearance long mate mateIn3 middlegame sacrifice,38,46,e4f6,False,0.0008649093027855795,21,-0.17616502940654755,e4f6,False,0.0,4.3366588999997475,
1546,1925,crushing fork long middlegame pin,61,2,c8d8,True,0.7065745598255468,1,0.06539659947156906,c8d8,True,0.9800000190734863,3.9819704000001366,
1548,1924,clearance crushing middlegame pin sacrifice short,45,44,e7e2,False,0.00460699192244709,12,0.24521850049495697,b8b7,False,0.0,4.460600800000066,
1550,2069,advantage capturingDefender intermezzo long middlegame,47,40,e8e1,True,0.5215896259936319,1,-0.06948013603687286,e8e1,True,0.9428571462631226,4.264781900000344,
1552,2314,crushing middlegame pin short,38,41,c1c7,True,0.5278913316279858,1,0.5989671945571899,c1c7,True,0.9485714435577393,4.098436600000241,
1554,2045,advancedPawn advantage defensiveMove endgame long quietMove sacrifice,71,15,c4c3,False,0.06180191403836371,6,-0.5512682199478149,c6d4,True,0.9214285612106323,4.133422900000369,
1556,2021,advantage endgame fork long,51,25,e3e1,False,0.26073887682379127,2,-0.3446599245071411,e3c1,True,0.9757142663002014,3.5517847999999503,
1558,1924,attraction crushing fork long middlegame sacrifice,36,50,a6e2,False,0.009292006098629747,8,0.4181213676929474,e3c5,False,0.0,3.73676660000001,
1560,1931,crushing middlegame short trappedPiece,73,22,a5a7,True,0.5697953727702402,1,0.15043114125728607,a5a7,True,0.9828571677207947,4.204527200000484,
1562,1959,crushing long master middlegame pin,52,40,f7e5,True,0.5486043967132962,1,-0.8577113151550293,f7e5,True,0.9599999785423279,4.194335200000751,
1564,2208,attraction crushing deflection long middlegame sacrifice,68,30,f1f6,False,0.02208618643361438,8,-0.057494621723890305,f1f6,False,0.0028571428265422583,4.230897899999945,
1566,2013,crushing long middlegame quietMove sacrifice,56,48,a3a4,False,0.08101550010255736,2,-0.4233505129814148,a3a4,False,0.008571428246796131,4.4179033000000345,
1568,1982,crushing deflection long middlegame pin,59,32,g3e3,False,0.08642913335080865,3,0.420741468667984,h5h1,True,0.9585714340209961,3.7864847000000736,
1570,2122,advantage discoveredAttack endgame long pin,60,37,b4c4,True,0.7325966108030215,1,-0.252760648727417,b4c4,True,0.9871428608894348,4.315502999999808,
1572,2156,advantage hangingPiece long middlegame,49,3,f6g7,True,0.5385438481794065,1,-0.5068762898445129,f6g7,True,0.9785714149475098,4.109551799999281,
1574,1964,attraction crushing kingsideAttack long middlegame sacrifice,36,52,g5f6,False,0.029430890959747935,4,0.07658597081899643,g5f6,False,0.025714285671710968,4.243618999999853,
1576,2154,advantage endgame pin short,65,34,e4f2,False,0.06067042537716329,3,-0.5681349039077759,a5a4,True,0.9371428489685059,4.299644799999442,
1578,1993,collinearMove mate mateIn2 middlegame pin sacrifice short,48,40,e6f6,True,0.4630429623591694,1,0.8081754446029663,a3e7,False,0.05428571254014969,4.441482799999903,
1580,2255,bishopEndgame crushing deflection endgame long,88,11,b6b5,True,0.5081705403331598,1,-0.13907712697982788,b6b5,True,0.9157142639160156,4.497901799999454,
1582,1959,advantage fork hangingPiece long opening,39,30,c5c1,True,0.27448447978265184,1,-0.9980432987213135,c5c1,True,0.9700000286102295,4.05359369999951,
1584,1909,advantage attraction exposedKing middlegame veryLong,78,44,b1b8,True,0.9373395227648215,1,0.46543270349502563,b1b8,True,0.9971428513526917,4.5962343999999575,
1586,2123,endgame mate mateIn2 short,69,34,e5f3,False,0.34121675023384174,2,-0.47250795364379883,c2d1,True,0.9242857098579407,0.19267620000027819,
1588,1904,crushing defensiveMove master middlegame pin short,55,25,c2c1,True,0.6081514258568664,1,-0.39301133155822754,c2c1,True,0.9814285635948181,4.347681100000045,
1590,1942,attraction mate mateIn2 middlegame morphysMate short,87,25,d7a4,False,0.3114289474926358,2,-0.9495121240615845,b4b3,True,0.9814285635948181,0.18395259999942937,
1592,2088,advantage endgame long pin,93,30,d2d1q,False,0.26040810411190474,2,0.5095115900039673,e1a1,False,0.24857142567634583,4.547839400000157,
1594,1988,equality fork middlegame short,55,33,b8b3,False,0.13259315246144893,3,-0.33112001419067383,e5f4,True,0.9314285516738892,4.418551499999921,
1596,2203,advancedPawn crushing defensiveMove endgame promotion rookEndgame sacrifice veryLong,91,25,d4d3,True,0.5965899561107627,1,-0.19943417608737946,d4d3,True,0.8257142901420593,4.449697499999274,
1598,2130,advantage long middlegame pin,36,53,g8a8,True,0.8373142463686695,1,0.3654506206512451,g8a8,True,0.991428554058075,4.578042500000265,
1600,1988,advantage endgame master sacrifice short,70,33,f6b6,False,0.0649229224047146,2,-0.600598931312561,f6b6,False,0.008571428246796131,4.795339700000113,
1602,1974,attraction deflection endgame mate mateIn2 queensideAttack sacrifice short,85,17,d8d1,False,0.006487265461276807,11,-0.06098854914307594,b2b1,True,0.9599999785423279,0.23905000000013388,
1604,2128,advantage clearance kingsideAttack long middlegame sacrifice,44,40,b2d4,False,0.015928474943036678,2,-0.204502135515213,b2d4,False,0.008571428246796131,4.411380300000019,
1606,2271,advantage hangingPiece kingsideAttack long middlegame,47,41,d6h2,False,0.18527724956263358,2,-0.1301662176847458,e8e4,True,0.9514285922050476,4.3536847000004855,
1608,2078,crushing defensiveMove endgame hangingPiece master short,83,23,d4g4,True,0.7440782783111413,1,-0.39952170848846436,d4g4,True,0.9814285635948181,4.8556013000006715,
1610,2057,advantage fork long middlegame,54,28,f4f5,False,0.3516456480191881,2,-0.685313880443573,f4c7,True,0.9700000286102295,4.749411499999951,
1612,1900,mate mateIn2 middlegame short,42,42,h1h7,True,0.7060759723007567,1,-0.43889468908309937,h1h7,True,0.9842857122421265,0.1452037000008204,
1614,1955,advantage defensiveMove endgame long pin,84,23,c7c8,True,0.34201883496841634,1,-0.6136241555213928,c7c8,True,0.9671428799629211,4.479278199999499,
1616,1994,advantage endgame exposedKing fork long,63,31,h4e1,False,0.23776953528080733,2,-0.3580613136291504,d4e2,True,0.9614285826683044,4.288596500000494,
1618,2334,advancedPawn advantage deflection exposedKing fork intermezzo long middlegame sacrifice,59,43,d6e5,False,0.19298087560441765,3,-0.4151051342487335,f2g2,True,0.9585714340209961,3.8010550999997577,
1620,2134,crushing endgame hangingPiece master short,111,18,c5b6,True,0.7665007389935513,1,0.032445039600133896,c5b6,True,0.9800000190734863,4.189824999999473,
1622,1975,crushing deflection endgame long master,73,23,c4b2,False,0.10692411122968405,2,0.08758950978517532,a2b3,True,0.9642857313156128,2.260375500000009,
1624,2288,advantage exposedKing fork middlegame veryLong,41,46,f1d2,True,0.8055747534459549,1,-0.3887728452682495,f1d2,True,0.9928571581840515,3.8695980000002237,
1626,2180,crushing exposedKing middlegame pin veryLong,61,49,e5a5,False,0.3198725009140558,2,0.21973064541816711,e5c5,False,0.24285714328289032,4.436883899999884,
1628,1906,advancedPawn crushing fork middlegame sacrifice veryLong,46,37,b2b3,False,0.00215359397380001,17,-0.548750102519989,b2b3,False,0.0,5.2509116999999605,
1630,1943,advantage fork middlegame short,47,32,b2c1,True,0.5796390384561132,1,-0.5236666798591614,b2c1,True,0.9842857122421265,4.859458399999312,
1632,2035,advantage fork middlegame short,51,35,b6c7,False,0.07791760171172127,5,-0.5959964394569397,b6b4,True,0.9014285802841187,4.3912600000003295,
1634,2294,advantage attraction kingsideAttack long middlegame,69,47,h6e3,False,0.0073076961681849024,6,-0.33582139015197754,f3f7,False,0.0,4.870975400000134,
1636,2000,advantage fork long master middlegame,53,42,f6h5,True,0.49601663738245244,1,-0.25896671414375305,f6h5,True,0.9785714149475098,4.525997599999755,
1638,2079,crushing deflection endgame long sacrifice,80,33,f7g7,True,0.482432023906111,1,0.20066748559474945,f7g7,True,0.9828571677207947,4.05485360000057,
1640,2110,long mate mateIn3 middlegame sacrifice,48,41,e7d7,False,0.0010801839488211958,20,-0.16965807974338531,e7d7,False,0.0,4.581987499999741,
1642,2315,advantage attraction fork middlegame pin sacrifice veryLong,46,34,f1f2,False,0.1632695034971431,3,-0.49308136105537415,f1f2,False,0.2857142984867096,3.389552200000253,
1644,2342,mate mateIn4 middlegame operaMate sacrifice veryLong,36,47,d2e3,False,0.0013633131162004927,5,0.35461828112602234,d2e3,False,0.0,4.656989400000384,
1646,1906,endgame mate mateIn2 short,64,29,g6g7,True,0.4529586186807239,1,0.04097575694322586,g6g7,True,0.9828571677207947,0.20793529999991733,
1648,2097,advantage master middlegame pin short,30,50,e1e6,True,0.18520712644234755,1,-0.03999055176973343,e1e6,True,0.9200000166893005,3.576324999999997,
1650,2309,clearance crushing endgame long pin,92,42,c5a3,True,0.796537099642013,1,0.28726711869239807,c5a3,True,0.9257143139839172,4.171044100000472,
1652,2329,crushing kingsideAttack long middlegame pin,32,39,g3g7,True,0.708950877433845,1,0.11014609783887863,g3g7,True,0.9785714149475098,3.9972250999999233,
1654,1912,crushing long middlegame sacrifice,48,38,c3d5,False,0.13258218632366345,2,0.18088048696517944,d4f5,True,0.9614285826683044,3.900570499999958,
1656,2215,discoveredCheck doubleCheck endgame mate mateIn2 pillsburysMate short,71,23,e2c2,False,0.00733553812375018,11,0.0007489396375603974,f2d4,False,0.0,2.127997200000209,
1658,2039,advantage long middlegame sacrifice,28,47,h6h3,False,0.09097664811996016,3,-0.8054155111312866,f1f5,True,0.9614285826683044,3.591320800000176,
1660,2332,crushing endgame long pin,62,20,b5a4,False,0.01676385001673618,4,-0.3899882137775421,b5a4,False,0.004285714123398066,4.084146299999702,
1662,2156,attraction crushing kingsideAttack long middlegame,26,49,g5f7,True,0.5840425701432369,1,0.419868528842926,g5f7,True,0.9728571176528931,4.246935299999677,
1664,2301,crushing fork master middlegame veryLong,59,49,f5d4,False,0.19631017655669247,3,0.061221349984407425,b5c5,True,0.8999999761581421,4.550557599999593,
1666,2031,endgame master mate mateIn2 short,90,26,c5c6,False,0.2522151718647092,2,-0.5382786989212036,c5c8,True,0.9757142663002014,0.18813279999994847,
1668,1984,advantage fork long middlegame,34,37,f4d6,True,0.5406321811432705,1,-0.29339900612831116,f4d6,True,0.9485714435577393,4.529140199999347,
1670,1916,advantage long middlegame sacrifice,63,43,b6c6,False,0.05301910330363611,4,-0.8110466003417969,f5f3,True,0.9285714030265808,4.782575200000792,
1672,1926,crushing discoveredAttack long middlegame,38,35,c3e2,False,0.06625522649045938,3,0.2858307957649231,c3e2,False,0.07000000029802322,5.374806900000294,
1674,2132,advantage exposedKing middlegame sacrifice veryLong,58,41,e2h5,False,0.01116197119145337,6,-0.4912645220756531,e2h5,False,0.0014285714132711291,4.470328999999765,
1676,2039,advantage endgame fork long pin sacrifice,68,29,f7b7,False,0.01730148578927678,11,-0.8737512230873108,f1f5,True,0.6514285802841187,4.539746599999489,
1678,1950,crushing endgame pin short,68,33,d7d4,True,0.6625212593529916,1,0.48313501477241516,d7d4,True,0.9785714149475098,3.756443900000704,
1680,2250,advantage defensiveMove endgame pin short,57,6,h6g5,False,0.0044943741662008384,6,-0.5810930728912354,h6g5,False,0.0,4.517757399999937,
1682,1935,attraction crushing endgame master queensideAttack sacrifice short,50,45,c1b1,False,0.0026575863361227546,9,0.11887507140636444,c1b1,False,0.0,4.471201700000165,
1684,2077,attraction bishopEndgame crushing endgame veryLong,90,10,d4e5,True,0.701132821244673,1,-0.4114910364151001,d4e5,True,0.9814285635948181,4.414615700000468,
1686,2014,advantage deflection discoveredAttack discoveredCheck middlegame queensideAttack veryLong xRayAttack,68,31,d1d7,False,0.3554528342522169,2,-0.5789908766746521,a7a8,True,0.9100000262260437,4.658367299999554,
1688,2278,advantage hangingPiece master middlegame short,79,2,g4f3,True,0.7946540017460847,1,-0.6200700998306274,g4f3,True,0.9942857027053833,3.732187700000395,
1690,2113,advantage discoveredAttack middlegame queensideAttack veryLong,42,38,c3e2,False,0.15810668372579478,2,-0.13787543773651123,e3b6,True,0.9314285516738892,4.762917899999593,
1692,2167,advantage clearance fork long middlegame quietMove,26,38,g5f6,True,0.3364635432202435,1,-0.06348057836294174,g5f6,True,0.9728571176528931,2.051475500000379,
1694,1964,advantage hangingPiece middlegame pin short,48,41,e4e6,True,0.7010286109104064,1,-0.6109660267829895,e4e6,True,0.9871428608894348,5.040450800000144,
1696,2255,crushing endgame pin veryLong,57,41,e6b6,True,0.4940502772724854,1,0.06196343153715134,e6b6,True,0.49142858386039734,4.5582039000000805,
1698,2189,crushing endgame hangingPiece long rookEndgame,101,14,d4c5,True,0.6600052340132885,1,0.07922616600990295,d4c5,True,0.954285740852356,4.185940000000301,
1700,1970,advantage capturingDefender fork middlegame veryLong,54,38,c3d5,True,0.869607778957078,1,-0.03423332795500755,c3d5,True,0.991428554058075,3.976626099999521,
1702,2240,crushing middlegame pin short,62,50,g4e2,False,0.14497292163534634,4,-0.8962979316711426,g4d7,False,0.11714285612106323,3.6130685999996786,
1704,1922,attraction crushing exposedKing fork long middlegame,57,39,f8f2,True,0.8885400041098485,1,-0.17923028767108917,f8f2,True,0.991428554058075,3.432805399999779,
1706,1918,advantage discoveredAttack endgame short,51,38,f4g5,False,0.0034326582999014777,10,0.07463366538286209,f4d2,False,0.0,4.684556199999861,
1708,1944,capturingDefender crushing deflection master middlegame short,44,41,a6b6,False,0.1314165746335772,3,-0.20952638983726501,a6c6,True,0.7928571701049805,4.681845499999326,
1710,2076,clearance crushing intermezzo long master middlegame sacrifice,69,36,f5g4,False,0.031935465870105664,7,-0.4859614074230194,f5f6,False,0.0057142856530845165,4.633911599999919,
1712,1910,crushing discoveredAttack discoveredCheck endgame kingsideAttack long sacrifice,70,29,h5g6,False,0.2641234251892174,2,-0.17478670179843903,g4h6,True,0.9742857217788696,2.787279600000147,
1714,2183,advantage fork long middlegame,50,46,e1e8,True,0.888063119368477,1,-0.339203804731369,e1e8,True,0.9928571581840515,4.071363000000019,
1716,2324,crushing fork master middlegame short,40,51,e4d6,True,0.4177223130489027,1,0.5001346468925476,e4d6,True,0.5400000214576721,4.210931900000105,
1718,1990,advantage discoveredAttack fork long middlegame,44,49,e5d4,False,0.049979055418532994,4,0.27430397272109985,e5d5,True,0.9142857193946838,4.184524799999963,
1720,2196,crushing deflection exposedKing fork middlegame veryLong,50,36,h3h8,True,0.8625978386883706,1,-0.24144011735916138,h3h8,True,0.9942857027053833,2.0032235999997283,
1722,1948,advantage hangingPiece opening short,12,42,f3a8,True,0.5804111172908828,1,0.2511054575443268,f3a8,True,0.9642857313156128,4.243067000000337,
1724,2005,advantage deflection exposedKing middlegame quietMove sacrifice skewer veryLong,54,36,d1h1,True,0.5416966277743,1,-0.7734944224357605,d1h1,True,0.9528571367263794,4.218076600000131,
1726,2085,crushing defensiveMove endgame hangingPiece veryLong,134,5,f5f6,True,0.7824285465388663,1,0.10860811918973923,f5f6,True,0.9800000190734863,4.052886000000399,
1728,1917,advantage deflection endgame veryLong,86,31,c2c5,True,0.39433729706085363,1,-0.663956344127655,c2c5,True,0.9757142663002014,3.6921493999998347,
1730,2141,advancedPawn endgame mate mateIn2 short,89,23,a3a1,False,0.11279138678598047,4,0.6805908679962158,b3b2,True,0.9599999785423279,0.4479213000004165,
1732,2098,advantage master middlegame skewer veryLong,42,27,d1d2,False,0.02837586577588766,3,-0.4918387532234192,h1g1,True,0.7714285850524902,4.1683044999999765,
1734,2226,advantage deflection middlegame veryLong,62,41,f7c4,True,0.5470430139696758,1,-0.5733692049980164,f7c4,True,0.9814285635948181,4.925790899999811,
1736,2004,crushing deflection middlegame queensideAttack short,40,44,a4a6,True,0.3315261291427569,1,-0.03074353188276291,a4a6,True,0.9700000286102295,5.105648900000233,
1738,2090,crushing fork interference intermezzo master middlegame short,49,42,e4g5,False,0.15732990388173806,2,-0.6572863459587097,e4g5,False,0.3499999940395355,4.182048399999985,
1740,2313,crushing middlegame pin veryLong,43,39,e7h4,True,0.36846283425929527,1,-0.46811845898628235,e7h4,True,0.9714285731315613,3.197439399999894,
1742,2086,capturingDefender crushing middlegame short,36,48,g3c3,False,0.009044810035575668,4,-0.8843860030174255,b2c3,False,0.0,4.679313399999955,
1744,2044,discoveredAttack discoveredCheck endgame mate mateIn2 short,47,29,f6e4,True,0.4268360010383008,1,-0.33407530188560486,f6e4,True,0.9757142663002014,0.3356174999998984,
1746,2221,advantage fork middlegame short,60,48,e5h5,True,0.467366057259817,1,-0.12668482959270477,e5h5,True,0.9657142758369446,4.528754300000401,
1748,2187,advantage discoveredAttack middlegame short,70,37,c1c7,False,0.02671860143636771,3,0.3368667662143707,g5f7,True,0.8171428442001343,4.46412380000038,
1750,1927,advantage fork long middlegame,29,35,f6g5,True,0.6110171559598612,1,-0.35384127497673035,f6g5,True,0.8714285492897034,4.486592300000666,
1752,1971,advantage endgame fork long master sacrifice,91,33,d7e7,False,0.007835267097798361,5,-0.19672752916812897,e5e4,False,0.0,4.548576599999251,
1754,2336,advantage deflection master middlegame queensideAttack short,63,50,c4a3,True,0.48874409644055544,1,0.6675825119018555,c4d2,False,0.13285714387893677,5.050824899999498,
1756,1971,advantage capturingDefender long middlegame,29,45,a8d8,False,0.23395209186822344,2,-0.3682921528816223,c6d4,True,0.9557142853736877,4.740521999999146,
1758,2274,attraction crushing fork long middlegame,37,43,f3d4,False,0.07151047816624297,5,-0.003910629544407129,g5g4,True,0.9342857003211975,4.997223899999881,
1760,2148,crushing fork long middlegame,22,35,e1g1,False,0.021543776665240294,6,-0.0760255828499794,e1g1,False,0.012857142835855484,4.246981300000698,
1762,2050,advantage discoveredAttack discoveredCheck kingsideAttack middlegame sacrifice veryLong,59,38,f5e3,False,0.085260267804169,4,-0.9960011839866638,f5g3,True,0.9585714340209961,3.947854400000324,
1764,2266,advantage endgame long master masterVsMaster pin,66,30,g2g3,False,0.27244096175121507,2,-0.3836401104927063,d3f1,True,0.9742857217788696,4.418118800000229,
1766,2226,crushing endgame long master trappedPiece,80,34,f4e6,False,0.13174564856917828,3,0.20925655961036682,c7d8,True,0.9385714530944824,4.379238100000293,
1768,2075,endgame master mate mateIn2 short,66,31,b7f7,False,0.39070944070178926,2,-0.03767852857708931,d6e8,True,0.9742857217788696,0.28315010000005714,
1770,2176,advantage fork long middlegame,62,49,b5b6,False,0.13682655287463283,3,-0.1117500439286232,c1c6,True,0.9428571462631226,4.545959299999595,
1772,2252,advantage capturingDefender long middlegame,26,43,d4c6,True,0.6081980448141556,1,0.5005772709846497,d4c6,True,0.8642857074737549,4.847265899999911,
1774,1928,crushing endgame pin short,86,2,c3c2,False,0.38945899630594133,2,-0.05911271274089813,c3d3,True,0.954285740852356,4.500834800000121,
1776,2183,crushing endgame long pin sacrifice,67,45,f4g5,False,0.10880733640380416,3,-0.0028105154633522034,f3g2,True,0.7214285731315613,3.890504200000578,
1778,2078,advantage attraction exposedKing long master middlegame skewer,37,43,c6c5,False,0.06175727672087617,4,0.14516721665859222,c6c5,False,0.012857142835855484,3.0755206000003454,
1780,2273,advantage long middlegame pin,85,43,g4h4,False,0.16405412416664789,2,-0.02337680757045746,g4d1,True,0.9471428394317627,4.389930899999854,
1782,2100,advantage fork long middlegame,39,50,f4e2,False,0.04773543625076405,5,-0.12175203859806061,e7g5,True,0.9200000166893005,2.3358588000000964,
1784,2252,advantage deflection discoveredAttack master masterVsMaster middlegame pin superGM veryLong,62,49,e4b7,True,0.24980316435747102,1,-0.22548747062683105,e4b7,True,0.9485714435577393,2.5243006999999125,
1786,2176,crushing deflection endgame short,126,4,a5c4,False,0.38631362713031303,2,-0.908657431602478,a5b7,True,0.8871428370475769,4.773244399999385,
1788,1991,advantage defensiveMove endgame fork long,99,13,c4b3,False,0.4166338122657965,2,-0.05780406668782234,h7h6,True,0.9728571176528931,4.665223999999398,
1790,2064,advantage discoveredAttack discoveredCheck endgame long,59,27,a2c4,False,0.19090587900895017,2,-0.11859622597694397,e4d2,True,0.9300000071525574,3.8833428999996613,
1792,2197,crushing fork master middlegame sacrifice short,50,44,f6e4,False,0.09228799473086738,2,-0.42934104800224304,h6g7,True,0.9642857313156128,0.44734650000009424,
1794,1966,advantage discoveredAttack discoveredCheck long middlegame,24,33,d4e5,False,0.16506316203743684,2,-0.7116272449493408,b3d5,False,0.04571428522467613,4.312887299999602,
1796,2214,advantage endgame exposedKing sacrifice veryLong,51,27,g6g4,False,0.06927870214413162,6,-0.7146152853965759,h4g4,True,0.8557142615318298,0.8979349000001093,
1798,2132,advantage endgame fork long pin,62,24,g3g4,False,0.2134465918641158,2,-0.1765248030424118,f3e4,True,0.8385714292526245,3.8733352999997805,
1800,2325,attraction crushing kingsideAttack middlegame sacrifice short,47,47,d5f4,False,0.10738748259064773,3,0.18665242195129395,d6f6,False,0.1071428582072258,3.5192525000002206,
1802,2086,crushing long middlegame pin trappedPiece,66,52,f4g6,True,0.4078144574290568,1,-0.21933811902999878,f4g6,True,0.9785714149475098,3.872507100000803,
1804,1958,exposedKing long mate mateIn3 middlegame sacrifice,43,33,d5e3,True,0.8473016763833283,1,-0.6472190618515015,d5e3,True,0.9900000095367432,0.4662183999998888,
1806,1946,advantage middlegame pin short,40,45,e1e5,False,0.05311132663707984,4,0.43859434127807617,f1f7,True,0.8942857384681702,4.133985200000097,
1808,2316,advancedPawn advantage discoveredAttack kingsideAttack long middlegame,34,52,d4e4,False,0.22291162098194225,2,-0.24781198799610138,g6f7,True,0.7200000286102295,4.06254109999918,
1810,1929,crushing endgame hangingPiece knightEndgame short,104,14,d5c7,True,0.5078817187843466,1,0.030389007180929184,d5c7,True,0.9757142663002014,4.192914000000201,
1812,1941,advantage exposedKing long middlegame pin,66,39,e3e8,False,0.2705783654908653,2,0.7408962249755859,g3g6,True,0.9714285731315613,4.028977299999497,
1814,2346,advantage fork hangingPiece intermezzo middlegame short,74,29,h5e8,True,0.7662534195717517,1,-0.5775073766708374,h5e8,True,0.9942857027053833,4.326541800000086,
1816,2100,advantage endgame long pin quietMove sacrifice,50,39,e5f6,False,0.024605927913725966,9,-0.39544036984443665,e5f6,False,0.0014285714132711291,3.999536199999966,
1818,2128,advantage long middlegame trappedPiece,30,56,c7b7,False,0.26747689768226096,2,-0.4324452579021454,d5f6,True,0.9714285731315613,4.839114600000357,
1820,2085,crushing defensiveMove endgame hangingPiece master short,87,27,h1d1,True,0.9596862658654955,1,0.7646482586860657,h1d1,True,0.9985714554786682,4.709181299999727,
1822,2141,crushing defensiveMove endgame hangingPiece long master masterVsMaster,103,8,b2a4,False,0.439810541058318,2,0.07305833697319031,b2a4,False,0.08857142925262451,4.864120199999888,
1824,2276,crushing middlegame pin veryLong,46,52,h5g6,True,0.44648010761242113,1,-0.9672626256942749,h5g6,True,0.9785714149475098,2.8392665000001216,
1826,2200,crushing middlegame pin veryLong,61,37,g5g4,True,0.6204014427633227,1,-0.9522177577018738,g5g4,True,0.9800000190734863,5.064457699999366,
1828,2045,advantage attraction endgame exposedKing fork veryLong,72,19,g5e6,False,0.080463728891447,3,0.37166303396224976,g5e6,False,0.0057142856530845165,4.748346400000628,
1830,1921,discoveredCheck doubleCheck endgame mate mateIn2 short,46,26,f6d7,False,0.033482579086982316,6,-0.04832084849476814,f6d7,False,0.0014285714132711291,4.424353400000655,
1832,2241,capturingDefender crushing long middlegame pin,34,52,e6f7,False,0.28100290879389445,3,0.678604245185852,d1b3,True,0.9257143139839172,4.605184699999882,
1834,2194,advancedPawn advantage attraction kingsideAttack long opening,24,52,g6f7,True,0.4653910061222163,1,0.6960298418998718,g6f7,True,0.9571428298950195,4.4862429999993765,
1836,2030,advantage endgame pin short,88,18,a3a4,False,0.05057743133220697,4,-0.10132601112127304,c4c5,True,0.9242857098579407,4.451867799999491,
1838,1957,crushing discoveredAttack discoveredCheck middlegame short,47,32,f2d1,True,0.8677484834821458,1,0.3916991055011749,f2d1,True,0.9928571581840515,4.39366869999958,
1840,2096,crushing endgame fork long,67,26,b5d3,True,0.38479192359436376,1,-0.9186421036720276,b5d3,True,0.9757142663002014,4.363120900000467,
1842,1967,advantage middlegame pin short,31,29,e7e2,False,0.04061149448821247,3,-0.30215734243392944,d4f3,True,0.7128571271896362,4.7534231999998156,
1844,1975,crushing fork long middlegame,57,39,f6f3,True,0.3451607204069699,1,-0.3431548774242401,f6f3,True,0.9728571176528931,4.785857099999703,
1846,2090,crushing defensiveMove endgame long sacrifice,66,4,f2g1,False,0.37815997260557105,2,-0.14832106232643127,f2f3,True,0.7828571200370789,1.8338907000006657,
1848,2110,advantage endgame hangingPiece short,71,44,c4a6,False,0.06314346656729365,4,0.4526471495628357,c4f7,True,0.9342857003211975,4.880069299999377,
1850,2081,crushing deflection endgame long queenEndgame,114,27,e5h8,False,0.24847936356009925,3,0.006258513778448105,f5f6,True,0.9328571557998657,4.845176900000297,
1852,2329,attackingF2F7 crushing fork intermezzo master middlegame veryLong,46,40,h5f3,False,0.1170839687700953,4,-0.09128353744745255,e4d5,True,0.9385714530944824,5.1288332999993145,
1854,1982,advantage fork long middlegame sacrifice,65,44,h7h6,False,0.0009737566826541995,31,-0.18614976108074188,h7h6,False,0.0,4.4224299000006795,
1856,2029,advantage endgame long pin,58,23,f4g4,True,0.4089834294715866,1,-0.6627122759819031,f4g4,True,0.977142870426178,3.47723010000027,
1858,2254,crushing fork long middlegame,54,39,b2c3,False,0.10113389370745363,2,-0.9443610906600952,b2c3,False,0.3742857277393341,3.3863266999996995,
1860,2276,crushing long master masterVsMaster middlegame sacrifice,48,48,d1d3,False,0.0208285188057069,7,0.24779139459133148,d1d3,False,0.2742857038974762,4.135103100000379,
1862,2186,crushing discoveredAttack master middlegame quietMove veryLong,60,45,d4e2,False,0.00445506099178687,9,-0.4090198278427124,f3e4,False,0.0,4.210497899999609,
1864,2003,crushing discoveredAttack long middlegame pin,50,52,f3f2,False,0.012650203401404212,10,-0.9059416651725769,f3f2,False,0.2671428620815277,3.913679299999785,
1866,1922,advancedPawn attraction crushing kingsideAttack long middlegame sacrifice,23,49,d6h2,True,0.3017286056649522,1,-0.3607766628265381,d6h2,True,0.6842857003211975,4.196237799999835,
1868,2052,advancedPawn advantage discoveredAttack long middlegame,62,39,h4h7,True,0.8733478938434618,1,-0.2769395411014557,h4h7,True,0.9928571581840515,4.141278400000374,
1870,2122,crushing defensiveMove endgame hangingPiece master short,98,13,b5c5,True,0.5475271723563098,1,0.49822837114334106,b5c5,True,0.7942857146263123,2.6252589999994598,
1872,2246,advantage middlegame pin short,34,42,e3h3,False,0.24036892105576926,2,-0.3978622257709503,h6g6,True,0.9399999976158142,4.191831999999522,
1874,2054,attraction crushing deflection endgame veryLong,54,43,f4h4,False,0.2889011769667864,2,0.09772881865501404,f4g4,False,0.0357142873108387,4.369863899999473,
1876,1905,crushing middlegame pin short,53,52,e8e6,False,0.07823363346032694,3,-0.002579656895250082,a6b7,True,0.9485714435577393,3.4790978999999425,
1878,1958,crushing endgame skewer veryLong,61,23,b6b2,True,0.7729402329651825,1,-0.9597922563552856,b6b2,True,0.9871428608894348,3.5647447999999713,
1880,1904,bishopEndgame endgame mate mateIn2 short,89,17,c1a3,False,0.11903796574882669,4,-0.4037429392337799,c8b7,True,0.9700000286102295,0.25707599999986996,
1882,2236,crushing deflection long master middlegame,43,36,h4h3,False,0.3113901413283573,2,-0.9484081864356995,h5g3,True,0.9757142663002014,1.5640349999994214,
1884,2031,endgame mate mateIn2 short,56,36,c5a7,True,0.39800336229920036,1,0.14253295958042145,c5a7,True,0.9714285731315613,0.19950580000022455,
1886,2098,crushing endgame short trappedPiece,75,19,e6c5,False,0.04177053599668158,6,-0.010453968308866024,b6c8,True,0.8899999856948853,4.799009499999556,
1888,2016,crushing endgame hangingPiece quietMove veryLong,72,6,h7g8,True,0.7699554720178164,1,-0.9025100469589233,h7g8,True,0.9942857027053833,3.5978776000001744,
1890,1983,advantage discoveredAttack long middlegame pin,52,25,g2h3,True,0.4552949169885258,1,-0.6986950635910034,g2h3,True,0.9814285635948181,3.79814129999977,
1892,1988,advantage discoveredAttack master middlegame short,28,40,f4d6,False,0.004338769776333356,12,-0.006449929438531399,f4h6,False,0.0,4.189917100000457,
1894,1951,crushing endgame hangingPiece long,70,39,f3f6,True,0.42763944466883996,1,-0.36324188113212585,f3f6,True,0.9728571176528931,2.304944599999544,
1896,2053,crushing endgame long master sacrifice,84,46,c1c5,False,0.0008136830690935312,30,0.07291101664304733,c1c7,False,0.0,3.8825150000002395,
1898,2002,deflection endgame mate mateIn2 short,58,31,a4e8,True,0.6246441369483119,1,-0.9777477979660034,a4e8,True,0.9885714054107666,0.11229420000017853,
1900,1978,cornerMate endgame mate mateIn2 short,66,32,e7g7,False,0.0558471552680441,2,0.013344816863536835,e7e8,True,0.9385714530944824,0.31560559999979887,
1902,1929,advantage fork long middlegame quietMove,58,45,h5f6,False,0.14844294171546757,4,0.007699958514422178,d3g3,True,0.9557142853736877,3.574791600000026,
1904,2256,crushing fork middlegame short,36,47,f3f6,False,0.13171457948026255,3,-0.037151895463466644,c5e7,True,0.9614285826683044,4.188608899999963,
1906,1963,attraction crushing endgame fork veryLong,72,18,a1a8,True,0.5476270832164415,1,-0.6026026606559753,a1a8,True,0.9800000190734863,3.650039099999958,
1908,2039,advantage fork long middlegame,27,33,c5d4,True,0.6741040322008774,1,-0.500798225402832,c5d4,True,0.9871428608894348,4.216374599999654,
1910,2068,endgame mate mateIn2 short,71,20,c7c6,False,0.13285234321774797,3,0.06761704385280609,e7d6,True,0.9657142758369446,0.26896189999933995,
1912,2212,advantage discoveredAttack middlegame short,39,43,d6c7,True,0.6898968044252969,1,0.188967764377594,d6c7,True,0.9357143044471741,4.284560699999929,
1914,1981,advantage defensiveMove hangingPiece long master middlegame,51,50,c3e2,True,0.49019792448400873,1,-0.43834903836250305,c3e2,True,0.9857142567634583,3.5210901999998896,
1916,2159,advantage discoveredAttack discoveredCheck middlegame short,50,34,h5g7,False,0.17442140047727428,3,-0.3235332667827606,h5g3,True,0.9700000286102295,4.27619279999999,
1918,2248,attraction crushing kingsideAttack middlegame sacrifice short,54,42,b1e1,False,0.013512657651848428,10,-0.6927819848060608,g1g7,True,0.44428572058677673,3.7702730000000884,
1920,1924,bishopEndgame crushing endgame quietMove sacrifice short,80,9,g2f1,False,0.02347474978832743,3,0.1128307357430458,g2f1,False,0.0028571428265422583,3.666187899999386,
1922,2006,advantage middlegame pin short,39,41,g7d4,False,0.15537013352805926,2,-0.8860027194023132,g7h6,True,0.9657142758369446,3.8337482000006275,
1924,2022,endgame long mate mateIn3,84,31,d5d8,False,0.16092780343350704,3,0.33952462673187256,d5d6,True,0.949999988079071,0.32658100000026025,
1926,1978,clearance crushing defensiveMove long middlegame sacrifice,57,4,f7e6,True,0.6025165411233238,1,0.09756527096033096,f7e6,True,0.9800000190734863,3.8277859999998327,
1928,2031,advantage long master middlegame pin,45,30,c8c6,True,0.7869228758215593,1,0.3629226088523865,c8c6,True,0.9457142949104309,4.267627999999604,
1930,1910,advantage discoveredAttack middlegame short,43,39,d7f6,True,0.43870233494217536,1,-0.3328796923160553,d7f6,True,0.9757142663002014,4.237860199999886,
1932,1932,attraction endgame exposedKing long mate mateIn3,74,27,g2g7,True,0.9795735888176857,1,0.7860475182533264,h6g7,False,0.3157142996788025,3.805030800000168,
1934,2128,advancedPawn crushing endgame long rookEndgame sacrifice,122,14,g8f8,False,0.04242100129672888,2,-0.31971919536590576,d4d5,True,0.8614285588264465,4.5706837000007,
1936,2222,crushing endgame hangingPiece rookEndgame short,80,11,d2e1,False,0.13584090989510703,2,-0.07600767910480499,d2e1,False,0.19285714626312256,4.2448709999998755,
1938,2187,attraction fork long mate mateIn3 middlegame sacrifice,55,44,g8f8,False,0.00026986384999762807,18,-0.27342358231544495,g8f8,False,0.0,4.20542690000002,
1940,2011,attraction crushing endgame long sacrifice skewer,74,29,e2d2,False,0.0003179757193639332,26,-0.12552118301391602,h4h5,False,0.0,4.201623500000096,
1942,2131,crushing fork middlegame short,47,36,c5f2,True,0.2775343532543162,1,-0.7810705304145813,c5f2,True,0.9785714149475098,2.0924047000007704,
1944,2297,crushing fork middlegame short,56,38,f5b5,False,0.03502131324627238,7,0.18273667991161346,f5b5,False,0.2871428430080414,4.356702699999914,
1946,2089,advantage long middlegame pin,36,38,e1d1,False,0.06265408337026245,4,-0.8831917643547058,e1d1,False,0.025714285671710968,4.0020527999995466,
1948,2334,advantage exposedKing fork long middlegame pin,61,35,d5d4,False,0.15074751289814298,2,-0.38190799951553345,c5c2,True,0.9671428799629211,3.7775661999994554,
1950,2239,advantage endgame master rookEndgame trappedPiece veryLong,74,19,e3e4,True,0.3018079015424829,1,-0.43253031373023987,d3e2,False,0.22142857313156128,3.8142106000004787,
1952,2104,advantage defensiveMove fork long middlegame,23,45,b2b4,True,0.5210145576571861,1,0.00277550145983696,b2b4,True,0.9671428799629211,4.371742499999527,
1954,2113,crushing exposedKing fork long middlegame sacrifice,44,2,g1h2,True,0.6613592329428059,1,0.15082156658172607,g1h2,True,0.9857142567634583,3.180025200000273,
1956,2297,crushing defensiveMove deflection endgame veryLong,90,14,f5e4,False,0.1707852255697803,3,-0.038470447063446045,h5h6,True,0.8785714507102966,4.503325599999698,
1958,2339,endgame long mate mateIn3,75,32,f6h7,False,0.09817825966507608,3,-0.45344436168670654,f6e4,True,0.9142857193946838,0.7347100999995746,
1960,1922,crushing discoveredAttack master middlegame short,62,42,e3f4,True,0.8627516400654167,1,-0.04880459979176521,e3f4,True,0.9928571581840515,4.236176299999897,
1962,2195,crushing fork long middlegame,55,35,e7g5,False,0.057934538327866325,3,-0.9213383197784424,e7g5,False,0.004285714123398066,3.326238900000135,
1964,2024,advantage fork long middlegame,60,34,b7a7,False,0.026538279555456006,3,-0.9096893072128296,f1f5,True,0.8128571510314941,0.9809372999998232,
1966,1943,advantage attraction kingsideAttack long middlegame,42,37,e1e8,True,0.8628741491535509,1,0.06849934905767441,e1e8,True,0.9928571581840515,4.199871599999824,
1968,2195,crushing defensiveMove endgame master pin queenEndgame short,78,23,g4g5,False,0.24134653213961224,2,0.22957876324653625,f4c7,True,0.895714282989502,4.109681300000375,
1970,2036,advantage endgame long trappedPiece,87,29,e8e3,True,0.6263578000701001,1,0.3299776017665863,e8e3,True,0.9357143044471741,4.217453899999782,
1972,2001,advantage hangingPiece middlegame short,19,41,f6d5,True,0.5485354659959275,1,-0.1313953399658203,f6d5,True,0.9842857122421265,4.3581983000003675,
1974,1914,advancedPawn advantage attraction middlegame queensideAttack veryLong,52,43,e5e6,False,0.3643304996842866,2,-0.535317063331604,c6b7,True,0.977142870426178,3.411340499999824,
1976,2268,advantage endgame fork long,41,33,b8b1,False,0.35487880867545557,2,-0.30219653248786926,d5c3,True,0.9557142853736877,3.660087199999907,
1978,2025,advantage discoveredAttack middlegame short,39,42,a8e8,False,0.3048523913198673,2,-0.44183120131492615,f4h3,True,0.9057142734527588,3.7684614999998303,
1980,2262,advantage castling discoveredAttack discoveredCheck master middlegame short,30,32,e1c1,True,0.7183237384892038,1,-0.172228142619133,e1c1,True,0.9857142567634583,4.005903199999921,
1982,2172,advantage deflection fork master middlegame short,59,43,f8f1,False,0.18038244953280083,2,-0.30168014764785767,g4f2,True,0.4942857027053833,4.119532300000174,
1984,1967,crushing discoveredAttack kingsideAttack long middlegame pin,40,50,h6h4,False,0.22234179520374237,2,0.17090429365634918,h6e3,False,0.08285713940858841,4.220517899999322,
1986,2075,backRankMate deflection mate mateIn5 middlegame sacrifice veryLong xRayAttack,52,45,e1d1,False,0.0005493637736249607,20,-0.8125406503677368,e1e4,False,0.0,4.144708599999831,
1988,2073,advancedPawn crushing defensiveMove endgame long sacrifice,52,25,e1e4,False,0.2302073489259349,2,0.044503260403871536,g4g5,False,0.029999999329447746,4.240963500000362,
1990,2151,advantage endgame long pin quietMove,57,37,e4d2,True,0.4024005306299263,1,0.4103415310382843,e4d2,True,0.8014285564422607,4.088112600000386,
1992,2058,advantage defensiveMove hangingPiece middlegame short,49,33,d7f8,False,0.08914665396155413,2,-0.5676714777946472,d4a1,True,0.954285740852356,4.176997700000356,
1994,2081,endgame mate mateIn2 short,62,42,b3g3,True,0.6847134770207429,1,0.5746891498565674,b3g3,True,0.9828571677207947,0.21639609999965614,
1996,1911,deflection kingsideAttack long mate mateIn3 middlegame pillsburysMate,34,54,h5f7,True,0.7502621418441492,1,0.21363817155361176,h5f7,True,0.9757142663002014,4.2442245000002,
1998,2197,advantage fork long middlegame,64,36,f1f4,True,0.6496528812652291,1,0.614479660987854,f1f4,True,0.9828571677207947,4.281512300000031,
2000,2091,crushing endgame master masterVsMaster short trappedPiece,98,20,d7f6,False,0.017135399264880613,8,-0.0349409393966198,d7c5,False,0.09714286029338837,4.654027800000222,
2002,2162,crushing endgame pin veryLong,70,31,e6c6,True,0.4955871711816673,1,0.32747864723205566,e6c6,True,0.9471428394317627,4.299544999999853,
2004,2040,crushing discoveredAttack long middlegame,37,36,c6e5,False,0.003634989975652724,5,-0.03025924786925316,c6e5,False,0.0,3.911267299999963,
2006,1979,attraction crushing exposedKing fork long middlegame,79,30,d2f3,False,0.36138626522642997,2,-0.5391788482666016,g3g1,True,0.9728571176528931,3.7511281999995845,
2008,2172,advantage discoveredAttack discoveredCheck endgame quietMove veryLong,55,25,g7g2,True,0.484582553196232,1,-0.9875428080558777,g7g2,True,0.9814285635948181,0.3814182999994955,
2010,2307,crushing endgame interference sacrifice veryLong,65,41,c3a1,False,0.007677459126597317,13,-0.602751612663269,c3c1,False,0.0,3.542629200000192,
2012,2178,crushing endgame fork long,90,20,d7f7,False,0.09229218306432592,3,-0.2207394689321518,a5a6,True,0.9485714435577393,4.338921799999298,
2014,2283,crushing middlegame sacrifice veryLong,31,37,d4e6,False,0.23779933220026678,2,-0.5132624506950378,g6f4,True,0.9328571557998657,2.8800019000000248,
2016,2272,advantage deflection endgame master short,83,20,h3h6,False,0.2329774540848972,2,-0.11900697648525238,h3f3,True,0.949999988079071,4.181864600000154,
2018,2217,advancedPawn advantage endgame fork veryLong,65,20,c2c1,True,0.24270919501044058,1,-0.96724933385849,c2c1,True,0.9657142758369446,3.336088999999447,
2020,2048,crushing endgame long sacrifice,54,35,e1d1,False,0.31454681983281846,2,-0.3114762306213379,f4b4,True,0.6285714507102966,4.235378800000035,
2022,2079,crushing defensiveMove hangingPiece middlegame short,48,43,c6a8,True,0.6698032204544134,1,-0.3808499872684479,c6a8,True,0.9700000286102295,2.5292917999995552,
2024,2332,advantage discoveredAttack long middlegame,28,36,c3e4,False,0.12373053509433903,3,-0.06609048694372177,c3b5,True,0.8242856860160828,4.071287900000243,
2026,1906,crushing fork long middlegame,34,38,e3d3,False,0.08687013548315187,3,-0.25012582540512085,d4f5,True,0.9557142853736877,4.1980077999996865,
2028,2174,crushing middlegame pin queensideAttack veryLong,28,41,d4a7,True,0.4415592417742387,1,-0.4763830006122589,d4c3,False,0.09571428596973419,3.811755899999298,
2030,2083,crushing discoveredAttack discoveredCheck middlegame sacrifice veryLong,44,32,f4f5,True,0.7506429826100637,1,-0.39092543721199036,g3c3,False,0.24714285135269165,4.289200700000038,
2032,2183,crushing fork master middlegame short,35,36,f4f3,False,0.20807877100676145,2,-0.7652710676193237,f4e4,True,0.9514285922050476,3.645401700000548,
2034,2345,advantage fork master middlegame veryLong,69,38,e5e4,True,0.7295542474518384,1,0.14743833243846893,e5e4,True,0.9814285635948181,4.078113599999597,
2036,2078,deflection long mate mateIn3 middlegame,46,39,d3f5,False,0.4008750380345343,2,0.10447279363870621,d3f5,False,0.0771428570151329,3.7873974000003727,
2038,2083,crushing endgame long master pin,84,28,h1g1,True,0.6751815009727773,1,-0.08660656213760376,h1g1,True,0.9457142949104309,3.879594299999553,
2040,1917,advantage deflection middlegame short,49,36,g7f7,True,0.27615276565939645,1,-0.584671139717102,g7f7,True,0.9700000286102295,4.379998099999284,
2042,1959,advantage deflection long middlegame,64,44,d6g6,True,0.6993604037920415,1,-0.23428747057914734,d6g6,True,0.991428554058075,4.630871299999853,
2044,2030,crushing endgame hangingPiece long,56,36,e1e7,False,0.04852002340354498,2,0.36689525842666626,f3a8,True,0.9257143139839172,4.295268400000168,
2046,2221,advantage long middlegame pin,69,30,g5h5,False,0.009629712733794881,5,-0.413955956697464,g5h5,False,0.0071428571827709675,4.673393000000033,
2048,2037,endgame mate mateIn2 rookEndgame short,73,27,a3a4,False,0.4807826126152598,2,0.3493521809577942,d4a4,True,0.9828571677207947,0.20171019999997952,
2050,2193,crushing kingsideAttack master middlegame pin sacrifice veryLong,48,34,b2b3,False,0.0005861458844303621,6,0.35974302887916565,b2b3,False,0.0,4.566615099999581,
2052,2107,advantage fork hangingPiece long middlegame,46,41,b3e6,True,0.8324978505933962,1,-0.4130527377128601,b3e6,True,0.9885714054107666,4.461225399999421,
2054,2018,advancedPawn crushing endgame pin short,62,38,b4f8,False,0.2360550598533677,2,0.4630208909511566,e6e7,True,0.9571428298950195,0.8079816999998002,
2056,2281,advantage defensiveMove discoveredAttack middlegame veryLong,38,5,d2e2,True,0.5450706575931843,1,-0.8564962148666382,d2e1,False,0.22857142984867096,4.312715899999603,
2058,2104,advantage middlegame pin short,54,38,e5b5,False,0.0048040433126979075,7,-0.467790812253952,e5b5,False,0.0,4.841667199999392,
2060,1935,crushing kingsideAttack middlegame pin short,42,41,h6g6,True,0.48325908038657606,1,-0.09936641156673431,h6g6,True,0.9828571677207947,3.2629941999994116,
2062,1992,crushing endgame pin veryLong,67,34,g4g3,False,0.17137970986592088,2,-0.16057159006595612,h2h1,True,0.8442857265472412,4.4758183000003555,
2064,1975,advantage hangingPiece long middlegame pin,70,39,e6g7,True,0.7809196029994212,1,0.12439650297164917,e6g7,True,0.9828571677207947,5.043756999999459,
2066,1998,crushing deflection endgame rookEndgame veryLong,74,16,c3c7,True,0.8639563301623694,1,-0.002403485355898738,c3c7,True,0.9900000095367432,4.781338599999799,
2068,1952,crushing endgame long pin,75,33,g2g8,False,0.2248408957004953,2,-0.6945256590843201,g2g4,True,0.977142870426178,1.5864982000002783,
2070,2062,advantage defensiveMove long opening sacrifice,27,3,e8f7,True,0.8079226347129285,1,-0.9291071891784668,e8f7,True,0.9942857027053833,3.6541809999998804,
2072,1908,exposedKing long mate mateIn3 middlegame,40,45,c4f7,False,0.06710253207641383,4,0.39349043369293213,g7g8,True,0.9442856907844543,0.515900700000202,
2074,2180,attraction crushing middlegame sacrifice veryLong,39,35,a5a4,False,0.01067686777882875,12,-0.4086366593837738,b8d8,False,0.02428571507334709,4.4159921000000395,
2076,2233,crushing long middlegame xRayAttack,43,39,e7d5,False,0.13570083403092192,3,-0.018336914479732513,f8c8,True,0.8399999737739563,3.5870534000005136,
2078,2309,advantage long middlegame sacrifice trappedPiece,29,26,d8d7,False,0.028065658245086396,6,-0.20675013959407806,e6c7,False,0.019999999552965164,4.332334900000205,
2080,2177,advantage defensiveMove exposedKing long middlegame pin,83,3,g7h7,False,0.2879143885196795,2,-0.7192019820213318,g7f8,True,0.9800000190734863,2.705613600000106,
2082,2173,capturingDefender crushing middlegame short,49,54,g7d4,False,0.002044835998075097,21,0.009178328327834606,g7d4,False,0.0,4.63214649999918,
2084,2193,crushing discoveredCheck doubleCheck middlegame veryLong,43,35,e5g4,False,0.004788687510590502,7,-0.16363175213336945,e5g4,False,0.0,4.876684900000328,
2086,2182,crushing discoveredAttack endgame long,75,26,f4g3,False,0.17421938096381465,3,-0.25259071588516235,f2g3,True,0.9557142853736877,5.49801269999989,
2088,2238,advantage long middlegame sacrifice,68,39,f3f8,True,0.6016915942576729,1,-0.9728409051895142,f3f8,True,0.9828571677207947,4.80968429999939,
2090,2220,attraction discoveredCheck doubleCheck mate mateIn4 middlegame sacrifice veryLong,46,32,g1g7,True,0.8426327973574265,1,-0.8505136966705322,g1g7,True,0.991428554058075,0.425191199999972,
2092,2144,advancedPawn crushing endgame master promotion skewer veryLong,98,21,h2h1,False,0.01360294138654294,3,-0.1228041723370552,h2h1,False,0.4585714340209961,4.5754151000001,
2094,1946,advantage master middlegame pin short,33,41,b4c3,False,0.00048707969880569475,29,-0.5021053552627563,b4c3,False,0.0,4.106864700000187,
2096,2307,advantage fork long middlegame,33,49,e3d4,False,0.03614162484002115,3,-0.9900441765785217,g4f3,True,0.8799999952316284,3.9231178,
2098,2009,advantage attraction deflection fork long opening sacrifice,18,39,g5f3,False,0.0008641077562378539,17,-0.13879011571407318,g5f3,False,0.0,4.6816689999996015,
2100,2220,crushing deflection discoveredAttack kingsideAttack middlegame veryLong,24,51,d3h7,True,0.46141917232857593,1,0.2642053961753845,d2c4,False,0.05428571254014969,4.951435099999799,
2102,2206,crushing discoveredAttack endgame long pin,76,34,b2b3,False,0.04185972806451115,6,-0.341744065284729,b4b7,True,0.8785714507102966,4.446227299999919,
2104,1961,crushing fork middlegame sacrifice veryLong,45,37,f6g7,False,0.014725459215679724,5,-0.9171277284622192,f6g7,False,0.35285714268684387,4.759439399999792,
2106,1965,advantage discoveredAttack endgame veryLong,81,5,f6e7,False,0.0007578184018180048,4,-0.8353748321533203,f8g8,False,0.0,3.367437599999903,
2108,2228,crushing endgame fork long,108,21,e7g8,True,0.2055790961646038,1,-0.25793159008026123,e7g8,True,0.941428542137146,5.158389999999599,
2110,1909,mate mateIn2 middlegame queensideAttack sacrifice short,39,47,e5f6,False,0.017224740347383194,4,0.45108580589294434,b4a2,True,0.6385714411735535,1.908416700000089,
2112,2340,advantage deflection discoveredCheck doubleCheck middlegame short,64,47,e4f6,True,0.8534187634802809,1,-0.7122905254364014,e4f6,True,0.9928571581840515,4.348287899999377,
2114,1989,advantage defensiveMove middlegame pin short,48,3,g1h1,True,0.9001638230956897,1,-0.029603594914078712,g1h1,True,0.9942857027053833,4.5210611000002245,
2116,2132,attraction clearance crushing defensiveMove long middlegame sacrifice,43,38,g7f6,False,0.0014945809266466677,5,-0.197302907705307,g7f6,False,0.0,4.699114799999734,
2118,2144,deflection endgame long mate mateIn3 morphysMate sacrifice,69,38,c6a4,False,0.0017440896283966952,14,0.10939125716686249,c6a4,False,0.0,4.7977931999994325,
2120,2108,advantage endgame fork veryLong,64,27,h5h4,False,0.0247851472319602,3,-0.7524871230125427,h6f7,False,0.1485714316368103,4.613269099999343,
2122,2033,bishopEndgame crushing endgame long skewer,111,12,g5h6,False,0.09111757050247137,3,-0.07251595705747604,d1g4,True,0.7328571677207947,4.2461395999998786,
2124,2088,advantage collinearMove discoveredAttack discoveredCheck middlegame veryLong,56,47,e2c4,False,0.09324580447003859,3,-0.13051412999629974,e2c4,False,0.09571428596973419,4.54397280000012,
2126,1919,crushing endgame long queenEndgame skewer,118,28,b5e5,True,0.7020722875502219,1,-0.3362906277179718,b5e5,True,0.9842857122421265,5.087473999999929,
2128,2004,crushing exposedKing kingsideAttack long middlegame pin,58,43,c8f8,False,0.20463641060426693,2,0.1323663294315338,d2g5,True,0.9714285731315613,3.6101564999999027,
2130,1994,crushing endgame fork long,78,29,e5f7,False,0.18180984902511302,3,-0.19685527682304382,f4g5,True,0.9585714340209961,4.898379600000226,
2132,1969,crushing long middlegame pin,56,54,c5g5,True,0.5233986310754176,1,-0.6464018225669861,c5g5,True,0.9628571271896362,2.3606414000005316,
2134,1990,advantage discoveredAttack discoveredCheck endgame long sacrifice skewer,94,22,h6g5,False,0.08754595109727534,3,-0.3360029458999634,f4f5,True,0.9100000262260437,5.130998499999805,
2136,1923,advantage hangingPiece master middlegame short,47,40,b5b4,False,0.06063611186109315,6,-0.3839264512062073,h7e4,True,0.9457142949104309,5.028502299999673,
2138,2328,attraction crushing defensiveMove endgame veryLong,58,33,h3h4,False,0.09772878054422507,5,0.47346436977386475,c3d4,False,0.041428569704294205,4.6243585000001985,
2140,1939,crushing fork long middlegame,39,44,g7g6,False,0.16765128504597032,3,0.4110661745071411,e7d7,True,0.9442856907844543,4.64067519999935,
2142,1916,endgame mate mateIn2 short vukovicMate,84,17,d7f6,True,0.8905151664572047,1,0.5031722784042358,d7f6,True,0.9928571581840515,0.21147819999987405,
2144,1932,mate mateIn2 middlegame pillsburysMate short,57,34,e8e5,False,0.06728404903063767,3,0.3925243318080902,b7f3,True,0.9228571653366089,0.34221489999981713,
2146,2092,advantage fork long master middlegame,31,42,g7b2,False,0.3220948698786078,2,-0.32312169671058655,e4c3,True,0.9685714244842529,1.4316994999999224,
2148,2134,advantage fork middlegame pin veryLong,34,36,e2b5,True,0.8574466346212318,1,-0.3704550564289093,e2e5,False,0.4571428596973419,3.796192200000405,
2150,2046,crushing endgame skewer veryLong,67,25,h3f5,False,0.2736732956773608,2,-0.906732439994812,h3f1,True,0.9614285826683044,3.795642200000657,
2152,1951,advantage attraction master middlegame veryLong,31,42,f7f6,False,0.05253267110710411,5,-0.9781822562217712,a3e3,True,0.9071428775787354,3.937324099999387,
2154,2091,crushing discoveredAttack exposedKing kingsideAttack long middlegame,44,41,h6g7,True,0.6773938019126021,1,0.11688278615474701,h6g7,True,0.9657142758369446,4.023439499999768,
2156,2253,advantage discoveredAttack endgame long master,58,32,f3f4,False,0.007993390749531627,10,-0.14908255636692047,f3g2,False,0.0,4.35036989999935,
2158,2121,advantage attraction long master middlegame,47,34,f4e3,False,0.10973588403679332,4,0.7372114658355713,d8d1,True,0.9371428489685059,4.284997300000214,
2160,2083,attraction crushing long middlegame,52,34,h7f5,True,0.9961536877647906,1,0.5010234713554382,h7f5,True,0.9985714554786682,4.271736600000622,
2162,2056,crushing defensiveMove deflection endgame rookEndgame veryLong,111,17,e5e2,True,0.838492263809484,1,0.07339660823345184,e5e2,True,0.9871428608894348,4.327785099999346,
2164,2044,crushing endgame pin short,93,25,h3h1,False,0.18518964175995256,3,-0.11262515932321548,h3e6,True,0.9171428680419922,5.552663999999822,
2166,2134,fork long mate mateIn3 middlegame,53,35,g7g6,False,0.4095706495064111,2,-0.5242106914520264,g4h6,True,0.9814285635948181,0.25577869999960967,
2168,2015,advantage fork long middlegame,29,39,c7d6,False,0.2823828541786407,2,0.6321197748184204,e4d2,True,0.9571428298950195,5.008654500000375,
2170,2197,advancedPawn advantage kingsideAttack middlegame sacrifice short,45,51,a8a5,False,0.18505949070882272,2,0.4872925877571106,a8a5,False,0.017142856493592262,5.20864900000015,
2172,2322,advantage long middlegame pin sacrifice,59,40,b4c6,False,0.020947150860455826,8,-0.2967597246170044,b4c6,False,0.0014285714132711291,5.073306500000399,
2174,1900,advantage fork middlegame short,53,36,h5g6,True,0.42391898784318105,1,-0.6547995805740356,h5g6,True,0.977142870426178,4.632491299999856,
2176,2182,crushing discoveredAttack discoveredCheck endgame long,55,30,b4c5,True,0.6319185403493063,1,0.14521118998527527,b4c5,True,0.9457142949104309,4.62183610000011,
2178,1908,kingsideAttack mate mateIn2 middlegame short,45,42,g4h3,True,0.8848861163260695,1,-0.554952085018158,g4h3,True,0.9957143068313599,0.12847380000039266,
2180,2050,advantage defensiveMove endgame fork long,71,35,c3g3,True,0.776396014229585,1,-0.062205538153648376,c3g3,True,0.9928571581840515,3.5374548999998296,
2182,1965,advantage interference middlegame short,47,41,g5g2,True,0.7359229258495191,1,-0.6256819367408752,g5g2,True,0.9871428608894348,4.602349500000855,
2184,2123,advantage intermezzo long middlegame sacrifice,59,28,c7d7,False,0.05098511054053003,6,-0.6067062616348267,b7c6,True,0.9300000071525574,4.10342589999982,
2186,2037,mate mateIn2 middlegame queensideAttack sacrifice short,71,45,c3b3,True,0.47330929470177296,1,0.7582226395606995,c3b3,True,0.9514285922050476,0.25754779999988386,
2188,2243,attraction crushing endgame quietMove sacrifice veryLong,54,41,f4g4,False,0.0013316724170382465,20,0.04154757410287857,f4g4,False,0.0,3.9988220999994155,
2190,2025,crushing deflection endgame master rookEndgame short,96,16,h2h6,False,0.03973513547486963,3,-0.11574139446020126,a2a3,True,0.9142857193946838,4.066915399999743,
2192,2005,advantage master middlegame short trappedPiece,43,41,h5d1,False,0.12690610619181944,3,-0.8293271660804749,g7g5,True,0.9157142639160156,4.857673800000157,
2194,2209,crushing fork middlegame sacrifice veryLong,46,45,e7c6,False,0.019711308984599968,7,-0.0770082175731659,d7b7,False,0.012857142835855484,4.708512900000642,
2196,2086,advantage discoveredAttack discoveredCheck exposedKing middlegame veryLong,49,44,c7f4,True,0.47171157015121007,1,0.03342314809560776,c7f4,True,0.9685714244842529,2.847228399999949,
2198,2147,advantage fork interference intermezzo long middlegame,51,43,a8d8,False,0.04711354231449659,4,-0.13857640326023102,c5d3,True,0.9114285707473755,4.831078199999865,
2200,2220,advantage attraction discoveredAttack middlegame pin veryLong,36,45,h6g7,True,0.6617822381372389,1,0.08685864508152008,h6g7,True,0.9399999976158142,4.892659799999819,
2202,2139,blindSwineMate clearance endgame mate mateIn2 quietMove short,55,22,a4a3,False,0.011243649838798633,5,0.20835548639297485,a4a3,False,0.0014285714132711291,5.047839599999861,
2204,2060,advancedPawn bishopEndgame crushing endgame hangingPiece long promotion,100,18,e4b7,True,0.6692759215071157,1,-0.08775819092988968,e4b7,True,0.9685714244842529,4.290030000000115,
2206,2256,advantage clearance long middlegame sacrifice,28,49,a1d1,False,0.0008212231400700426,16,0.08618337661027908,c2a4,False,0.0,4.673471000000063,
2208,1927,advantage fork opening short,25,30,d8a5,False,0.15950850861020047,3,-0.020219236612319946,d8d5,True,0.9385714530944824,3.774088699999993,
2210,2098,crushing middlegame pin short,50,43,e1e6,False,0.22133024374636032,2,-0.5936798453330994,h6g5,True,0.9242857098579407,3.538058600000113,
2212,1926,advantage defensiveMove middlegame pin veryLong,57,4,g8h7,True,0.42770627415835843,1,-0.3478722870349884,g8h7,True,0.8871428370475769,3.5736307999995915,
2214,2266,crushing discoveredAttack long middlegame,47,35,c8b7,True,0.4562654418391227,1,-0.9175248742103577,c8b7,True,0.9785714149475098,2.9679048999996667,
2216,2083,advancedPawn advantage discoveredAttack endgame fork long master,66,38,b2b4,False,0.05948935295213192,6,-0.6214396357536316,f6f7,True,0.9457142949104309,4.229499699999906,
2218,2010,advantage attraction endgame fork sacrifice veryLong,65,34,c2e3,True,0.3391687584187746,1,-0.6378244161605835,e5a5,False,0.25857141613960266,4.153028099999574,
2220,2226,crushing deflection endgame fork long,42,45,e5c3,False,0.01119578939079622,10,0.8261732459068298,e5d6,False,0.27571427822113037,4.279241899999761,
2222,2089,endgame long mate mateIn3 queenEndgame,111,28,f5d3,False,0.06176467530116705,5,-0.0012273706961423159,f5f1,True,0.9285714030265808,0.5561004999999568,
2224,2025,advancedPawn advantage attraction deflection master middlegame queensideAttack short,53,33,b6e3,False,0.03880109910218777,5,0.690596342086792,c3c2,True,0.7985714077949524,3.995665700000245,
2226,2068,advantage middlegame pin sacrifice short,51,46,g6f5,False,0.04295768151019965,6,0.3226584792137146,f8f3,True,0.5199999809265137,3.7608738999997513,
2228,2061,endgame exposedKing long mate mateIn3,107,27,d4e2,False,0.40039963524274225,2,-0.9240731596946716,d4f3,True,0.9742857217788696,0.23717219999980443,
2230,1967,advantage capturingDefender deflection endgame intermezzo long sacrifice,57,35,d2c2,False,0.18161379139580414,2,0.10547839850187302,a4c2,True,0.9671428799629211,3.3131716000007145,
2232,2126,crushing deflection long middlegame pin,51,37,f8f3,False,0.2865845687347403,2,0.022678328678011894,h4h2,True,0.9700000286102295,4.185748500000045,
2234,2215,advantage defensiveMove endgame hangingPiece quietMove veryLong,80,36,a6c8,True,0.5676352600209928,1,-0.5983445644378662,a6c8,True,0.9857142567634583,4.076833400000396,
2236,2038,advancedPawn crushing endgame long promotion sacrifice,64,22,c2c3,False,0.132234458520432,5,0.12423143535852432,c2c3,False,0.015714285895228386,3.867792900000495,
2238,2317,advantage long middlegame pin quietMove,52,41,e1e3,True,0.71066254993455,1,-0.566752552986145,e1e3,True,0.9814285635948181,2.1339961000003314,
2240,2250,advantage endgame fork short,118,33,f1f4,False,0.1031532263562903,5,0.03744067624211311,d5b5,True,0.941428542137146,3.703965500000777,
2242,1957,advantage fork long middlegame,27,3,c8e6,True,0.7910696994262506,1,-0.38926398754119873,c8e6,True,0.9942857027053833,3.7533471000006102,
2244,2179,advantage defensiveMove fork long opening,17,29,a8c8,True,0.47296587975305765,1,0.07155684381723404,a8c8,True,0.9728571176528931,4.2694661000005,
2246,1972,crushing discoveredAttack long middlegame,54,28,b5c6,True,0.9545562579248852,1,-0.9854083061218262,b5c6,True,0.9957143068313599,4.087183799999366,
2248,2041,advantage intermezzo master opening pin veryLong,20,37,b5c6,True,0.3574113796439216,1,-0.27353689074516296,f4e5,False,0.10999999940395355,4.340913400000318,
2250,2273,advantage fork middlegame veryLong,39,38,a8d8,False,0.20968058230148234,2,0.32715553045272827,f5h4,True,0.9614285826683044,4.313474100000349,
2252,1959,advantage clearance middlegame pin veryLong,69,32,e3h3,True,0.9202315202542336,1,-0.6513465642929077,e3h3,True,0.9957143068313599,4.129308100000344,
2254,1940,advantage middlegame pin short,61,39,e7d6,True,0.36477184507712945,1,-0.4607851207256317,e7d6,True,0.9685714244842529,3.2769200000002456,
2256,1975,advantage deflection endgame master short,78,37,c1h6,False,0.017720180098429503,9,-0.4593087434768677,g1g7,True,0.6514285802841187,3.76147839999976,
2258,2177,advantage deflection endgame short,91,38,g4g1,False,0.005174118529859426,7,0.0013208640739321709,g4g1,False,0.0,3.983640800000103,
2260,1922,collinearMove crushing discoveredAttack discoveredCheck kingsideAttack middlegame short,49,33,h3g4,False,0.10225244519518487,3,0.5218767523765564,g2g4,True,0.8642857074737549,3.5733711000002586,
2262,1901,advantage endgame fork master short,65,46,d5c4,False,0.0668525825413196,3,0.45952966809272766,d3e1,True,0.8271428346633911,4.91224289999991,
2264,2075,crushing kingsideAttack middlegame pin sacrifice short,42,60,e1e8,False,0.0025507926032062055,6,0.8035392165184021,e1e8,False,0.0,4.8498447999991185,
2266,1947,advantage discoveredCheck doubleCheck kingsideAttack long opening,24,44,e2c4,True,0.8295269032803952,1,-0.35252925753593445,e2c4,True,0.9942857027053833,4.28106359999947,
2268,2018,advantage deflection middlegame short,56,39,e6g5,False,0.07271702224072236,4,-0.36723020672798157,h2h6,True,0.9342857003211975,4.345980399999462,
2270,2138,advantage fork long middlegame pin,41,33,g7g6,False,0.20164273724838924,2,-0.8245362043380737,a5a3,True,0.9728571176528931,5.107952600000317,
2272,2317,mate mateIn2 middlegame short,34,48,h4g4,True,0.5119015667532893,1,0.21278409659862518,h4g4,True,0.9757142663002014,0.4405405999996219,
2274,2331,advantage collinearMove deflection discoveredAttack discoveredCheck fork middlegame sacrifice veryLong,56,35,h6f5,False,0.26466859481086735,2,-0.1304122358560562,f2f7,True,0.977142870426178,5.257734299999356,
2276,2291,advantage endgame long pin,69,30,c3c1,False,0.0006796488605584703,22,-0.8724013566970825,c3c1,False,0.0,4.804945500000031,
2278,2232,crushing exposedKing fork long master middlegame,46,50,e5f7,False,0.22484262788833145,2,-0.4110103249549866,e5g6,True,0.9171428680419922,4.427864799999952,
2280,2253,advantage middlegame quietMove sacrifice veryLong,48,42,e4f2,False,0.02988897750729821,6,-0.39906930923461914,e4f6,True,0.7900000214576721,1.294881400000122,
2282,2055,advantage long middlegame sacrifice,54,40,e2f2,False,0.01045485613517543,13,-0.27581214904785156,e2f2,False,0.13285714387893677,4.151682699999583,
2284,2257,advantage endgame pin short,72,39,e5d4,False,0.2840604339131831,2,-0.05112137272953987,e5d4,False,0.2685714364051819,4.552351000000272,
2286,2164,crushing discoveredAttack discoveredCheck fork long middlegame sacrifice,46,44,e2f3,False,0.0007804116184901585,13,-0.2982792556285858,c3c4,False,0.0,4.45251350000035,
2288,2202,advantage capturingDefender master masterVsMaster middlegame short,42,31,e5e1,False,0.001416191976919354,9,0.07373207807540894,e5e2,False,0.0,3.771084800000608,
2290,2132,crushing middlegame pin quietMove short,53,29,h8e8,False,0.11426611413842988,3,-0.6349173784255981,c7a5,False,0.33571428060531616,3.288558799999919,
2292,1934,advantage discoveredAttack master middlegame short,46,40,g4g5,False,0.00037362903538572186,16,-0.7074389457702637,g4g5,False,0.0,4.083439799999724,
2294,2050,advantage interference middlegame short,45,43,c8a6,True,0.8581075941981761,1,-0.9366579055786133,c8a6,True,0.991428554058075,3.6481936000000132,
2296,2172,advantage endgame long pin,64,39,g2g4,False,0.021624318956112006,10,-0.2767069935798645,f5h5,True,0.7671428322792053,4.016558499999519,
2298,1982,advantage defensiveMove fork long middlegame pin,57,46,e8e1,True,0.34732974343892914,1,-0.4539169371128082,e8e1,True,0.9014285802841187,3.910102800000459,
2300,2333,advancedPawn crushing deflection endgame promotion rookEndgame veryLong,88,22,d6d7,False,0.011537103143419644,3,0.2583344578742981,d6d7,False,0.0028571428265422583,4.232016799999656,
2302,2069,advantage fork middlegame veryLong,49,43,d5h1,False,0.33655952731844274,2,-0.0374743826687336,c4e5,False,0.2628571391105652,4.090070700000069,
2304,2307,advantage endgame fork short,66,38,d8d6,True,0.5610884763120338,1,0.061710309237241745,d8d6,True,0.6357142925262451,4.911398299999746,
2306,2064,advantage endgame long pin quietMove,57,24,b2a2,False,0.2478874290828548,2,-0.8396502733230591,g8c8,True,0.7014285922050476,5.048125599999366,
2308,1917,crushing endgame fork short,85,34,b2c3,False,0.07225627619201325,3,0.47488701343536377,b2a3,True,0.9300000071525574,4.631017300000167,
2310,2099,advantage endgame fork long pin sacrifice,65,28,g6h5,False,0.22101062553047635,2,-0.6631565690040588,d5f3,True,0.9642857313156128,4.531390400000419,
2312,2005,crushing discoveredAttack discoveredCheck exposedKing long middlegame,44,34,g7f6,False,0.004915640584821834,15,0.04133584722876549,g7f6,False,0.0,4.570363099999668,
2314,2028,advancedPawn advantage discoveredAttack discoveredCheck long middlegame,74,52,f1f8,False,0.2395187358403577,2,-0.7050043940544128,d5d6,True,0.9714285731315613,4.58072809999976,
2316,2260,crushing fork middlegame pin veryLong,18,27,a3c5,False,0.12280882415595872,2,-0.1255553513765335,e2b5,True,0.9528571367263794,5.637238799999977,
2318,1980,crushing hangingPiece master middlegame short,54,2,g1g2,True,0.9563473353383307,1,-0.4221878945827484,g1g2,True,0.9985714554786682,4.726477900000646,
2320,2149,advantage attraction endgame sacrifice skewer veryLong,67,30,f7g6,False,0.00020938974800358817,14,0.6678292751312256,f7g6,False,0.0,4.647854299999381,
2322,2256,advantage discoveredAttack long middlegame,48,34,a3b4,True,0.5677004878418932,1,-0.9667941927909851,a3b4,True,0.9757142663002014,5.48988240000017,
2324,2333,advantage hangingPiece opening short,13,3,e8f7,True,0.9874004130024692,1,0.09082755446434021,e8f7,True,0.9985714554786682,4.266905100000258,
2326,2087,crushing middlegame pin short,40,44,d5f6,True,0.4740319560572158,1,-0.061743710190057755,d5f6,True,0.8928571343421936,4.09313740000016,
2328,2098,attraction exposedKing kingsideAttack long mate mateIn3 middlegame,28,41,h6g7,True,0.455645690013072,1,-0.1763615757226944,h6g7,True,0.9785714149475098,0.27520449999974517,
2330,2111,crushing deflection endgame short,58,22,h4f5,False,0.27672967075147054,2,0.35104796290397644,h4g6,True,0.8771428465843201,4.332233500000257,
2332,2200,crushing deflection endgame exposedKing long,58,41,h2h3,False,0.1983824166996547,3,-0.11140953749418259,c3e5,True,0.9171428680419922,3.1841371999998955,
2334,2072,advantage discoveredAttack discoveredCheck endgame short,96,2,h5g5,True,0.9588777317915612,1,-0.01881100982427597,h5g5,True,0.9957143068313599,4.116335599999729,
2336,2012,mate mateIn2 middlegame short,65,26,b6d5,True,0.40790358816039407,1,-0.9231463074684143,b6d5,True,0.9857142567634583,0.24550679999993008,
2338,2075,advantage middlegame pin short,80,37,d3d7,False,0.054869037637198706,7,-0.10919713228940964,h4g6,True,0.9200000166893005,4.5052771000000575,
2340,2106,cornerMate mate mateIn2 middlegame short,70,29,d1d8,False,0.0511767963487929,3,-0.7443926930427551,d1d8,False,0.0028571428265422583,4.669977600000493,
2342,2125,advancedPawn advantage deflection endgame long promotion,74,10,c5d4,False,0.1539520709782246,2,-0.22487618029117584,c5d4,False,0.022857142612338066,4.604910999999447,
2344,2173,crushing endgame fork long pin,87,24,c3a5,False,0.020672808601909905,5,-0.5220893025398254,c3d2,False,0.0028571428265422583,4.774095599999782,
2346,2071,bishopEndgame crushing endgame quietMove trappedPiece veryLong,85,10,g7h7,False,0.03249055942015836,2,-0.5315473675727844,g7h7,False,0.12857143580913544,4.83325860000059,
2348,2132,attraction crushing middlegame short,33,41,c6g2,True,0.5213522936522267,1,0.05734839290380478,c6g2,True,0.9671428799629211,4.688532999999552,
2350,1995,crushing discoveredAttack fork middlegame veryLong,38,35,f4e5,True,0.9049308173708531,1,0.22170735895633698,f4e5,True,0.9942857027053833,4.744348900000659,
2352,1921,advantage long middlegame pin,33,45,f6e4,True,0.783322862134524,1,-0.21805475652217865,f6e4,True,0.9900000095367432,5.253560000000107,
2354,2177,advantage discoveredAttack long middlegame,40,35,d1d7,False,0.014614846180033968,2,-0.060899507254362106,d1d7,False,0.0028571428265422583,4.431907600000159,
2356,2105,crushing endgame hangingPiece master rookEndgame short,85,8,d3e4,True,0.9625681776784394,1,-0.3516603410243988,d3e4,True,0.9957143068313599,4.99342390000038,
2358,2027,crushing endgame long sacrifice skewer,51,32,h6g7,False,0.000686700713539826,8,-0.47728431224823,h6g7,False,0.0,4.71151220000047,
2360,2318,kingsideAttack long mate mateIn3 middlegame,36,48,d5e7,False,0.052029855206617064,3,0.22749941051006317,d5e7,False,0.48571428656578064,2.5219852000000174,
2362,1970,crushing endgame fork long,75,31,a3d6,False,0.3698085474334699,2,-0.3595886528491974,f8d6,True,0.7557142972946167,5.0435145000001285,
2364,2025,crushing deflection endgame long,65,29,c6f3,False,0.14430497494680156,2,-0.6933479905128479,c6f3,False,0.4628571569919586,4.8250552999998035,
2366,1949,kingsideAttack master masterVsMaster mate mateIn2 middlegame pin short,30,40,h6h7,False,0.10082333808577586,3,-0.14575430750846863,h5g6,True,0.9642857313156128,0.20310520000020915,
2368,2098,advantage endgame fork short,62,42,d5e5,False,0.19364783950163303,3,-0.7970500588417053,d5b7,True,0.9671428799629211,5.58235760000025,
2370,2097,long mate mateIn3 middlegame operaMate sacrifice,55,27,h5h3,True,0.2024886346021618,1,-0.2769041955471039,h5h3,True,0.977142870426178,0.2635423000001538,
2372,2100,advantage middlegame sacrifice short,27,45,h7h6,False,0.0005381830026464648,19,-0.22346851229667664,h7h6,False,0.0,4.6592860000000655,
2374,2013,attraction crushing kingsideAttack middlegame sacrifice short,43,34,d8h4,False,0.023214693004848536,4,-0.6574727296829224,d8h4,False,0.23000000417232513,4.326435599999968,
2376,2292,crushing endgame long skewer,150,25,b6b5,False,0.005474612854076301,14,0.03260650113224983,b6e6,False,0.0,4.6622529999995095,
2378,2346,advantage long middlegame trappedPiece,42,41,h1g1,True,0.7072296335019099,1,-0.3943857252597809,h1g1,True,0.9728571176528931,4.738516700000218,
2380,2126,crushing discoveredAttack kingsideAttack long middlegame,44,47,e6d7,True,0.6170934982312405,1,0.12068364769220352,e6d7,True,0.954285740852356,4.530683599999975,
2382,1952,mate mateIn2 middlegame sacrifice short,63,41,b3b2,False,0.12764944188243482,2,0.09101370722055435,b3a3,True,0.9700000286102295,0.23260019999997894,
2384,2338,advantage clearance middlegame pin short,29,49,b4b5,True,0.22789598149267487,1,0.2980496883392334,b4b5,True,0.9399999976158142,5.249145899999348,
2386,2069,advantage deflection fork long middlegame sacrifice,37,50,e5f6,False,0.19665951893252376,3,-0.16676682233810425,f8f2,True,0.9628571271896362,4.519210600000406,
2388,2018,advantage capturingDefender discoveredAttack middlegame short,30,35,h2h3,False,0.03131270544832157,5,-0.023025887086987495,f3e5,True,0.854285717010498,4.135195500000009,
2390,2072,crushing hangingPiece master middlegame short superGM,29,36,h8h7,True,0.9242149529033614,1,0.27637335658073425,h8h7,True,0.9957143068313599,3.776730999999927,
2392,2064,advantage discoveredAttack discoveredCheck interference long middlegame,46,44,b3c4,False,0.2672737829342968,2,-0.7909573316574097,b3d5,True,0.8171428442001343,4.215374000000338,
2394,2178,advantage attraction fork long middlegame,43,40,h4f6,False,0.0026924545294822297,9,-0.6626176834106445,d4f2,False,0.0,4.272161699999742,
2396,2110,long mate mateIn3 middlegame pillsburysMate sacrifice,55,36,e5d3,False,0.06646203963889373,4,-0.8444194793701172,e5c6,True,0.8714285492897034,0.6747352000002138,
2398,2277,crushing endgame sacrifice short,78,2,g1h2,True,0.7772021152055828,1,0.4665997326374054,g1h2,True,0.991428554058075,4.0258170999995855,
2400,2175,crushing deflection endgame queensideAttack short,60,26,a7a8,True,0.6062729520608786,1,0.4049282371997833,a7a8,True,0.8214285969734192,4.133720200000425,
2402,2169,crushing endgame fork long,60,26,d8e8,False,0.18055076517586718,2,0.46523749828338623,b6c5,True,0.9471428394317627,4.238599599999361,
2404,1965,crushing deflection endgame master short,78,34,d4c4,False,0.0003067430511099507,24,0.42461803555488586,d4d2,False,0.0,4.358937199999673,
2406,2308,advantage defensiveMove hangingPiece middlegame short,33,42,d7b5,False,0.34477957330416503,2,-0.04409833997488022,e6d5,True,0.9457142949104309,4.307837800000016,
2408,1916,attraction crushing master middlegame sacrifice short,21,40,g4h6,False,0.003514361751229691,4,-0.35874253511428833,g4h6,False,0.0,4.202198300000418,
2410,2089,attraction mate mateIn5 middlegame sacrifice veryLong,69,32,b4d6,False,0.019352866218563705,6,-0.9581122398376465,b4a5,False,0.07000000029802322,2.153551499999594,
2412,2016,crushing endgame long skewer,82,23,f6e5,False,0.04409217326929522,5,-0.6016698479652405,f6e6,False,0.0057142856530845165,3.770426299999599,
2414,2093,advantage middlegame short trappedPiece,23,41,e8e7,False,0.14440098969724616,3,-0.1472836136817932,c7c6,True,0.9714285731315613,3.886026700000002,
2416,1988,crushing deflection endgame short,83,19,a2a1,True,0.8214395911641155,1,0.6138154864311218,a2a1,True,0.991428554058075,3.4066076999997676,
2418,1950,crushing endgame rookEndgame short skewer,71,19,b2b4,True,0.5502078798269912,1,-0.17583009600639343,b2b4,True,0.9685714244842529,3.936729799999739,
2420,2083,crushing middlegame sacrifice short,31,42,e8c8,False,0.0050055564623028665,12,-0.5263046026229858,e8c8,False,0.0,4.086267499999849,
2422,1904,advantage deflection middlegame short,19,46,e6d5,False,0.1433177548090899,3,0.431018590927124,b6a5,True,0.9514285922050476,4.360285699999622,
2424,2208,crushing fork middlegame short,57,32,f4g4,False,0.1922142107101109,2,0.2777203321456909,f6g4,True,0.9528571367263794,4.169053699999495,
2426,2085,advantage discoveredAttack long middlegame,26,48,e5f6,False,0.026833880934985756,7,-0.04619957134127617,e5f6,False,0.009999999776482582,4.426714700000048,
2428,2334,advantage hangingPiece middlegame veryLong,42,38,a5e5,True,0.6406526914184496,1,0.2964852750301361,a5e5,True,0.9785714149475098,4.037255799999912,
2430,2135,clearance crushing middlegame sacrifice veryLong,54,38,d1d5,True,0.18895446740448035,1,0.18373551964759827,d1d5,True,0.7171428799629211,1.5469457999997758,
2432,2013,advantage endgame long pin,61,26,e8e1,True,0.3395464575211628,1,-0.9656559824943542,e8e1,True,0.9814285635948181,0.6721322000003056,
2434,2235,mate mateIn2 middlegame sacrifice short,36,41,h5e5,False,0.18869743198211777,3,0.3671374022960663,e1e5,True,0.9714285731315613,0.14130569999997533,
2436,2121,advantage endgame long pin,51,32,f7f3,True,0.41686021472192814,1,-0.7265351414680481,f7f3,True,0.9814285635948181,2.3067166999999245,
2438,1974,crushing interference long middlegame sacrifice,49,32,d8d4,True,0.3871749107508266,1,-0.5125502347946167,d8d4,True,0.9742857217788696,3.9753074999998717,
2440,1921,advantage discoveredAttack middlegame pin short,45,43,f5e4,True,0.24669382200059575,1,-0.16786380112171173,f5e4,True,0.9714285731315613,4.266642100000354,
2442,2265,crushing discoveredAttack discoveredCheck interference kingsideAttack long middlegame,42,33,f5g6,True,0.505717401194675,1,-0.5403623580932617,f5g6,True,0.977142870426178,4.141557800000555,
2444,2052,mate mateIn2 middlegame short,57,28,d8b6,True,0.49299371084950444,1,0.32503584027290344,d8b6,True,0.9714285731315613,0.40992590000041673,
2446,2089,advantage defensiveMove kingsideAttack middlegame sacrifice veryLong,46,43,e2g4,False,0.008828099758859714,10,0.1964912712574005,h2h4,False,0.0,3.803846199999498,
2448,1962,advancedPawn crushing deflection endgame exposedKing promotion rookEndgame veryLong,89,13,e4e3,True,0.4522058262666877,1,0.28021520376205444,e4e3,True,0.6700000166893005,3.6031032999999297,
2450,2235,advantage capturingDefender intermezzo long opening sacrifice,31,37,g5f4,False,0.002428375620905968,9,-0.4829505383968353,c5c4,False,0.0,4.2984888000000865,
2452,2226,crushing deflection middlegame queensideAttack short,38,46,c4c7,False,0.06527879969776072,4,-0.3656279444694519,d4a7,True,0.941428542137146,3.6127622999993037,
2454,2188,crushing endgame fork long master,55,41,f3f4,False,0.10671623742174689,3,0.15521565079689026,f3c3,True,0.9142857193946838,3.7992365000000063,
2456,1986,crushing discoveredAttack discoveredCheck endgame long sacrifice,69,27,a6a5,False,0.004629237981190516,20,0.4443916082382202,b8b7,False,0.0,4.330769799999871,
2458,2134,crushing discoveredAttack middlegame short,35,40,d8h4,False,0.02085907864771925,3,-0.6123358607292175,d6g3,True,0.7485714554786682,4.185959100000218,
2460,2123,advantage defensiveMove hangingPiece middlegame short,39,27,e3f4,False,0.18459857993822973,3,-0.3875817656517029,e6c4,False,0.2842857241630554,4.011947400000281,
2462,2141,endgame long mate mateIn3 sacrifice,73,33,a4d4,False,0.011749234529699414,4,0.2788392901420593,a4d4,False,0.0057142856530845165,4.142350399999486,
2464,2203,crushing long middlegame pin,42,50,c3d5,True,0.40025902640885835,1,-0.37424033880233765,c3d5,True,0.9728571176528931,4.2333420999993905,
2466,1907,attraction mate mateIn2 middlegame pin sacrifice short,50,45,d3e5,False,0.004970434987530618,5,-0.5875434875488281,d3e5,False,0.0,4.286867400000119,
2468,2210,crushing discoveredAttack discoveredCheck endgame fork long,62,21,c8a6,False,0.009513678673201222,9,-0.01873946376144886,c8a6,False,0.0028571428265422583,4.536859400000139,
2470,1931,kingsideAttack mate mateIn2 middlegame short,43,36,c5f2,True,0.864615100991342,1,-0.6252411603927612,c5f2,True,0.9928571581840515,0.24978399999963585,
2472,2024,crushing exposedKing fork middlegame sacrifice veryLong,35,39,g4h2,False,0.01112203925821667,6,-0.5866284966468811,h5h4,False,0.0028571428265422583,5.40541790000043,
2474,2051,attraction discoveredCheck doubleCheck kingsideAttack long mate mateIn3 middlegame sacrifice,28,47,h6e3,False,0.027358578718183438,5,-0.3890758156776428,h6d2,False,0.0057142856530845165,5.130407499999819,
2476,2070,advantage discoveredAttack middlegame veryLong,25,34,c6a5,True,0.3999027329287548,1,-0.7999199628829956,c6a5,True,0.8214285969734192,4.357932799999617,
2478,2148,crushing endgame exposedKing sacrifice veryLong,70,4,e5c5,True,0.7660508194804113,1,-0.31865137815475464,e5c5,True,0.9900000095367432,3.0553853999999774,
2480,2055,intermezzo kingsideAttack long mate mateIn3 middlegame sacrifice,37,52,h4g5,False,0.07407400815915281,5,0.17057494819164276,e5f3,True,0.9428571462631226,0.38425530000040453,
2482,2125,advantage hangingPiece middlegame short,37,41,d8d3,True,0.7868611357223771,1,0.8523180484771729,d8d3,True,0.9857142567634583,4.144123500000205,
2484,2136,crushing long middlegame sacrifice,55,41,e6e2,False,0.0002163762621956875,33,0.26663684844970703,e6f5,False,0.0,4.2669163999999,
2486,2176,crushing deflection endgame long rookEndgame,123,19,c3c4,False,0.2591238666205382,2,0.09310548007488251,f7f5,True,0.941428542137146,3.9772730999993655,
2488,2019,attraction crushing fork middlegame veryLong,48,34,f3d4,False,0.2100590124421669,3,-0.45004647970199585,a7a8,True,0.9285714030265808,4.301956000000246,
2490,2060,discoveredAttack mate mateIn5 middlegame pin sacrifice veryLong,50,33,h5g6,False,0.16483540890511852,3,0.45831310749053955,f5h6,True,0.8485714197158813,4.190563099999963,
2492,2093,crushing discoveredAttack endgame master veryLong,78,32,e5e8,True,0.5410550097418507,1,0.4115011394023895,e5e8,True,0.9671428799629211,4.447385699999359,
2494,2109,crushing middlegame sacrifice short,66,40,g1h1,False,0.05922139503141098,5,-0.10196854919195175,e4e5,True,0.9371428489685059,4.070603999999548,
2496,2291,crushing endgame hangingPiece long,78,15,f4f3,True,0.5210378281238596,1,-0.30989915132522583,f4f3,True,0.9800000190734863,4.0804558999998335,
2498,2052,advancedPawn bishopEndgame capturingDefender crushing endgame veryLong,90,6,e4f4,False,0.11673872564696472,4,-0.76917564868927,g4g5,True,0.9642857313156128,4.3390234000007695,
2500,1163,endgame mate mateIn2 short,61,37,b4b3,True,0.5326169538809721,1,-0.19261868298053741,b4b3,True,0.9857142567634583,0.10684420000052341,
2502,1434,backRankMate master mate mateIn2 middlegame sacrifice short,44,28,d2f4,False,0.11732332569903561,2,-0.8800567984580994,d2d8,True,0.9657142758369446,0.22811319999982516,
2504,1011,kingsideAttack mate mateIn2 middlegame short,59,31,g5f3,True,0.8598178719325469,1,0.05255506932735443,g5f3,True,0.9957143068313599,0.07059669999944163,
2506,1154,mate mateIn1 middlegame oneMove,40,40,h6g7,True,0.7979849684439821,1,0.3977067172527313,h6g7,True,0.9857142567634583,0.08297569999922416,
2508,1266,crushing endgame master pin short,69,34,d6f4,False,0.18263127434052884,3,-0.16563986241817474,h5g3,True,0.9614285826683044,3.7262987000003704,
2510,1343,advantage attraction endgame exposedKing fork long,45,37,e8e1,True,0.5818725515738083,1,-0.8384371399879456,e8e1,True,0.9814285635948181,3.8387639999991734,
2512,1401,endgame mate mateIn2 operaMate short,113,27,c3h3,True,0.8269291212443602,1,-0.2590237557888031,c3h3,True,0.9928571581840515,0.12526729999990494,
2514,1181,crushing discoveredAttack discoveredCheck endgame master short,107,25,e5e4,True,0.40998952249987974,1,-0.2719244956970215,e5e4,True,0.9685714244842529,3.7428780999998708,
2516,1344,kingsideAttack long mate mateIn3 middlegame sacrifice,49,36,h5h2,True,0.7886680352600617,1,-0.9414067268371582,h5h2,True,0.8385714292526245,3.940935599999648,
2518,1212,mate mateIn1 middlegame oneMove,22,47,e4d2,False,0.20647775802168278,3,0.5244002938270569,e4c5,True,0.941428542137146,0.3196890999997777,
2520,1025,advantage endgame master short skewer,35,21,a8b8,False,0.20465345166698296,2,-0.4656519889831543,a8a1,True,0.9714285731315613,4.505317500000274,
2522,1158,mate mateIn1 middlegame oneMove,63,46,c1e1,True,0.3326890079216633,1,-0.45857879519462585,c1e1,True,0.977142870426178,0.1243320000003223,
2524,1217,master mate mateIn1 middlegame oneMove,42,39,e6d7,False,0.4511844123936587,2,0.2287215143442154,b7d7,True,0.9800000190734863,0.14994209999986197,
2526,1217,endgame fork mate mateIn2 short,51,24,f6f2,True,0.6633204481685542,1,0.34254100918769836,f6f2,True,0.991428554058075,1.2256623000002946,
2528,1047,endgame mate mateIn2 short,64,38,c1f1,False,0.33122866617540847,2,-0.5880586504936218,g4h5,True,0.9785714149475098,0.16309600000022328,
2530,1080,advancedPawn advantage deflection endgame pin promotion rookEndgame short,84,15,f1e2,False,0.005913363664504425,13,-0.20339281857013702,f1e2,False,0.0,4.7891803000002255,
2532,1225,hangingPiece kingsideAttack master masterVsMaster mate mateIn1 middlegame oneMove,41,55,d3f1,True,0.7236381741184377,1,0.4104476273059845,d3f1,True,0.9828571677207947,0.09593210000002728,
2534,1424,advantage endgame fork long,55,38,e7e2,False,0.2598954359092766,2,-0.6028739213943481,b2b1,True,0.9342857003211975,4.638814699999784,
2536,1378,advantage fork middlegame pin short,32,34,d1h5,True,0.49936355504955404,1,-0.6188910007476807,d1h5,True,0.9857142567634583,4.755377399999816,
2538,1375,advantage master middlegame pin queensideAttack short,53,34,b3a4,False,0.020304197645602217,5,0.10546700656414032,c4a3,True,0.7228571176528931,4.97337619999962,
2540,1315,mate mateIn1 middlegame oneMove,34,52,g5f3,False,0.14090588342989008,3,-0.13408032059669495,c2h7,True,0.9657142758369446,0.20645880000029138,
2542,1013,advantage endgame fork long,85,14,g7g5,False,0.1917860916829803,2,-0.694234311580658,e5c4,True,0.9614285826683044,5.22435250000035,
2544,1137,deflection kingsideAttack mate mateIn2 middlegame short,23,35,e1f2,True,0.38877341132170906,1,0.18314900994300842,e1f2,True,0.9800000190734863,0.11414009999953123,
2546,1246,kingsideAttack mate mateIn1 middlegame oneMove,19,48,h5f3,False,0.34445367690652484,2,0.674605131149292,h5h2,True,0.9657142758369446,0.18521570000029897,
2548,1340,crushing fork opening short,18,36,d4e5,True,0.9152449642768814,1,0.30941644310951233,d4e5,True,0.9957143068313599,4.708268500000486,
2550,1005,master mate mateIn1 middlegame oneMove pin,36,37,c3c4,False,0.21652096727710013,2,0.2121630162000656,e1e8,True,0.9742857217788696,0.13995099999920058,
2552,1283,advantage fork long middlegame,36,38,d5e7,True,0.43883827160013467,1,-0.8585354089736938,d5e7,True,0.9800000190734863,4.783321099999739,
2554,1086,crushing endgame long skewer,61,38,a2a1,True,0.4329795434360412,1,-0.340859055519104,a2a1,True,0.9728571176528931,3.752164300000004,
2556,1278,mate mateIn1 middlegame oneMove,46,27,g1g4,False,0.1829523455462674,3,-0.026761723682284355,h4h7,True,0.9614285826683044,0.2076812000004793,
2558,1071,crushing deflection endgame master short skewer,96,14,h8h6,True,0.961053512675476,1,0.03988458216190338,h8h6,True,0.9985714554786682,5.083757299999888,
2560,1322,mate mateIn1 middlegame oneMove,35,39,d5e4,False,0.014193057754708754,8,-0.48907408118247986,g5f3,False,0.261428564786911,2.8092563000000155,
2562,1283,advantage long middlegame pin,25,43,g6g4,False,0.238029866081896,2,-0.31675055623054504,h5f3,True,0.9685714244842529,3.6678446999994776,
2564,1293,advancedPawn advantage endgame sacrifice short,56,19,d4d5,False,0.051004990699219196,6,-0.9694133996963501,d4d5,False,0.004285714123398066,3.7489331999995557,
2566,1422,endgame long mate mateIn3,51,27,d2a2,False,0.15440959474924104,2,-0.11015450209379196,d3e5,True,0.954285740852356,0.6040312000004633,
2568,1435,endgame mate mateIn1 oneMove,57,37,d8d4,False,0.30563048821788596,2,0.37468788027763367,d8g8,True,0.9671428799629211,0.1835454000001846,
2570,1363,endgame mate mateIn2 short,40,33,g8g7,True,0.9671104088904899,1,0.11344344913959503,g8g7,True,0.9971428513526917,0.15035460000035528,
2572,1254,endgame mate mateIn2 pin short,73,30,b3h3,True,0.8411388186179269,1,0.04405609145760536,b3h3,True,0.9928571581840515,0.0989542999996047,
2574,1265,crushing master middlegame pin short,29,36,f8h6,True,0.6135838310556876,1,-0.7156751155853271,f8h6,True,0.9871428608894348,4.265310400000089,
2576,1055,advantage attraction deflection endgame long,70,12,f4g5,True,0.7113779472628762,1,-0.9367102980613708,f4g5,True,0.9842857122421265,3.7503684000002977,
2578,1335,crushing endgame master masterVsMaster short skewer,96,24,h7h6,True,0.5440803359990918,1,-0.8505347967147827,h7h6,True,0.9857142567634583,4.036179599999741,
2580,1294,mate mateIn1 oneMove opening,23,45,d6d1,True,0.8091775127807467,1,-0.3037983477115631,d6d1,True,0.9928571581840515,0.04639450000013312,
2582,1247,endgame long mate mateIn3 rookEndgame,77,25,f8f4,True,0.3381462803488569,1,0.02557702735066414,f8f4,True,0.9700000286102295,0.28996550000010757,
2584,1438,advantage endgame fork short,72,37,f4c7,False,0.28132667011490836,2,-0.6478436589241028,f4f6,True,0.9785714149475098,4.27903569999944,
2586,1127,attraction crushing deflection endgame master masterVsMaster sacrifice short,51,36,g2h2,False,0.011647555334970422,13,0.47687870264053345,a4c4,False,0.0,4.323674999999639,
2588,1361,advantage capturingDefender intermezzo opening short,20,49,d4c6,True,0.8744407352268874,1,0.06965222209692001,d4c6,True,0.9928571581840515,4.252745499999946,
2590,1053,backRankMate mate mateIn2 middlegame short,53,49,b2e5,False,0.015557023761750248,5,-0.06324366480112076,b2b1,True,0.5757142901420593,2.121158099999775,
2592,1225,endgame mate mateIn1 oneMove,66,35,f3c6,True,0.6118206577823029,1,0.19775207340717316,f3c6,True,0.9828571677207947,0.10658710000006977,
2594,1430,advantage fork middlegame short,33,43,b8b6,False,0.0012186578964306508,9,-0.14732776582241058,b8b6,False,0.0,4.959292200000164,
2596,1075,master mate mateIn1 middlegame oneMove,41,38,f3g2,True,0.6842711106428289,1,0.5171999931335449,f3g2,True,0.9842857122421265,0.08824029999959748,
2598,1302,endgame mate mateIn1 oneMove,72,28,a6f6,True,0.5835092959612572,1,-0.01838362030684948,a6f6,True,0.9842857122421265,0.10449229999994714,
2600,1106,advancedPawn crushing endgame fork veryLong,88,18,f3e3,False,0.1928365373583739,2,-0.7860827445983887,c6c7,True,0.9728571176528931,4.852367499999673,
2602,1183,backRankMate endgame long mate mateIn3 sacrifice,51,49,h4f2,True,0.515952915192205,1,-0.9448699355125427,h4f2,True,0.9800000190734863,0.5877418999998554,
2604,1061,endgame mate mateIn2 short,86,31,e6e1,False,0.18062809050967882,2,-0.37825116515159607,c2c3,True,0.9714285731315613,0.2131362000000081,
2606,1265,crushing fork long middlegame,13,46,h6f7,False,0.1550896904429253,3,0.7196807861328125,d4f2,True,0.9628571271896362,4.395386099999996,
2608,1397,advantage fork opening short,19,43,d6f4,False,0.16710394066379708,3,-0.4872288405895233,d8g5,True,0.9728571176528931,5.0327815000000555,
2610,1278,deflection kingsideAttack long mate mateIn3 middlegame pillsburysMate,42,37,h5f7,True,0.8163106377563565,1,-0.21165251731872559,h5f7,True,0.9928571581840515,0.22231970000029833,
2612,1407,crushing master middlegame short trappedPiece,26,40,f1e1,False,0.11507586433380536,5,-0.2866705358028412,e2d3,True,0.9528571367263794,4.71203289999994,
2614,1163,advancedPawn attraction endgame mate mateIn2 promotion rookEndgame short,88,12,g7g8,True,0.6653401104744726,1,0.09233684092760086,g7g8,True,0.9871428608894348,0.10410079999928712,
2616,1116,endgame mate mateIn2 short,60,28,e7f7,False,0.23117130534735125,2,-0.30623966455459595,b4b5,True,0.977142870426178,0.15019740000025195,
2618,1408,advantage fork middlegame short,50,32,c3e4,True,0.9868860789428473,1,0.2966272830963135,c3e4,True,0.9971428513526917,4.740317800000412,
2620,1034,clearance mate mateIn2 middlegame sacrifice short,83,34,h5g3,True,0.6817437826322169,1,-0.983052134513855,h5g3,True,0.9900000095367432,0.12223160000030475,
2622,1012,kingsideAttack master mate mateIn1 middlegame oneMove,37,39,g6g2,True,0.8953249261763364,1,-0.5717043876647949,g6g2,True,0.9928571581840515,0.0666044999998121,
2624,1089,attraction endgame long mate mateIn3 sacrifice,70,27,h6h4,False,0.004934117161257108,16,-0.11801708489656448,d2f4,False,0.0,4.407520499999919,
2626,1052,crushing discoveredAttack kingsideAttack middlegame short,37,42,e7f8,False,0.03517784383048874,7,-0.7331432700157166,d6h2,True,0.8799999952316284,4.580631799999537,
2628,1027,mate mateIn1 middlegame oneMove,67,38,f2g2,True,0.9806509598324681,1,0.6658135652542114,f2g2,True,0.9971428513526917,0.03186840000034863,
2630,1235,advantage middlegame pin short,35,38,c6e4,False,0.19462751749813423,3,-0.6580007076263428,c6f3,True,0.9685714244842529,4.404118699999344,
2632,1025,endgame master mate mateIn1 oneMove,70,36,f6h8,True,0.9038986711155789,1,0.6691202521324158,f6h8,True,0.9942857027053833,0.05702899999960209,
2634,1155,mate mateIn1 oneMove opening,23,42,h7h5,False,0.20441053960320266,2,0.23962731659412384,d4f3,True,0.9114285707473755,0.45298279999951774,
2636,1083,mate mateIn2 opening short,19,42,e7e3,True,0.9230010469300172,1,-0.22590544819831848,e7e3,True,0.9971428513526917,0.13160610000068118,
2638,1082,backRankMate mate mateIn2 middlegame sacrifice short,56,30,d2c3,False,0.22346740997433093,2,-0.7789203524589539,d2d8,True,0.9171428680419922,0.4985606000000189,
2640,1060,blindSwineMate endgame exposedKing long mate mateIn3,64,23,g1h1,True,0.3403318677411578,1,-0.9977263808250427,g1h1,True,0.9300000071525574,0.9458070000000589,
2642,1398,crushing kingsideAttack long middlegame sacrifice,30,43,d1f3,False,0.12335092782085295,3,-0.016415288671851158,d3h7,True,0.941428542137146,3.788280899999336,
2644,1025,crushing endgame fork master short,72,29,c3c4,False,0.0767836105565655,2,0.247145414352417,d6e8,True,0.9399999976158142,4.564525699999649,
2646,1138,endgame long mate mateIn3,71,32,e8e1,True,0.5322754900888382,1,-0.46091291308403015,e8e1,True,0.9857142567634583,0.19180240000059712,
2648,1220,advantage fork middlegame short,34,42,d1b3,True,0.7042246091714832,1,-0.36611208319664,d1b3,True,0.9871428608894348,4.821052899999813,
2650,1115,advantage fork middlegame short,20,39,g4g7,True,0.9287659497911533,1,-0.23526102304458618,g4g7,True,0.9957143068313599,3.7653204999996888,
2652,1144,crushing discoveredAttack endgame rookEndgame short,82,14,f1f2,False,0.00786610397705501,8,-0.008925692178308964,f1f2,False,0.0,4.2150854000001345,
2654,1083,advantage endgame fork short,63,15,d2d3,False,0.202206201212604,2,-0.9521952867507935,c2e1,True,0.9728571176528931,4.284361500000159,
2656,1416,anastasiaMate attraction kingsideAttack long mate mateIn3 middlegame sacrifice,49,39,e6h6,False,0.007227340213814813,9,-0.691344141960144,e6h6,False,0.0,4.565659899999446,
2658,1289,mate mateIn1 middlegame oneMove,29,41,b5f1,True,0.8260235740532282,1,-0.027446478605270386,b5f1,True,0.9942857027053833,0.04289779999999155,
2660,1296,mate mateIn1 middlegame oneMove,35,42,d5h1,True,0.9842100772335044,1,-0.11911062896251678,d5h1,True,0.9985714554786682,0.03589670000019396,
2662,1402,advancedPawn attraction crushing endgame long promotion,107,18,d5c5,True,0.486389506492955,1,-0.5951882004737854,d5c5,True,0.8914285898208618,4.724234100000103,
2664,1239,endgame mate mateIn2 short,47,35,a8g8,True,0.7246311101626207,1,-0.8406088948249817,a8g8,True,0.9928571581840515,0.17633420000038313,
2666,1164,mate mateIn1 middlegame oneMove,55,43,f4h2,True,0.7169356225514913,1,-0.8580302000045776,f4h2,True,0.9871428608894348,0.08250470000075438,
2668,1124,endgame mate mateIn1 oneMove,81,24,e4g3,True,0.2762494147788698,1,0.505945086479187,e4g3,True,0.9628571271896362,0.18196110000008048,
2670,1024,crushing discoveredAttack opening short,14,41,b1c3,False,0.0016225882240236285,10,0.07788757979869843,b1c3,False,0.0,4.151936499999465,
2672,1005,crushing discoveredAttack opening short,24,40,a1b1,False,0.24669856225874767,2,-0.6552865505218506,d3h7,True,0.9757142663002014,4.173826100000042,
2674,1227,advantage fork opening short,17,25,c6d4,True,0.34135008976614395,1,-0.8016927242279053,c6d4,True,0.9785714149475098,3.3815254999999524,
2676,1157,advantage discoveredAttack middlegame short,56,25,b4a5,False,0.06445180524774588,2,-0.08296800404787064,a2f7,True,0.8700000047683716,4.268319899999369,
2678,1254,crushing fork middlegame short,50,40,h6f6,True,0.7895947741619317,1,-0.5858443975448608,h6f6,True,0.9871428608894348,4.382162299999436,
2680,1110,attackingF2F7 mate mateIn1 oneMove opening,24,36,f3f7,True,0.8280964665858189,1,-0.14915776252746582,f3f7,True,0.9928571581840515,0.046874199999365374,
2682,1218,endgame mate mateIn1 oneMove,56,35,g6g7,True,0.8513261253607272,1,0.9231727719306946,g6g7,True,0.991428554058075,0.08133579999957874,
2684,1206,crushing discoveredAttack middlegame short,34,34,c4e2,False,0.007927439267239482,9,-0.40117600560188293,g1g2,False,0.0,4.045184699999481,
2686,1278,advantage fork middlegame short,66,34,d5f6,True,0.5371853936463613,1,-0.9301199316978455,d5f6,True,0.9828571677207947,4.357512000000497,
2688,1024,endgame mate mateIn1 oneMove rookEndgame,86,25,h5h8,True,0.5522676489379204,1,-0.006853978615254164,h5h8,True,0.9814285635948181,0.10176759999922069,
2690,1242,crushing endgame fork master short,81,19,e3g4,True,0.9080697585731711,1,-0.42096325755119324,e3g4,True,0.9971428513526917,4.617163499999151,
2692,1123,advantage attraction fork long master middlegame,52,44,e6e8,True,0.25477394913462503,1,-0.6149468421936035,e6e8,True,0.9742857217788696,4.8926854000001185,
2694,1285,crushing endgame fork pin short,123,17,h2e2,True,0.3652862565477826,1,0.16214342415332794,h2e2,True,0.9599999785423279,4.639572000000044,
2696,1030,backRankMate endgame mate mateIn2 short,48,27,d5e5,False,0.0928845996819327,3,0.07885940372943878,d5d8,True,0.9628571271896362,0.1314383999997517,
2698,1209,advantage deflection endgame long,50,37,g3g6,True,0.4186099694032123,1,0.1348511278629303,g3g6,True,0.9614285826683044,4.267357400000037,
2700,1131,endgame mate mateIn1 oneMove,43,37,g2e4,True,0.4870951688912845,1,0.20742017030715942,g2e4,True,0.9800000190734863,0.1269360999995115,
2702,1299,crushing fork middlegame short,41,36,d6f8,False,0.030127672190940907,5,0.0682433694601059,d6f8,False,0.20000000298023224,4.348895999999513,
2704,1255,crushing discoveredAttack kingsideAttack long middlegame,38,47,d3c4,False,0.0009118182650938202,27,0.05468720197677612,h1e1,False,0.0,4.338233299999956,
2706,1076,endgame mate mateIn1 oneMove rookEndgame,99,29,f7f1,False,0.0062351759343742446,9,-0.539689838886261,e1e4,False,0.0,3.987596400000257,
2708,1190,crushing endgame pin short,58,42,d3c4,True,0.4283921151071137,1,-0.485384464263916,d3c4,True,0.9800000190734863,4.3111424999997325,
2710,1056,endgame mate mateIn2 short,74,33,e6e7,True,0.8465201404861392,1,0.3976234495639801,e6e7,True,0.9957143068313599,0.10013049999997747,
2712,1064,attraction crushing fork long middlegame,49,42,c5d3,False,0.29218748738906875,2,-0.1001531183719635,c5b3,True,0.9657142758369446,4.690543300000172,
2714,1060,advancedPawn attraction crushing endgame promotion rookEndgame veryLong,82,19,b2c2,False,0.08139481437380257,4,-0.7105039358139038,b7b8,True,0.9599999785423279,5.626127499999711,
2716,1244,mate mateIn2 middlegame pillsburysMate short,54,33,a1h1,True,0.5675995523589853,1,0.04007266089320183,a1h1,True,0.9871428608894348,0.12062599999990198,
2718,1228,endgame mate mateIn2 short,62,22,e3f3,False,0.2250340003783815,2,-0.6779688596725464,e3e8,True,0.9371428489685059,0.3933108999999604,
2720,1342,long mate mateIn3 middlegame queensideAttack xRayAttack,50,41,e1e5,False,0.004378964873330502,12,0.15462100505828857,f8f7,False,0.0,4.602313600000343,
2722,1016,attraction endgame long mate mateIn3 sacrifice,84,23,e1e2,False,0.015249595520725027,11,-0.28946447372436523,h1h3,False,0.1599999964237213,4.380394000000706,
2724,1051,advancedPawn crushing endgame hangingPiece long master promotion,116,4,d3d2,True,0.765087196853999,1,-0.9242355227470398,d3d2,True,0.9957143068313599,4.4668259000000035,
2726,1314,endgame kingsideAttack mate mateIn2 pin sacrifice short,45,40,d4f2,True,0.5741538893490978,1,-0.6155343651771545,d4f2,True,0.9828571677207947,0.1576254000001427,
2728,1170,crushing discoveredCheck doubleCheck endgame fork short,56,41,g6f8,True,0.5616742918137444,1,-0.7713000774383545,g6f8,True,0.9842857122421265,3.691436000000067,
2730,1327,kingsideAttack mate mateIn1 middlegame oneMove,36,43,c3g7,True,0.9896896875726879,1,0.515343427658081,c3g7,True,0.9985714554786682,0.027696200000718818,
2732,1145,endgame master mate mateIn1 oneMove,82,27,f4f5,True,0.6864319601118245,1,-0.585690438747406,f4f5,True,0.9857142567634583,0.09422639999957028,
2734,1432,crushing deflection long middlegame,46,40,b3e6,True,0.7780772371811275,1,0.29878178238868713,b3e6,True,0.9928571581840515,3.6618457000004128,
2736,1389,crushing middlegame pin short,35,32,g8g6,False,0.2563853656184635,2,-0.9959847927093506,e6h3,True,0.9728571176528931,2.6559244000000035,
2738,1216,crushing endgame fork short,54,26,g1f2,False,0.10214680773705487,2,-0.13776184618473053,f4h4,True,0.9571428298950195,5.1663674999999785,
2740,1105,backRankMate endgame mate mateIn2 sacrifice short,50,34,c6a6,False,0.004158592609242353,9,-0.6807083487510681,c6a6,False,0.0,4.607689599999503,
2742,1176,kingsideAttack mate mateIn1 middlegame oneMove,53,39,c6g2,True,0.7198607871894647,1,0.9405016899108887,c6g2,True,0.9828571677207947,0.10714460000053805,
2744,1032,kingsideAttack long mate mateIn3 middlegame,47,34,g6h5,True,0.5065673323541137,1,-0.3743983805179596,g6h5,True,0.9628571271896362,0.4322907000005216,
2746,1258,endgame mate mateIn2 short,90,13,a7a8,True,0.761379926258692,1,-0.014069454744458199,a7a8,True,0.9900000095367432,0.08643890000075771,
2748,1017,crushing discoveredAttack middlegame short,36,33,e4c5,False,0.01117815669186627,13,0.8939557671546936,e4c5,False,0.24714285135269165,4.7552708000002895,
2750,1407,crushing deflection discoveredAttack discoveredCheck kingsideAttack middlegame veryLong,38,34,d2f3,False,0.12352296272283687,3,-0.8083909153938293,h7g6,True,0.9657142758369446,5.55101889999969,
2752,1207,crushing discoveredAttack middlegame short,61,35,a7b7,False,0.0035721397455753773,19,-0.7434072494506836,a7b7,False,0.0,4.3474567000002935,
2754,1041,endgame mate mateIn1 oneMove,95,20,b7b5,True,0.6508067134714511,1,-0.8633350133895874,b7b5,True,0.9871428608894348,0.06429990000015096,
2756,1064,mate mateIn1 middlegame oneMove,55,45,h4h3,True,0.5390831595750806,1,0.34318307042121887,h4h3,True,0.9757142663002014,0.12852699999984907,
2758,1003,endgame mate mateIn1 oneMove queensideAttack,47,36,b5d3,False,0.20594909252976096,3,0.9004473090171814,b5b2,True,0.8485714197158813,0.5835658999994848,
2760,1224,advancedPawn advantage deflection endgame pin promotion rookEndgame short,144,18,f7f8q,False,0.015985117346626727,13,-0.17716869711875916,e7e6,True,0.5828571319580078,4.204216400000405,
2762,1164,mate mateIn2 middlegame short,46,42,h5h6,False,0.13924412662971986,4,0.21762028336524963,d5f6,True,0.9614285826683044,0.2735716000006505,
2764,1209,endgame mate mateIn2 operaMate short,86,27,f7f8,True,0.6994270936334757,1,-0.8017399311065674,f7f8,True,0.9871428608894348,0.2059540999998717,
2766,1401,advantage capturingDefender intermezzo master middlegame short,39,35,g7e5,False,0.03874520670975005,4,-0.7582940459251404,d5f3,True,0.8928571343421936,4.4694822999999815,
2768,1105,advancedPawn bishopEndgame crushing deflection endgame short,84,6,f4e5,False,0.13613548749534302,5,-0.8929718136787415,h6h7,True,0.9514285922050476,4.321904899999936,
2770,1045,endgame mate mateIn2 short,56,39,e8g6,True,0.9466451185091834,1,-0.2133563607931137,e8g6,True,0.9957143068313599,0.09465980000004492,
2772,1220,crushing endgame fork short,97,23,f7f8,False,0.22895143712661808,2,-0.7966382503509521,f6g4,True,0.9800000190734863,4.3343896999995195,
2774,1312,advantage endgame short trappedPiece,57,21,f8h8,True,0.4389068460479111,1,-0.9157333970069885,f8h8,True,0.9828571677207947,4.824563499999385,
2776,1113,deflection discoveredAttack endgame mate mateIn2 queensideAttack short,67,32,d4b2,True,0.3078124233303943,1,0.028122948482632637,d4b2,True,0.9714285731315613,0.16297579999991285,
2778,1349,mate mateIn1 oneMove opening,18,41,e4d6,True,0.37390010313682137,1,-0.10965904593467712,e4d6,True,0.977142870426178,0.12029950000032841,
2780,1123,dovetailMate mate mateIn1 oneMove opening,18,37,e2e6,True,0.49548481219524093,1,0.5078674554824829,e2e6,True,0.9585714340209961,0.18857150000076217,
2782,1291,crushing endgame fork short,80,31,d8e7,False,0.276911813958215,2,-0.3359467685222626,b2a4,True,0.9757142663002014,4.4416934999999285,
2784,1086,arabianMate endgame master mate mateIn2 short,70,32,c7c8,True,0.9137991622180264,1,-0.1068066880106926,c7c8,True,0.9942857027053833,0.07193520000055287,
2786,1253,mate mateIn1 middlegame oneMove,34,40,g4g7,True,0.8900977009641754,1,0.3446315824985504,g4g7,True,0.9957143068313599,0.04267820000040956,
2788,1403,advantage discoveredAttack middlegame short,28,45,d5e3,False,0.011762803942885116,5,-0.048881955444812775,b5c6,False,0.0014285714132711291,4.465518599999996,
2790,1206,clearance kingsideAttack mate mateIn2 middlegame sacrifice short,34,45,a1d1,False,0.1502304852094248,3,-0.3696349859237671,a1d1,False,0.015714285895228386,4.145915799999784,
2792,1294,advantage fork middlegame veryLong,34,44,c6c8,True,0.4267176221470574,1,0.5130884051322937,c6c8,True,0.9585714340209961,4.648476700000174,
2794,1228,crushing endgame hangingPiece master short,122,16,b1a1,False,0.37574658502997677,2,-0.4871702492237091,b1b5,True,0.9628571271896362,4.763985999999932,
2796,1219,mate mateIn2 middlegame short,61,33,g7g3,True,0.7155737508665455,1,-0.9923584461212158,g7g3,True,0.9885714054107666,0.10810450000008132,
2798,1329,crushing endgame hangingPiece long quietMove rookEndgame,100,15,g6h7,True,0.9479616987844586,1,0.26374876499176025,g6h7,True,0.9942857027053833,4.801829899999575,
2800,1021,mate mateIn1 middlegame oneMove,56,35,e5f7,True,0.8428498502777456,1,-0.40860557556152344,e5f7,True,0.9957143068313599,0.03825440000036906,
2802,1127,crushing fork middlegame short,39,38,f8f3,True,0.4669541093645505,1,-0.4118385314941406,f8f3,True,0.9800000190734863,4.986450500000501,
2804,1102,advantage discoveredAttack endgame long,64,29,g2g4,False,0.0469180313060537,5,-0.9579485058784485,d6f5,True,0.9242857098579407,4.4286101000006965,
2806,1265,endgame mate mateIn1 oneMove,74,32,d8f6,True,0.9606113277024688,1,0.1709761619567871,d8f6,True,0.9971428513526917,0.03598009999950591,
2808,1418,endgame mate mateIn2 short,57,38,g7g5,True,0.5190647597378402,1,-0.024631544947624207,g7g5,True,0.9800000190734863,0.12976119999984803,
2810,1268,kingsideAttack mate mateIn2 middlegame short,70,36,d5f6,True,0.5824250477308408,1,0.09583389759063721,d5f6,True,0.9828571677207947,0.12975679999999556,
2812,1093,deflection endgame long mate mateIn3 pin,69,36,e3c1,True,0.4492012966774967,1,-0.3935050368309021,e3c1,True,0.9828571677207947,0.15353929999946558,
2814,1350,advantage discoveredAttack long middlegame,43,32,h6h5,False,0.006187092308054912,11,-0.6465190052986145,g6d6,False,0.0,4.142804000000069,
2816,1130,endgame master mate mateIn1 oneMove rookEndgame,118,20,g3c3,False,0.36221922729666733,2,-0.5840853452682495,g5h5,True,0.977142870426178,0.119952099999864,
2818,1201,endgame mate mateIn1 oneMove,80,28,g3g8,True,0.4625221944135567,1,-0.11182934045791626,g3g8,True,0.9814285635948181,0.1076333999999406,
2820,1271,crushing endgame master short skewer,100,22,c8g8,True,0.9723020227077519,1,0.18613404035568237,c8g8,True,0.9985714554786682,3.9339443999997457,
2822,1256,advantage fork long middlegame,36,45,b3e6,True,0.3714339836791293,1,-0.18977956473827362,b3e6,True,0.8471428751945496,4.3544808000006014,
2824,1191,mate mateIn2 middlegame short,55,41,h7h6,False,0.2309813904207482,2,-0.7602166533470154,e6e1,True,0.9728571176528931,0.15619229999992967,
2826,1230,crushing fork master middlegame short,37,34,e7f5,False,0.1408532961255099,2,0.37164071202278137,e5f3,True,0.9428571462631226,4.6893517000007705,
2828,1146,crushing fork master middlegame short,31,32,a7a6,False,0.17718151412413205,2,-0.7686213254928589,d7d2,True,0.9685714244842529,4.680467199999839,
2830,1314,advantage endgame fork short,69,28,c4e5,True,0.5319389154354595,1,-0.8074215054512024,c4e5,True,0.9800000190734863,4.727430699999786,
2832,1283,crushing fork middlegame short,50,28,e1e6,True,0.9458144675013103,1,-0.2626134753227234,e1e6,True,0.9957143068313599,5.228507900000295,
2834,1268,advancedPawn crushing endgame fork long,94,12,g2g4,False,0.07593534082364325,4,-0.9683772921562195,f5d6,True,0.949999988079071,4.789125799999965,
2836,1156,advantage discoveredAttack kingsideAttack middlegame short,40,42,e4f3,False,0.034414359061698804,7,-0.16794587671756744,e4h7,True,0.7900000214576721,5.040622999999869,
2838,1003,mate mateIn1 middlegame oneMove,25,44,h6h2,True,0.38909616336571706,1,-0.033289290964603424,h6h2,True,0.977142870426178,0.13351980000061303,
2840,1087,advantage endgame fork short,84,19,d4d5,False,0.0396395711062142,4,-0.07687554508447647,d4d5,False,0.3171428442001343,4.489413299999796,
2842,1027,advancedPawn crushing discoveredAttack endgame long rookEndgame,117,11,h6g6,False,0.010605266456950691,7,0.03485912084579468,h6g6,False,0.18000000715255737,4.551947800000562,
2844,1386,endgame long mate mateIn3 sacrifice,73,31,g1h1,False,0.037666500529827056,6,-0.021747509017586708,f3g4,True,0.895714282989502,0.32298509999964153,
2846,1163,kingsideAttack long master masterVsMaster mate mateIn3 middlegame sacrifice,47,45,e8f8,False,0.0001521095736724984,32,0.1425820142030716,c5c7,False,0.0,4.344842399999834,
2848,1094,crushing endgame master masterVsMaster rookEndgame short skewer,112,17,b8b4,True,0.9387024879226257,1,0.20023775100708008,b8b4,True,0.9942857027053833,5.0159082999998645,
2850,1279,discoveredCheck doubleCheck long mate mateIn3 middlegame sacrifice smotheredMate,67,36,f2d3,False,0.05151157277132333,3,-0.07370734214782715,f2d3,False,0.0014285714132711291,4.69955470000059,
2852,1047,endgame mate mateIn2 queenEndgame short,115,24,e1e7,True,0.41539529537859315,1,-0.399865984916687,e1e7,True,0.9814285635948181,0.1547406999998202,
2854,1279,crushing discoveredAttack endgame exposedKing long,85,21,a7b6,False,0.2481343377520285,2,-0.3980950713157654,d3d1,True,0.9685714244842529,4.3679760000004535,
2856,1092,crushing discoveredAttack endgame short,63,28,b7g2,True,0.5885880091335307,1,0.24669115245342255,b7g2,True,0.9842857122421265,4.318959299999733,
2858,1182,endgame fork long mate mateIn3,55,31,c4d3,False,0.02491724260302011,2,0.5740108489990234,c4d3,False,0.0014285714132711291,3.593003499999213,
2860,1354,advancedPawn kingsideAttack mate mateIn2 opening short xRayAttack,28,36,g6h7,True,0.4543038362316262,1,-0.2973552346229553,g6h7,True,0.9842857122421265,0.15041529999962222,
2862,1153,advantage fork middlegame short,18,34,a4b5,True,0.9826398185983889,1,0.022486230358481407,a4b5,True,0.9971428513526917,4.672373399999742,
2864,1259,crushing discoveredCheck doubleCheck middlegame short,35,44,a8f8,False,0.04779352657481252,4,0.07998641580343246,e5d3,True,0.9200000166893005,4.3314478000002055,
2866,1232,mate mateIn1 middlegame oneMove,45,50,c2d1,False,0.1520349119200202,2,0.4476500153541565,d2c1,True,0.8700000047683716,0.2428644000001441,
2868,1180,endgame long mate mateIn3,48,40,f6g7,True,0.4319796427501914,1,0.2709795832633972,f6g7,True,0.9714285731315613,0.20806099999936123,
2870,1135,mate mateIn1 middlegame oneMove,69,39,e2d2,True,0.5433374649792065,1,-0.4156619608402252,e2d2,True,0.9900000095367432,0.07245570000031876,
2872,1013,endgame mate mateIn1 oneMove operaMate,63,31,b2h2,True,0.5476419292420573,1,-0.32134562730789185,b2h2,True,0.9885714054107666,0.05380700000023353,
2874,1314,endgame mate mateIn1 oneMove,66,34,c5f8,True,0.5521833050813141,1,0.26312318444252014,c5f8,True,0.5628571510314941,0.02082650000011199,
2876,1309,attackingF2F7 mate mateIn1 oneMove opening,16,36,c4f7,True,0.830019928256442,1,-0.41562703251838684,c4f7,True,0.9942857027053833,0.03866950000065117,
2878,1321,advantage defensiveMove hangingPiece opening short,30,2,g1h2,True,0.9322481943160401,1,-0.5770959854125977,g1h2,True,0.9942857027053833,3.7193574000002627,
2880,1283,advancedPawn crushing endgame hangingPiece master rookEndgame short,59,20,b8b1,True,0.9009694739800639,1,0.7448567748069763,b8b1,True,0.9971428513526917,4.352850899999794,
2882,1256,endgame master mate mateIn1 oneMove,69,21,b2d4,True,0.5073728918898939,1,0.3863632082939148,b2d4,True,0.977142870426178,0.13201610000032815,
2884,1445,attraction crushing endgame fork long,51,38,g6f4,False,0.0462684419978288,4,-0.19005388021469116,h3e6,False,0.004285714123398066,4.732212300000356,
2886,1045,crushing endgame fork long queenRookEndgame,98,26,d4d5,True,0.47211393892202436,1,-0.8182815909385681,d4d5,True,0.9785714149475098,4.68352589999995,
2888,1131,backRankMate endgame long mate mateIn3 sacrifice,82,33,e7c7,True,0.4483132918010329,1,0.1857745349407196,e7c7,True,0.4414285719394684,4.323545600000216,
2890,1405,advantage endgame pin short,56,26,f5e7,True,0.4409012494156047,1,-0.8660902380943298,f5e7,True,0.9814285635948181,4.91741809999985,
2892,1203,crushing endgame long skewer,111,23,c1c3,False,0.12881320863986945,3,-0.14838193356990814,c1h6,True,0.9357143044471741,4.4103893999999855,
2894,1288,kingsideAttack mate mateIn1 middlegame oneMove,30,43,c3g7,True,0.8631382303841324,1,-0.1726074069738388,c3g7,True,0.9957143068313599,0.04357069999969099,
2896,1345,kingsideAttack mate mateIn2 middlegame sacrifice short xRayAttack,39,42,e8e6,False,0.0005183698111640471,29,-0.17163653671741486,e8e6,False,0.0,4.956015499999921,
2898,1170,crushing discoveredAttack endgame short,69,39,h6h5,False,0.0025579492445962962,19,0.21156716346740723,d3e3,False,0.0,4.204316100000142,
2900,1444,crushing hangingPiece middlegame short,62,37,b3c4,True,0.8061591311249792,1,0.5355942845344543,b3c4,True,0.9900000095367432,3.8984133000003567,
2902,1133,kingsideAttack mate mateIn2 middlegame short,35,42,d2f3,True,0.9078646352919995,1,0.009165879338979721,d2f3,True,0.9957143068313599,0.0776239999995596,
2904,1083,advantage fork middlegame short,54,36,f4f6,True,0.557366527387376,1,-0.34457021951675415,f4f6,True,0.9800000190734863,4.6228713000000425,
2906,1150,advantage endgame fork short,94,21,a4a5,False,0.17467495459663016,2,-0.8532519936561584,f3d4,True,0.9700000286102295,4.5647790000002715,
2908,1154,advantage discoveredAttack kingsideAttack long middlegame,49,38,f7g6,False,0.3021620269245425,2,-0.949343740940094,e5e1,True,0.9657142758369446,4.550012600000628,
2910,1039,endgame mate mateIn2 short,57,33,f6f2,True,0.9029778863881631,1,-0.43247437477111816,f6f2,True,0.9971428513526917,0.046888599999874714,
2912,1003,crushing endgame short skewer,86,16,h5g4,True,0.3742634948655145,1,-0.99500972032547,h5g4,True,0.9814285635948181,3.190421199999946,
2914,1282,endgame mate mateIn2 short,58,35,d1d8,True,0.48788191582172435,1,0.40466704964637756,d1d8,True,0.977142870426178,0.19984260000001086,
2916,1231,crushing discoveredAttack long middlegame,44,46,c6e7,True,0.4995677463204741,1,-0.5310897827148438,c6e7,True,0.9614285826683044,4.587728900000002,
2918,1027,advantage discoveredAttack middlegame short,32,48,e5d6,False,0.02014369103841808,7,-0.8678292036056519,d3g6,True,0.7314285635948181,4.2908553999996,
2920,1406,advantage deflection endgame long master,77,34,e7b7,True,0.4384846058902559,1,-0.3219432234764099,b2a2,False,0.12428571283817291,4.342564999999922,
2922,1100,crushing endgame fork short,39,41,f3h3,True,0.38156468003346544,1,0.05427221208810806,f3h3,True,0.9685714244842529,3.9644445999992968,
2924,1003,endgame epauletteMate mate mateIn2 short,82,31,g7f5,False,0.16478146456217782,2,-0.1348995417356491,e1d1,True,0.9614285826683044,0.19468309999956546,
2926,1273,advantage endgame fork long,72,25,g3f5,True,0.6164055689960785,1,-0.978246808052063,g3f5,True,0.9857142567634583,5.045163499999944,
2928,1351,advantage endgame fork short,78,18,g5e5,True,0.8842148394921896,1,-0.31007832288742065,g5e5,True,0.9942857027053833,4.228758899999775,
2930,1422,advantage middlegame pin short,34,26,d2f3,False,0.2116411853164606,2,-0.9453455805778503,d2e4,True,0.9742857217788696,3.609556500000508,
2932,1050,crushing endgame fork long master,76,13,f6e7,False,0.02776417261249948,2,-0.41809818148612976,c6c8,True,0.8328571319580078,3.3824406000003364,
2934,1379,kingsideAttack mate mateIn2 middlegame short,36,43,f4e5,True,0.6992566941829845,1,0.33968213200569153,f4e5,True,0.9857142567634583,0.10358379999979661,
2936,1153,mate mateIn2 middlegame short,35,37,h4f2,True,0.4309762516628588,1,-0.5523942112922668,h4f2,True,0.9785714149475098,0.1181034000001091,
2938,1256,balestraMate mate mateIn2 middlegame short,43,34,e3d3,False,0.3444372837256324,2,-0.4012582004070282,d7a4,True,0.9785714149475098,0.21770250000008673,
2940,1141,endgame mate mateIn1 oneMove rookEndgame,59,22,c7d6,False,0.020370279702394196,2,0.3636178970336914,h6h5,True,0.7157142758369446,1.1049659999998767,
2942,1122,crushing endgame fork short,64,27,a4c5,True,0.5474686577594253,1,0.0890105739235878,a4c5,True,0.9800000190734863,4.573830299999827,
2944,1326,crushing endgame queenRookEndgame short skewer,75,24,g1e1,True,0.3869367807353918,1,-0.9729934334754944,g1e1,True,0.9742857217788696,4.613217600000098,
2946,1336,advancedPawn crushing endgame long trappedPiece,82,19,b5b6,True,0.9264457830572631,1,-0.32305777072906494,b5b6,True,0.9957143068313599,4.277262699999483,
2948,1255,advantage endgame fork master short,108,24,a4a6,False,0.11477389103892072,4,-0.9425959587097168,e2c4,True,0.9714285731315613,4.265914599999633,
2950,1210,endgame mate mateIn1 oneMove,74,24,f8d8,True,0.5642306101329095,1,0.47669732570648193,f8d8,True,0.9800000190734863,0.12864819999958854,
2952,1269,advantage fork long middlegame,74,32,b7c8,True,0.31150540572136715,1,-0.6971971392631531,b7c8,True,0.9800000190734863,4.6868273000000045,
2954,1299,advantage discoveredAttack middlegame short,51,29,c8b8,False,0.33164628704313986,2,-0.09724956750869751,c7b6,True,0.9671428799629211,5.173503099999834,
2956,1050,mate mateIn1 middlegame oneMove,53,37,e6c4,True,0.8876499415713583,1,-0.8935943841934204,e6c4,True,0.9957143068313599,0.04080439999961527,
2958,1307,kingsideAttack mate mateIn2 middlegame short,41,32,h4h1,True,0.7351597028339539,1,0.2265717089176178,h4h1,True,0.9928571581840515,0.17338610000024346,
2960,1082,endgame mate mateIn1 oneMove,73,32,b1e4,True,0.6072336583927618,1,0.46825656294822693,b1e4,True,0.9814285635948181,0.13119509999978618,
2962,1167,mate mateIn1 oneMove opening smotheredMate,20,50,d5f6,True,0.7352065597564119,1,0.4880499541759491,d5f6,True,0.9814285635948181,0.1092516999997315,
2964,1075,endgame mate mateIn2 short,65,20,d2f3,True,0.3843936829510083,1,-0.19804717600345612,d2f3,True,0.9814285635948181,0.17719469999974535,
2966,1229,mate mateIn2 middlegame sacrifice short,46,30,f3h3,True,0.7477886269286027,1,-0.730621874332428,f3h3,True,0.9785714149475098,0.07505980000041745,
2968,1220,advantage fork opening short,16,28,c1d2,False,0.26055596364417694,2,-0.18659543991088867,d1a4,True,0.9614285826683044,4.262343299999884,
2970,1073,mate mateIn2 opening short,13,39,c5f2,True,0.458853637284983,1,-0.5207921266555786,c5f2,True,0.9671428799629211,1.999344600000768,
2972,1073,advantage endgame fork short,85,33,d6d5,True,0.8794073343981667,1,-0.16937284171581268,d6d5,True,0.991428554058075,4.100641800000631,
2974,1340,advantage long middlegame pin,31,31,d8f6,False,0.12715507437763554,3,-0.17718955874443054,f8e8,True,0.9514285922050476,4.053126699999666,
2976,1320,advantage attraction fork long middlegame pin sacrifice,78,50,a6e6,False,0.0024989084385469346,27,-0.9854066967964172,a6e6,False,0.0,4.807046199999604,
2978,1240,advantage endgame master pin short,53,21,f6e4,True,0.24947066500718085,1,-0.7296584248542786,f6e4,True,0.9800000190734863,4.596580999999787,
2980,1379,crushing fork master opening short,19,47,d5c3,False,0.012573759220547643,9,0.14830487966537476,d8h4,True,0.36714285612106323,4.730682800000068,
2982,1143,mate mateIn2 middlegame short,57,27,a7f2,True,0.7560071873232008,1,-0.9615960121154785,a7f2,True,0.9857142567634583,0.1134609000000637,
2984,1070,mate mateIn1 middlegame oneMove,54,38,f5h7,True,0.7984183230010491,1,-0.5826438069343567,f5h7,True,0.991428554058075,0.06428580000010697,
2986,1179,kingsideAttack mate mateIn1 middlegame oneMove,44,36,h1f1,False,0.15225643020714136,2,-0.87941575050354,d4g7,True,0.9742857217788696,0.11418879999928322,
2988,1210,endgame mate mateIn2 sacrifice short,87,29,d3d4,False,0.466364270270481,2,0.087821826338768,b3a3,True,0.9757142663002014,0.1558101999999053,
2990,1239,kingsideAttack mate mateIn2 middlegame short,48,32,c2h7,True,0.9157809441389986,1,-0.7264226675033569,c2h7,True,0.9928571581840515,0.1096715999992739,
2992,1226,crushing endgame fork queenRookEndgame short,102,15,g4e4,True,0.40656678425410947,1,0.019593071192502975,g4e4,True,0.9714285731315613,5.166653400000541,
2994,1293,advantage hangingPiece middlegame short,57,3,f8f7,True,0.8603723638426498,1,-0.3251662850379944,f8f7,True,0.9971428513526917,4.693230199999562,
2996,1165,blindSwineMate endgame mate mateIn1 oneMove,85,27,g2h2,False,0.09871282653982667,2,0.16295930743217468,c2f2,True,0.9614285826683044,0.20209199999953853,
2998,1107,endgame mate mateIn2 short,76,27,g8h8,True,0.8417120847758152,1,0.6851592659950256,g8h8,True,0.9900000095367432,0.1700621999998475,
3000,1375,endgame mate mateIn2 short,109,37,d5h1,False,0.07886282346905843,3,-0.1863919049501419,d5f3,True,0.9628571271896362,0.2995968000004723,
3002,1256,endgame master mate mateIn1 oneMove pin,66,26,d5f7,False,0.036591127511425015,3,-0.12105976790189743,b7b8,True,0.9757142663002014,0.11920550000013463,
3004,1286,attraction crushing deflection endgame long,95,38,d1h1,True,0.5428248818793481,1,-0.7393489480018616,d1h1,True,0.9857142567634583,4.212160199999744,
3006,1022,mate mateIn1 middlegame oneMove,46,48,f7h5,False,0.1027265454502091,5,-0.5964305400848389,c5b6,True,0.9642857313156128,0.20108650000020134,
3008,1176,crushing fork long middlegame,49,31,h4f3,True,0.6532789670841197,1,-0.9866363406181335,h4f3,True,0.9871428608894348,4.795073299999785,
3010,1193,crushing endgame interference long rookEndgame,116,12,a7b7,True,0.7209210701721565,1,-0.0777721032500267,a7b7,True,0.9842857122421265,4.398313499999858,
3012,1119,crushing endgame fork short,116,8,g5f6,False,0.23739099891601076,2,-0.9565269351005554,g5e3,True,0.9800000190734863,4.638181000000259,
3014,1227,backRankMate endgame long mate mateIn3 sacrifice,70,27,f2f7,True,0.7205771911379488,1,-0.9782671928405762,f2f7,True,0.9885714054107666,0.2926895999999033,
3016,1138,crushing endgame fork long,68,35,c2c8,True,0.3896643291593514,1,-0.8306701183319092,c2c8,True,0.9800000190734863,4.883622800000012,
3018,1213,advantage hangingPiece middlegame short,44,5,g1f2,False,0.2890147588336359,2,-0.5663127899169922,e4f2,True,0.9757142663002014,4.635148699999263,
3020,1146,endgame master mate mateIn1 oneMove,65,41,d8h8,True,0.7915924147186137,1,-0.8406082987785339,d8h8,True,0.991428554058075,0.07408500000019558,
3022,1085,crushing endgame fork queenRookEndgame short,113,19,d2h6,True,0.47102713049959666,1,-0.16808152198791504,d2h6,True,0.9800000190734863,4.296207800000047,
3024,1216,backRankMate endgame long mate mateIn3 sacrifice,49,37,f5e5,False,0.002215536342054064,16,-0.6838176250457764,c3e5,False,0.0,3.765278199999557,
3026,1414,crushing endgame hangingPiece intermezzo master short,86,8,e3d2,False,0.3383069520209744,2,-0.6623876094818115,e7c6,True,0.9728571176528931,3.937046900000496,
3028,1036,mate mateIn1 middlegame oneMove pin,54,44,d1d8,True,0.9153389550297372,1,0.09725308418273926,d1d8,True,0.9957143068313599,0.03546490000007907,
3030,1240,backRankMate mate mateIn1 middlegame oneMove,31,46,e8e1,True,0.7866139563196834,1,0.16484129428863525,e8e1,True,0.991428554058075,0.04698980000011943,
3032,1295,crushing discoveredAttack endgame master queensideAttack short,58,28,e4f3,False,0.020445646311786914,4,-0.6943835020065308,e4b7,True,0.7357142567634583,4.533894399999554,
3034,1166,kingsideAttack mate mateIn2 middlegame short,33,46,d6h2,False,0.2853897718350261,2,-0.6756429672241211,h4h2,True,0.9814285635948181,0.15213669999957347,
3036,1308,attraction crushing endgame long,65,30,d4e3,False,0.40606027763968594,2,-0.0901598110795021,h5g3,True,0.9700000286102295,4.354120099999818,
3038,1278,master masterVsMaster mate mateIn1 middlegame oneMove pillsburysMate pin,54,46,f4f5,False,0.29117041698626217,2,0.2962111234664917,h1h5,True,0.9742857217788696,0.16113229999973555,
3040,1255,crushing endgame fork short,51,28,f4g2,True,0.606914852797226,1,-0.01369541883468628,f4g2,True,0.9800000190734863,4.256106299999374,
3042,1176,kingsideAttack mate mateIn1 middlegame oneMove,31,41,d5g2,True,0.9277305575412864,1,0.2835714519023895,d5g2,True,0.9957143068313599,0.05806719999964116,
3044,1311,endgame mate mateIn1 oneMove queensideAttack,45,22,a4c2,True,0.46382592982503995,1,0.4957674741744995,a4c2,True,0.9800000190734863,0.14298500000040804,
3046,1155,crushing fork master middlegame short,49,34,f6d5,False,0.22275158015264854,2,0.24102631211280823,f6e4,True,0.9485714435577393,4.662199600000349,
3048,1399,long mate mateIn3 middlegame sacrifice,46,37,c1b1,False,0.012222551639452444,13,-0.9993101954460144,c1b1,False,0.31142857670783997,1.0629092000008313,
3050,1306,backRankMate endgame mate mateIn2 short,46,30,b6d7,False,0.1958119386900508,2,-0.974290132522583,e5d7,True,0.9757142663002014,0.21140429999923072,
3052,1433,mate mateIn1 middlegame oneMove pin,41,41,c5f2,False,0.2608304840056569,2,0.7881638407707214,e8e1,True,0.9428571462631226,0.36545979999937117,
3054,1361,crushing deflection endgame rookEndgame short,100,20,d5d2,True,0.43004568793756104,1,0.034191761165857315,d5d2,True,0.9728571176528931,4.453183099999478,
3056,1047,crushing endgame fork hangingPiece short,38,16,f7f8,True,0.9052125264770106,1,0.17030255496501923,f7f8,True,0.9957143068313599,4.1746743000003335,
3058,1081,deflection endgame mate mateIn2 short,90,3,c5b5,True,0.7666689095754682,1,-0.9225484728813171,c5b5,True,0.9942857027053833,0.06030490000011923,
3060,1389,endgame mate mateIn1 oneMove rookEndgame,111,17,e4e3,False,0.32426096991445647,2,-0.06394676864147186,g2g1,True,0.9685714244842529,0.1835891000000629,
3062,1314,advantage defensiveMove long middlegame pin,70,35,d1h1,False,0.1419520149354813,2,-0.9684821963310242,f3h4,True,0.9700000286102295,5.026691400000345,
3064,1388,crushing hangingPiece middlegame short,46,5,b2c3,True,0.8566727460070298,1,-0.4102257192134857,b2c3,True,0.9942857027053833,5.13702480000029,
3066,1408,crushing deflection endgame long rookEndgame,112,14,g1f1,True,0.9008799916440239,1,-0.9202653169631958,g1f1,True,0.9957143068313599,5.467277099999592,
3068,1328,endgame mate mateIn1 oneMove,86,16,g7h7,True,0.6380888013224584,1,-0.28083541989326477,g7h7,True,0.9871428608894348,0.1039890000001833,
3070,1045,advantage opening short trappedPiece,18,36,c1g5,True,0.8779649539094153,1,-0.23444359004497528,c1g5,True,0.9942857027053833,4.687520499999664,
3072,1277,endgame master masterVsMaster mate mateIn1 oneMove,77,43,e4g2,True,0.5517044674381729,1,0.9619542956352234,e4g2,True,0.977142870426178,0.12260859999969398,
3074,1031,clearance mate mateIn2 middlegame short,52,34,g5f7,True,0.6861396880274839,1,0.4693247377872467,g5f7,True,0.9885714054107666,0.18898869999975432,
3076,1139,advantage long middlegame pin queensideAttack,47,34,a2a1,True,0.21477035892419868,1,-0.986914336681366,a2a1,True,0.9228571653366089,4.408207299999958,
3078,1306,kingsideAttack mate mateIn2 middlegame short,54,33,d5f6,True,0.756746899124905,1,0.06837018579244614,d5f6,True,0.9871428608894348,0.09514200000012352,
3080,1031,endgame mate mateIn1 oneMove,59,35,e8e1,True,0.8258922120454202,1,0.9796973466873169,e8e1,True,0.991428554058075,0.05603820000033011,
3082,1025,crushing middlegame pin short,36,37,e4f5,True,0.5452180045082585,1,-0.4692082107067108,e4f5,True,0.9700000286102295,4.541206699999748,
3084,1135,endgame master mate mateIn2 short,78,32,g6e8,False,0.20172705403447033,2,-0.3301473557949066,e1e8,True,0.9742857217788696,0.15875770000002376,
3086,1247,advantage endgame fork short,123,26,b1a1,False,0.039935231121021784,3,-0.9828271865844727,d3c5,True,0.8985714316368103,4.303840399999899,
3088,1308,advantage attraction endgame short,75,25,d3f4,True,0.678469464465961,1,-0.21427340805530548,d3f4,True,0.977142870426178,4.3560263999997915,
3090,1250,crushing endgame fork long,54,23,e1e6,True,0.952970509441238,1,-0.440100759267807,e1e6,True,0.9971428513526917,3.4334764000004725,
3092,1402,mate mateIn1 middlegame oneMove,42,44,f7e8,True,0.477956629553799,1,0.0605800487101078,f7e8,True,0.9671428799629211,0.15218499999991764,
3094,1118,master mate mateIn1 middlegame oneMove,53,49,e5g3,True,0.9256088654715648,1,0.4846551716327667,e5g3,True,0.9971428513526917,0.03154019999965385,
3096,1160,crushing endgame fork short,78,41,c1c7,True,0.34300365370647656,1,0.6752203702926636,c1c7,True,0.9657142758369446,3.8984097000002293,
3098,1315,advantage deflection fork long middlegame,62,52,a1a8,True,0.3803271789197044,1,-0.010737921111285686,b4a5,False,0.04857143014669418,3.9793963000001895,
3100,1087,endgame hangingPiece mate mateIn2 short,92,30,e7f8,True,0.41148743998076304,1,-0.9894657135009766,e7f8,True,0.9785714149475098,0.15164719999938825,
3102,1102,master mate mateIn1 middlegame oneMove,46,37,g6f7,True,0.5935465553816629,1,0.7119084596633911,g6f7,True,0.8142856955528259,0.15917530000024271,
3104,1030,advantage endgame fork short,60,29,e4d6,False,0.3657190924844106,2,0.3958185911178589,e4f6,True,0.9685714244842529,4.568209000000024,
3106,1078,crushing fork middlegame short,55,33,e5g3,True,0.48393406046437676,1,-0.4448142349720001,e5g3,True,0.9785714149475098,5.083776699999362,
3108,1429,mate mateIn1 middlegame oneMove,72,31,e6f7,True,0.9466815149962706,1,0.021209897473454475,e6f7,True,0.9971428513526917,0.03088819999993575,
3110,1416,advantage opening short trappedPiece,16,35,e1g1,False,0.26480649468612183,2,-0.8390750885009766,d2c3,True,0.9557142853736877,4.607507600000645,
3112,1168,crushing fork middlegame short,54,32,g5f3,False,0.07207477076662305,4,-0.20726066827774048,f1c4,True,0.9471428394317627,4.705065600000125,
3114,1374,attraction crushing endgame fork long sacrifice,52,32,d5e7,False,0.008256875217876351,7,0.19808588922023773,d5e7,False,0.0,5.549078899999586,
3116,1334,mate mateIn2 middlegame short,42,44,g5e6,True,0.8275442104809728,1,0.04053081199526787,g5e6,True,0.991428554058075,0.10779459999957908,
3118,1439,endgame mate mateIn2 short,79,34,e3g1,True,0.47099428062974674,1,0.6403768062591553,e3g1,True,0.9628571271896362,0.33541839999998047,
3120,1387,advantage discoveredAttack discoveredCheck endgame master short,115,15,f4e6,False,0.0013997935299121223,10,-0.11358034610748291,f4d5,False,0.0,4.73447380000016,
3122,1084,kingsideAttack mate mateIn1 middlegame oneMove,46,30,d4g7,True,0.933527983880109,1,-0.8837817907333374,d4g7,True,0.9942857027053833,0.04161829999975453,
3124,1367,endgame mate mateIn2 operaMate sacrifice short,62,47,d2f2,False,0.0010295314955446543,10,0.17653436958789825,d2e3,False,0.0,4.780901099999937,
3126,1114,advantage fork middlegame short,46,38,e3e4,True,0.9303389328470524,1,-0.7311598062515259,e3e4,True,0.9942857027053833,4.50862270000016,
3128,1332,endgame mate mateIn2 short,58,37,f1g1,False,0.12243042450240563,3,-0.1414726972579956,h8h7,True,0.9585714340209961,0.3232490999998845,
3130,1017,attackingF2F7 mate mateIn1 oneMove opening,18,37,h4e7,False,0.2073631435215222,2,0.26260706782341003,f3f7,True,0.9399999976158142,0.3013252000000648,
3132,1410,endgame hookMate mate mateIn2 short,78,19,e6b6,False,0.1884292415082659,2,-0.13949626684188843,g3g4,True,0.9599999785423279,0.2947999999996682,
3134,1128,kingsideAttack mate mateIn2 middlegame short,47,28,f8f1,True,0.8952652884044668,1,0.26389798521995544,f8f1,True,0.9957143068313599,0.062097300000459654,
3136,1186,kingsideAttack mate mateIn2 middlegame short triangleMate,54,32,h6g6,False,0.24611389148121068,2,0.5024800896644592,h6h8,True,0.9757142663002014,0.15326999999979307,
3138,1140,mate mateIn2 middlegame short,27,40,c7g3,True,0.9268797367155568,1,-0.07710250467061996,c7g3,True,0.9971428513526917,0.12169290000019828,
3140,1183,mate mateIn2 middlegame short,58,44,d5f7,True,0.6536737248550842,1,-0.050682105123996735,d5f7,True,0.9871428608894348,0.1215968000005887,
3142,1354,kingsideAttack long mate mateIn3 middlegame sacrifice,47,53,g6g3,True,0.5374649079015028,1,0.05979281663894653,g6g3,True,0.9857142567634583,1.3265364999997473,
3144,1178,endgame mate mateIn2 short triangleMate,76,31,e1e8,True,0.9013129992146349,1,0.11689790338277817,e1e8,True,0.9957143068313599,0.2030002000001332,
3146,1040,crushing fork master middlegame short,69,48,e6e2,True,0.7192781899076967,1,-0.36982908844947815,e6e2,True,0.9885714054107666,4.067362100000537,
3148,1261,crushing fork middlegame short,18,28,f2f3,True,0.8621585079166749,1,0.19759272038936615,f2f3,True,0.9928571581840515,3.83229990000018,
3150,1157,endgame mate mateIn2 short,86,22,c4f1,False,0.2155989156729759,4,-0.9664172530174255,e7d8,True,0.9785714149475098,0.10829139999987092,
3152,1251,crushing endgame fork short,89,17,g3g2,False,0.34696577547258084,2,-0.0884939655661583,d2c3,True,0.9342857003211975,4.353348000000551,
3154,1366,advantage endgame skewer veryLong,64,34,c1c4,True,0.4575424071590926,1,-0.5380478501319885,c1c4,True,0.9800000190734863,4.36363960000017,
3156,1360,advantage deflection master middlegame short,47,28,f7d5,False,0.0005711629047557059,17,-0.11608178168535233,f7d5,False,0.0,4.346756399999322,
3158,1207,endgame mate mateIn1 oneMove,66,36,h3h4,False,0.1865577562000918,2,-0.659173309803009,g4g5,True,0.9757142663002014,0.12606140000025334,
3160,1143,endgame mate mateIn1 oneMove,60,34,f7h7,False,0.3537558363767732,2,0.9310510754585266,f7h7,False,0.42571428418159485,0.11230470000009518,
3162,1069,mate mateIn1 middlegame oneMove,47,37,f3f5,False,0.2707133872735568,2,-0.7569550275802612,f3h5,True,0.9785714149475098,0.12018949999946926,
3164,1298,endgame mate mateIn2 short,60,37,h7h8,True,0.5596964014476011,1,-0.2630090117454529,h7h8,True,0.9842857122421265,0.17212629999994533,
3166,1389,crushing deflection fork long middlegame,37,35,h4g3,True,0.5465322369929068,1,-0.2342546135187149,h4g3,True,0.9814285635948181,2.5301530000006096,
3168,1232,crushing deflection endgame short,70,26,f4f6,False,0.32379423791841233,2,-0.41761431097984314,b6b7,True,0.9700000286102295,4.971943200000169,
3170,1036,kingsideAttack mate mateIn1 middlegame oneMove,32,50,d3h7,True,0.9566133733954353,1,0.10405751317739487,d3h7,True,0.9971428513526917,0.07048190000023169,
3172,1158,endgame fork mate mateIn2 short,58,29,d2e1,False,0.19886154220814758,2,-0.49485817551612854,d2h6,True,0.9742857217788696,0.2511840999995911,
3174,1298,endgame mate mateIn1 oneMove queenEndgame,75,35,d5a2,False,0.3203852442400327,2,0.3635324537754059,d5h1,True,0.9585714340209961,0.271887500000048,
3176,1057,endgame hangingPiece master mate mateIn1 oneMove,59,37,d3f1,True,0.7156997226139098,1,-0.9664288759231567,d3f1,True,0.9900000095367432,0.08258010000008653,
3178,1009,crushing endgame fork short,117,22,g4e3,True,0.41635222721459925,1,0.001990565098822117,g4e3,True,0.9642857313156128,5.475754099999904,
3180,1286,endgame master mate mateIn1 oneMove,88,23,f7f8,True,0.60203574998015,1,0.04852914810180664,f7f8,True,0.9857142567634583,0.09824730000036652,
3182,1072,crushing endgame interference short,59,27,a5a4,True,0.5508491769962887,1,-0.89202481508255,a5a4,True,0.9871428608894348,4.458706999999777,
3184,1315,crushing endgame long quietMove skewer,68,24,d3h3,True,0.6789603132282112,1,0.2734549343585968,d3h3,True,0.9857142567634583,1.8212570999994568,
3186,1118,endgame mate mateIn1 oneMove,64,46,d8d7,False,0.15484644830759547,2,0.8622103929519653,g4d7,True,0.9599999785423279,0.21313910000026226,
3188,1232,backRankMate long mate mateIn3 middlegame sacrifice,39,44,c6e4,False,0.001150913338217861,21,-0.6293914914131165,c6e4,False,0.0,4.408585399999538,
3190,1008,backRankMate endgame mate mateIn2 short,65,15,e8d8,False,0.02552236497109183,6,-0.9948889017105103,e8e1,True,0.8199999928474426,0.9255887999997867,
3192,1072,hangingPiece kingsideAttack mate mateIn1 middlegame oneMove,26,32,h5e8,True,0.9878695484088181,1,-0.8094532489776611,h5e8,True,0.9985714554786682,0.021431699999993725,
3194,1050,advantage endgame pin short,70,29,c5c7,True,0.46726941859224036,1,-0.8130327463150024,c5c7,True,0.9800000190734863,4.356016100000488,
3196,1186,crushing deflection endgame short,86,39,e4g6,False,0.043141424490287406,8,0.1706048846244812,e8h8,True,0.9228571653366089,4.416208999999981,
3198,1027,crushing endgame fork long,103,11,d6c5,True,0.36919357900862604,1,-0.5633148550987244,d6c5,True,0.9742857217788696,4.368013100000098,
3200,1256,backRankMate long mate mateIn3 middlegame sacrifice,52,35,a5c7,True,0.6038866601988432,1,0.6077762246131897,a5c7,True,0.7314285635948181,1.7049227000006795,
3202,1043,crushing fork middlegame short,37,28,h5g3,True,0.680330221845705,1,-0.8011218309402466,h5g3,True,0.9900000095367432,5.470431700000518,
3204,1160,crushing endgame rookEndgame short skewer,115,18,f6e5,False,0.3216040806095349,2,-0.031371381133794785,a1e1,True,0.9814285635948181,4.900819899999988,
3206,1080,endgame mate mateIn1 oneMove rookEndgame,84,16,a7a8,True,0.4909507867991371,1,0.42335861921310425,a7a8,True,0.9599999785423279,0.2016596000003119,
3208,1080,crushing endgame hangingPiece short,57,33,f5b1,True,0.33376284996893857,1,-0.4045642912387848,f5b1,True,0.9800000190734863,4.5834962999997515,
3210,1083,crushing endgame fork short,97,15,d6b5,True,0.4402368926246204,1,-0.0736200362443924,d6b5,True,0.9728571176528931,4.458067600000504,
3212,1201,endgame mate mateIn1 oneMove,63,33,d5h1,True,0.7673540211069603,1,-0.6301813125610352,d5h1,True,0.9928571581840515,0.0589311000003363,
3214,1216,advantage hangingPiece long opening,19,27,e7e6,True,0.8014489255808918,1,-0.33164340257644653,e7e6,True,0.9928571581840515,4.445505800000319,
3216,1406,endgame long mate mateIn3,91,28,c1h1,True,0.9419424308061066,1,-0.10095135867595673,c1h1,True,0.9957143068313599,0.14970309999989695,
3218,1312,attraction kingsideAttack mate mateIn2 middlegame sacrifice short,40,42,b2c3,False,0.0916079074156068,2,0.5108546018600464,h5h7,True,0.9357143044471741,0.3697717000004559,
3220,1264,endgame mate mateIn2 short,70,35,c7c8,False,0.2254609900200792,2,0.2937290072441101,c5f8,True,0.9614285826683044,0.20894679999946675,
3222,1056,mate mateIn2 middlegame queensideAttack short,55,31,f7f6,False,0.21929756558508176,2,-0.9976707100868225,a6d3,True,0.9785714149475098,0.16259609999997338,
3224,1060,mate mateIn1 middlegame oneMove,36,40,f7g7,True,0.9397939928421253,1,-0.3291553854942322,f7g7,True,0.9957143068313599,0.05381229999966308,
3226,1284,crushing endgame queenEndgame short skewer,78,26,b5a5,False,0.054488183497251604,4,0.017257459461688995,b5a6,False,0.018571428954601288,4.373547099999996,
3228,1323,advancedPawn advantage deflection endgame promotion rookEndgame short,102,22,c7h7,False,0.004612046557052432,14,-0.9146292209625244,c7h7,False,0.0,4.468603399999665,
3230,1256,endgame mate mateIn2 pin short,66,21,e7f6,True,0.9052949475100294,1,-0.945975661277771,e7f6,True,0.9942857027053833,0.1355491999993319,
3232,1301,crushing defensiveMove discoveredAttack fork middlegame veryLong,43,40,d5d4,False,0.1275150335772425,4,-0.9968782663345337,e5f3,True,0.977142870426178,3.7874290999998266,
3234,1065,mate mateIn2 middlegame short,76,36,g2e4,True,0.5357952422676939,1,-0.9580376744270325,g2e4,True,0.9842857122421265,0.0908092999998189,
3236,1250,advantage defensiveMove endgame hangingPiece short,50,5,g1f2,True,0.7288142812470225,1,-0.14595849812030792,g1f2,True,0.9828571677207947,3.9211350999994465,
3238,1030,endgame mate mateIn2 short,68,30,e5d5,False,0.3238635313449898,2,-0.9076713919639587,e5e8,True,0.9742857217788696,0.13024640000003274,
3240,1267,advantage deflection endgame short,59,42,d5c4,False,0.05410020246110113,3,-0.29728633165359497,d1g1,True,0.9371428489685059,4.559272399999827,
3242,1432,crushing middlegame short skewer,61,33,e4f5,False,0.06324797568523913,5,-0.18241241574287415,h2h1,True,0.9428571462631226,4.339577799999461,
3244,1117,kingsideAttack mate mateIn2 middlegame short,34,37,d1h5,True,0.9544587846721538,1,0.9052073359489441,d1h5,True,0.9971428513526917,0.05426710000028834,
3246,1395,discoveredAttack kingsideAttack mate mateIn2 middlegame sacrifice short,26,45,d3c4,False,0.016888782218951452,2,-0.3946095108985901,e4f6,True,0.618571400642395,1.7042218999995384,
3248,1056,crushing endgame fork short,102,20,f3d1,False,0.04636226146774212,5,0.020134422928094864,f4h5,True,0.9171428680419922,4.376028900000165,
3250,1175,advantage middlegame short trappedPiece,53,41,e7c5,True,0.529152056009362,1,-0.9064970016479492,e7c5,True,0.9857142567634583,4.918187300000682,
3252,1101,backRankMate endgame long mate mateIn3 sacrifice,51,32,c6c2,True,0.5521019339230511,1,-0.8363453149795532,c6c2,True,0.9900000095367432,0.2894043000005695,
3254,1316,advancedPawn advantage endgame exposedKing fork long,56,27,g5e4,False,0.1297447732695655,3,-0.6071814298629761,h6h7,True,0.9728571176528931,4.40860739999971,
3256,1149,mate mateIn2 middlegame short,38,46,d1f3,True,0.8505056999227667,1,0.03463120386004448,d1f3,True,0.991428554058075,0.11186900000029709,
3258,1061,endgame mate mateIn1 oneMove,91,19,d6d1,True,0.5018228027200607,1,-0.9850797653198242,d6d1,True,0.9857142567634583,0.07181840000066586,
3260,1083,endgame mate mateIn4 sacrifice veryLong,58,28,e3f3,False,0.003948359032548054,19,-0.48088234663009644,g3f3,False,0.0,3.5144408999994994,
3262,1197,endgame mate mateIn1 oneMove,56,31,e7e2,True,0.8792091485865146,1,-0.36938199400901794,e7e2,True,0.9957143068313599,0.06373549999989336,
3264,1172,discoveredCheck doubleCheck kingsideAttack mate mateIn1 oneMove opening,28,41,d5f6,True,0.9374770820064252,1,-0.8751165866851807,d5f6,True,0.9942857027053833,0.06378320000021631,
3266,1040,crushing discoveredAttack kingsideAttack middlegame short,33,47,g7g6,False,0.015025317391368868,4,-0.24280938506126404,g7g6,False,0.0014285714132711291,3.954393500000151,
3268,1038,crushing endgame fork short,86,30,f4f1,False,0.3941259448259699,2,-0.6324202418327332,f4d6,True,0.9785714149475098,4.27363620000051,
3270,1355,advantage endgame master short trappedPiece,48,28,f4f5,True,0.6616777697175155,1,-0.8873931765556335,f4f5,True,0.9885714054107666,4.743750700000419,
3272,1358,mate mateIn1 oneMove opening,18,47,c1g5,True,0.5493490574727646,1,-0.18818320333957672,c1g5,True,0.9728571176528931,0.11071099999935541,
3274,1037,endgame mate mateIn2 short,67,34,f8f2,True,0.8100710318605439,1,0.126800537109375,f8f2,True,0.9928571581840515,0.08810950000042794,
3276,1320,advancedPawn master mate mateIn2 middlegame sacrifice short,55,42,e6e5,False,0.10867162132246283,3,-0.1360945999622345,g6g3,True,0.9657142758369446,0.20559200000025157,
3278,1275,kingsideAttack mate mateIn1 middlegame oneMove,42,31,c7g7,False,0.23389693928125832,2,-0.4401811957359314,g3g7,True,0.9700000286102295,0.1757158000000345,
3280,1408,endgame mate mateIn2 short,64,33,f5e6,False,0.07235991064528326,5,0.7244059443473816,e1e8,True,0.9300000071525574,0.36026220000076137,
3282,1245,advantage endgame fork short,46,27,h1h7,False,0.21839883033399307,2,0.06238819286227226,g5e6,True,0.9714285731315613,4.725292099999933,
3284,1330,kingsideAttack mate mateIn1 oneMove opening,26,44,c7a8,False,0.18463398509173196,2,0.5648637413978577,b3f7,True,0.949999988079071,0.36526020000019344,
3286,1242,mate mateIn2 middlegame short,54,41,f7f8,True,0.8775020923335655,1,0.44438475370407104,f7f8,True,0.9942857027053833,0.07184550000056333,
3288,1417,advantage attraction endgame fork long,62,44,f7g6,True,0.9102565912717937,1,-0.074570432305336,f7g6,True,0.9942857027053833,4.366171199999371,
3290,1390,crushing endgame master masterVsMaster short skewer,110,24,f8g7,False,0.008270730161626924,6,0.8064001798629761,f8c5,False,0.0,4.458903299999292,
3292,1324,mate mateIn1 middlegame oneMove,33,30,f8b4,True,0.5050603182942094,1,-0.9059895277023315,f8b4,True,0.9857142567634583,0.09238280000045052,
3294,1090,endgame mate mateIn1 oneMove,55,42,g2h2,True,0.848250407981929,1,0.5906195044517517,g2h2,True,0.9928571581840515,0.04722279999987222,
3296,1033,endgame mate mateIn2 queenRookEndgame short,79,15,g6g5,True,0.7776409961663062,1,-0.46714404225349426,g6g5,True,0.991428554058075,0.19175879999966128,
3298,1333,mate mateIn2 middlegame queensideAttack short,42,40,h2h3,False,0.2131934017975523,2,-0.5639932751655579,e1e8,True,0.9714285731315613,0.12541020000026037,
3300,1172,mate mateIn1 oneMove opening,22,42,e8b5,True,0.24476966620459234,1,0.4265274703502655,e8b5,True,0.9614285826683044,0.17394440000043687,
3302,1059,endgame master mate mateIn1 oneMove operaMate,60,35,a2a4,False,0.24343317241289725,2,0.9186691641807556,a8d8,True,0.8985714316368103,0.41596540000045934,
3304,1186,crushing middlegame short trappedPiece,36,36,f4f5,True,0.5913040060861016,1,0.1627308577299118,f4f5,True,0.9742857217788696,3.8577935999992405,
3306,1137,crushing endgame fork short,67,20,h6f4,True,0.9016374712464055,1,-0.6127324104309082,h6f4,True,0.9957143068313599,4.874822200000381,
3308,1102,endgame fork mate mateIn2 short,58,36,f3f8,False,0.11494709298695006,2,0.3147551119327545,f3f7,True,0.9571428298950195,0.4027124999993248,
3310,1282,crushing discoveredAttack kingsideAttack middlegame short,39,41,d4d3,False,0.039032649001702766,6,-0.41809722781181335,e5f3,True,0.8971428275108337,4.576575999999477,
3312,1237,mate mateIn2 middlegame sacrifice short,56,50,f1f8,True,0.2577962397403971,1,-0.9726232886314392,f1f8,True,0.9785714149475098,0.1925333999997747,
3314,1163,advantage endgame master pin short,74,35,a6d6,True,0.48642145797860364,1,-0.8625468015670776,a6d6,True,0.9828571677207947,4.373036599999978,
3316,1179,mate mateIn2 middlegame queensideAttack short,44,36,b3b4,False,0.008957002796878758,17,-0.8980134725570679,b3b4,False,0.0,4.774628600000142,
3318,1027,endgame mate mateIn1 oneMove,73,25,f3h1,True,0.9256060763411953,1,-0.7391370534896851,f3h1,True,0.9942857027053833,0.06402239999988524,
3320,1268,crushing deflection endgame veryLong,50,35,d1h1,True,0.37777210093141883,1,-0.1221691444516182,d1h1,True,0.9728571176528931,4.041522400000758,
3322,1071,advantage middlegame pin short,53,34,c6d4,True,0.4545558059005178,1,-0.9983536005020142,c6d4,True,0.9785714149475098,4.474610499999471,
3324,1125,endgame mate mateIn2 short,54,30,a4a8,True,0.8581982531198434,1,-0.396864116191864,a4a8,True,0.9928571581840515,0.12055469999995694,
3326,1081,mate mateIn2 middlegame queensideAttack short,48,35,c2c7,True,0.9721504282006668,1,-0.5912057757377625,c2c7,True,0.9985714554786682,0.1312220999998317,
3328,1448,advantage attraction deflection long middlegame,46,33,h5h4,False,0.09846133709555059,4,-0.800313413143158,d1d7,True,0.949999988079071,4.682797700000265,
3330,1225,endgame mate mateIn2 queensideAttack short,74,19,e7e8,True,0.4545894581712273,1,-0.5766103863716125,e7e8,True,0.9828571677207947,0.11513739999918471,
3332,1097,crushing fork opening short,18,34,f1d3,False,0.0014087016365637874,11,0.20012067258358002,f1d3,False,0.0,4.525587199999791,
3334,1275,crushing discoveredAttack endgame short,51,23,f6e5,True,0.5456185799839088,1,-0.37765786051750183,f6e5,True,0.9714285731315613,4.446055299999898,
3336,1186,endgame mate mateIn2 short,92,27,b8f4,True,0.5658852980297855,1,-0.39642080664634705,b8f4,True,0.9842857122421265,0.17859229999976378,
3338,1159,endgame long mate mateIn3 rookEndgame,72,23,g5g6,True,0.3924144964893383,1,-0.29251259565353394,g5g6,True,0.9728571176528931,0.32264279999981227,
3340,1180,crushing endgame queenEndgame short skewer,78,28,d5a5,False,0.0316464428841409,4,0.02726839669048786,d5d8,True,0.854285717010498,4.353265800000372,
3342,1409,endgame mate mateIn2 short,74,28,g8h7,True,0.38107009368511957,1,-0.5814046263694763,g8h7,True,0.9642857313156128,0.1656726000001072,
3344,1169,crushing endgame fork short,61,35,g5f4,False,0.23214316871146512,2,-0.6297403573989868,g5d2,True,0.9457142949104309,4.015087300000232,
3346,1270,advantage deflection endgame pin short,58,43,b1c1,False,0.25512155776938183,2,-0.2616878151893616,f5h6,True,0.9714285731315613,3.256320499999674,
3348,1424,crushing hangingPiece master middlegame short,59,38,d8d5,False,0.16671313353072825,3,0.7520459294319153,f5b1,True,0.949999988079071,4.3148017000003165,
3350,1035,kingsideAttack mate mateIn2 middlegame pillsburysMate short,49,38,d8e8,False,0.01352615186711607,4,0.2649199962615967,d8e8,False,0.4285714328289032,2.6283516000003146,
3352,1007,mate mateIn2 middlegame short,71,45,d4f2,True,0.5485719554731346,1,-0.9354007244110107,d4f2,True,0.9871428608894348,0.12288210000042454,
3354,1385,attraction endgame kingsideAttack long mate mateIn3 sacrifice,51,32,g8g6,False,0.0010160265721169226,22,0.4126945436000824,h5h6,False,0.0,4.4729207000000315,
3356,1200,crushing endgame fork short,76,28,f2e4,True,0.49769354961440554,1,-0.14356166124343872,f2e4,True,0.9814285635948181,5.161419699999897,
3358,1052,endgame mate mateIn2 short,62,27,e4h7,True,0.9456678957944576,1,-0.3488916754722595,e4h7,True,0.9971428513526917,0.23198729999967327,
3360,1237,mate mateIn2 middlegame short,26,41,a3a4,True,0.4385231932284987,1,-0.7612090110778809,a3a4,True,0.9857142567634583,0.12565139999969688,
3362,1061,advantage fork opening short,13,26,d8d4,True,0.9214344747906651,1,-0.47506800293922424,d8d4,True,0.9942857027053833,4.960112599999775,
3364,1071,mate mateIn1 middlegame oneMove,56,33,d5f4,False,0.20676460081421705,2,-0.5293803215026855,d5e7,True,0.9728571176528931,0.1516815000004499,
3366,1374,endgame mate mateIn1 oneMove,90,26,g5g8,True,0.9747138864361693,1,0.39483898878097534,g5g8,True,0.9985714554786682,0.021638000000166357,
3368,1151,deflection endgame mate mateIn2 short,71,34,f6d4,True,0.7507933575405952,1,0.25662246346473694,f6d4,True,0.9900000095367432,0.10421270000006189,
3370,1258,crushing fork middlegame short,64,32,g5e6,True,0.4771070037286992,1,-0.26086029410362244,g5e6,True,0.9814285635948181,4.5563045999997485,
3372,1282,endgame mate mateIn1 oneMove pin,73,29,e3e1,False,0.18739364148765605,3,0.015751611441373825,e3h3,True,0.9657142758369446,0.1664412000000084,
3374,1114,advantage discoveredAttack middlegame short,30,31,f3d4,True,0.7857845294500728,1,-0.2394881546497345,f3d4,True,0.927142858505249,4.491980499999954,
3376,1375,endgame long mate mateIn3 rookEndgame,86,14,h5g6,True,0.6358067243806242,1,-0.1536572277545929,h5g6,True,0.9842857122421265,0.3536543000000165,
3378,1065,crushing endgame rookEndgame short skewer,125,16,g7g5,True,0.42532218919234227,1,0.00518377311527729,g7g5,True,0.9671428799629211,5.118290100000195,
3380,1415,mate mateIn1 middlegame oneMove pin,30,37,a2a3,False,0.1854702428591421,3,0.1530963033437729,c3b5,True,0.9557142853736877,0.19534680000015214,
3382,1264,endgame exposedKing long mate mateIn3,73,27,b1g1,True,0.5167621433812682,1,-0.936896026134491,b1g1,True,0.9842857122421265,0.21076040000025387,
3384,1077,advancedPawn crushing endgame long promotion rookEndgame sacrifice,84,17,b4g4,False,0.11400251919363356,2,0.006749291904270649,b5b6,True,0.6714285612106323,4.438904600000569,
3386,1188,advantage middlegame short skewer,57,35,d5h1,True,0.8611191425229849,1,-0.39536088705062866,d5h1,True,0.9942857027053833,4.280186200000571,
3388,1035,crushing endgame rookEndgame short skewer,105,22,g7f6,False,0.3179659058964453,2,-0.8007433414459229,f1f4,True,0.977142870426178,5.573460800000248,
3390,1112,advancedPawn crushing discoveredAttack endgame short,92,12,f6g6,False,0.044345107694453934,5,-0.4793102741241455,c6c7,True,0.9171428680419922,4.579817200000434,
3392,1192,advantage capturingDefender endgame exposedKing fork long,40,34,g1g5,True,0.7170412727735623,1,-0.4098186194896698,g1g5,True,0.9900000095367432,4.429971600000499,
3394,1387,clearance kingsideAttack long mate mateIn3 middlegame sacrifice,66,35,h4f4,False,0.08055702668453087,3,-0.5174556970596313,h4h8,True,0.9628571271896362,0.3504059999995661,
3396,1107,mate mateIn1 oneMove opening,19,53,h4h3,True,0.5168599949141284,1,0.7943018674850464,h4h3,True,0.9757142663002014,0.1294529999995575,
3398,1005,mate mateIn1 middlegame oneMove,37,41,d8d2,True,0.7546626176718579,1,0.4194503426551819,d8d2,True,0.9871428608894348,0.09425470000041969,
3400,1189,crushing deflection fork middlegame sacrifice veryLong,47,36,g7g3,True,0.3335270932990643,1,0.02881191484630108,g7g3,True,0.9714285731315613,1.889390899999853,
3402,1053,mate mateIn2 middlegame short,54,34,f1f8,True,0.7749043349143526,1,0.20643021166324615,f1f8,True,0.9928571581840515,0.0816902000005939,
3404,1115,mate mateIn1 middlegame oneMove,59,35,e5h5,True,0.9371073752400336,1,0.577497124671936,e5h5,True,0.9971428513526917,0.027562299999772222,
3406,1335,advantage endgame long pin,60,44,c3f6,False,0.2321608469314184,2,-0.29796355962753296,h5h6,True,0.9599999785423279,4.029477600000064,
3408,1331,backRankMate fork master mate mateIn2 opening short,24,40,b5c7,True,0.976092497738037,1,-0.5535110831260681,b5c7,True,0.9971428513526917,0.048089599999912025,
3410,1318,advantage endgame rookEndgame short skewer,95,23,b2f2,True,0.5611959373945042,1,0.11592593789100647,b2f2,True,0.9857142567634583,4.322280000000319,
3412,1152,mate mateIn1 middlegame morphysMate oneMove,26,39,c3b4,True,0.6227304649676141,1,0.48345884680747986,c3b4,True,0.9700000286102295,0.164303700000346,
3414,1446,crushing endgame long pin,56,38,f2e3,False,0.369647295295179,2,0.5289457440376282,d8f6,True,0.954285740852356,3.9791221999994377,
3416,1226,mate mateIn1 middlegame oneMove,54,36,h5h7,False,0.2856768105492819,2,-0.6389141082763672,h5h8,True,0.9785714149475098,0.24897510000027978,
3418,1027,master mate mateIn1 middlegame oneMove,60,42,h5h7,True,0.4691989711317575,1,0.6295302510261536,h5h7,True,0.9800000190734863,0.20905489999950078,
3420,1009,endgame master mate mateIn1 oneMove,64,28,f5h7,True,0.8979581404874246,1,-0.35556432604789734,f5h7,True,0.9957143068313599,0.03745210000033694,
3422,1070,advantage attraction deflection endgame long,61,26,f5e4,True,0.7459947084998223,1,-0.6020350456237793,f5e4,True,0.991428554058075,4.982673999999861,
3424,1375,advantage capturingDefender endgame long pin,66,21,a1e1,True,0.7003753269645827,1,-0.933504581451416,a1e1,True,0.9871428608894348,5.281547900000078,
3426,1148,attackingF2F7 mate mateIn1 middlegame oneMove,34,33,b3f7,True,0.9340016889664513,1,0.8788981437683105,b3f7,True,0.9957143068313599,0.040755999999419146,
3428,1396,deflection mate mateIn4 middlegame veryLong,41,42,e6h3,False,0.19874323418351766,2,-0.9698010683059692,c7c1,True,0.9028571248054504,0.7973560000000361,
3430,1220,kingsideAttack mate mateIn2 middlegame short,53,38,g3h3,True,0.44195372389223336,1,0.8389579057693481,g3h3,True,0.9757142663002014,0.2215728000001036,
3432,1110,crushing endgame fork short,61,23,e4d2,True,0.4334154643602471,1,0.16483157873153687,e4d2,True,0.9700000286102295,4.481884499999978,
3434,1441,endgame mate mateIn2 operaMate short,47,28,c3d4,False,0.10084734115457171,4,-0.45806145668029785,d2d1,True,0.6785714030265808,1.4870919000004506,
3436,1252,endgame mate mateIn1 oneMove rookEndgame,116,15,c7c2,False,0.2736755196760996,2,0.30968984961509705,c7c8,True,0.9485714435577393,0.21740170000066428,
3438,1389,endgame mate mateIn2 queenEndgame short,141,30,e5b8,True,0.8675867802782118,1,-0.32740285992622375,e5b8,True,0.9928571581840515,0.10707110000021203,
3440,1078,crushing endgame fork short,56,33,f3f5,True,0.3593158489359479,1,-0.2747824788093567,f3f5,True,0.9728571176528931,4.23423609999918,
3442,1206,endgame mate mateIn2 short,62,27,a5d8,True,0.9168437532561071,1,-0.2400304526090622,a5d8,True,0.991428554058075,0.09563350000007631,
3444,1392,crushing deflection endgame long master rookEndgame,70,28,c8c5,False,0.059623216733920306,3,-0.43670761585235596,c8c5,False,0.015714285895228386,4.466645500000595,
3446,1309,crushing fork middlegame short,29,33,g4f5,False,0.3561965597243414,2,0.0028661631513386965,d8d4,True,0.9642857313156128,3.9265659000002415,
3448,1384,crushing hangingPiece long middlegame,49,27,e8e1,True,0.6289301344152792,1,0.15604859590530396,e8e1,True,0.9885714054107666,4.543145899999217,
3450,1174,mate mateIn1 oneMove opening,14,37,d5f6,True,0.8777408199797242,1,-0.07530391961336136,d5f6,True,0.9928571581840515,0.04792090000046301,
3452,1146,advantage attraction kingsideAttack long opening sacrifice,20,35,d3h7,True,0.7981229356954839,1,0.07110632956027985,d3h7,True,0.9857142567634583,4.3535213999994085,
3454,1289,kingsideAttack mate mateIn1 middlegame oneMove,40,42,h6h7,True,0.7438505333001632,1,0.8980296850204468,h6h7,True,0.9871428608894348,0.08269170000039594,
3456,1447,advantage discoveredAttack intermezzo long middlegame,48,28,c2g6,True,0.9833402521431176,1,-0.42470476031303406,c2g6,True,0.9985714554786682,4.59487320000062,
3458,1099,crushing endgame fork short,63,32,e4f2,True,0.5805785644129248,1,-0.7599546313285828,e4f2,True,0.9885714054107666,4.484686099999635,
3460,1010,advantage fork long middlegame,52,33,d1d8,True,0.8481220527335851,1,-0.7489851713180542,d1d8,True,0.9957143068313599,4.4433146999999735,
3462,1364,advantage fork master middlegame short,40,44,f5e4,False,0.04178006582168393,5,-0.5762316584587097,f4e6,True,0.9014285802841187,4.34161530000074,
3464,1265,kingsideAttack mate mateIn2 middlegame short,64,41,f7g7,True,0.5488557451273658,1,0.1436515897512436,f7g7,True,0.9857142567634583,0.1762444999994841,
3466,1015,crushing defensiveMove endgame hangingPiece master short,78,31,d6e8,True,0.914221012309679,1,0.4455655515193939,d6e8,True,0.9957143068313599,3.7498671000003014,
3468,1169,crushing deflection middlegame short skewer,60,37,g3f4,False,0.2441628158635919,2,0.3595942556858063,d5a8,True,0.9571428298950195,4.523946199999955,
3470,1145,blindSwineMate endgame mate mateIn1 oneMove,64,28,f7f8,False,0.30691408123303376,2,0.2932383418083191,b8f8,True,0.9585714340209961,0.18758080000043265,
3472,1334,endgame mate mateIn1 oneMove rookEndgame,156,9,g7g8,False,0.05251831049814154,2,0.9757955074310303,g7g8,False,0.05285714194178581,0.03026759999920614,
3474,1437,attraction endgame mate mateIn2 sacrifice short,53,45,c8c7,False,0.0020114099750290814,16,-0.4003046751022339,f4e6,False,0.0,4.283672200000183,
3476,1301,discoveredAttack discoveredCheck mate mateIn2 middlegame queensideAttack short,38,28,b5c3,False,0.08822074508012488,3,-0.461508184671402,b5d6,True,0.9671428799629211,0.2761217999996006,
3478,1154,mate mateIn2 middlegame operaMate short,39,37,e5h5,True,0.946095779126077,1,-0.05279745161533356,e5h5,True,0.9971428513526917,0.11598219999996218,
3480,1030,attraction kingsideAttack mate mateIn2 middlegame sacrifice short,34,43,f3h5,False,0.07686462750500717,3,-0.6261852979660034,h4h7,True,0.9571428298950195,0.26355839999996533,
3482,1231,crushing middlegame short skewer,45,38,h1g2,False,0.14510967887623358,3,0.1041775494813919,h1h4,True,0.8071428537368774,4.572178800000074,
3484,1061,advantage hangingPiece middlegame short,27,47,h8h4,True,0.9248586300374109,1,0.04630068689584732,h8h4,True,0.9957143068313599,4.309813799999574,
3486,1266,crushing master middlegame pin short,38,54,d5f5,False,0.02303496136002018,3,0.4653628468513489,e2g4,True,0.772857129573822,3.7062516000005417,
3488,1012,advantage fork middlegame short,50,30,g5f7,True,0.7134991498525293,1,-0.3382101058959961,g5f7,True,0.9885714054107666,4.431718400000136,
3490,1145,mate mateIn1 oneMove opening,20,45,h5f7,True,0.36892081260622267,1,0.817741334438324,h5f7,True,0.9485714435577393,0.26176049999958195,
3492,1392,endgame mate mateIn2 short,47,41,f6f2,True,0.7340343731404506,1,0.2757798135280609,f6f2,True,0.9857142567634583,0.11888700000054087,
3494,1019,crushing discoveredAttack opening short,19,38,d6c5,True,0.780921727966482,1,-0.10615245252847672,d6c5,True,0.9885714054107666,4.413132200000291,
3496,1160,endgame master mate mateIn1 oneMove,85,40,a6a2,False,0.33195771938297525,2,-0.39457401633262634,d5a2,True,0.977142870426178,0.1317531999993662,
3498,1113,mate mateIn2 middlegame operaMate sacrifice short,40,39,e2f3,False,0.03740328636576561,3,-0.21588796377182007,e2f3,False,0.4457142949104309,2.5109535000001415,
3500,1051,crushing fork middlegame short,23,32,c8b7,False,0.034927717142664204,4,-0.031454961746931076,c7c5,True,0.8771428465843201,4.469170000000304,
3502,1152,endgame master mate mateIn1 oneMove,50,25,g5g7,False,0.0933577218462687,2,-0.7576643228530884,g5h5,True,0.9700000286102295,0.17226550000032148,
3504,1295,endgame master masterVsMaster mate mateIn1 oneMove,86,34,e8h8,True,0.6217956509148616,1,0.22614958882331848,e8h8,True,0.9785714149475098,0.12645249999968655,
3506,1177,advantage discoveredAttack master middlegame short,38,43,d4g7,True,0.7572537817218948,1,-0.08749622851610184,d4g7,True,0.9842857122421265,4.469136400000025,
3508,1116,master masterVsMaster mate mateIn1 middlegame oneMove,72,37,d4g7,True,0.9253043858274128,1,0.523190438747406,d4g7,True,0.9942857027053833,0.043780500000139,
3510,1064,advancedPawn mate mateIn2 middlegame promotion short,30,32,d2d8,True,0.5143928827172678,1,0.14055708050727844,d2d8,True,0.9814285635948181,0.1146746999993411,
3512,1133,crushing kingsideAttack middlegame sacrifice short,35,40,e7f8,False,0.08578470081412472,3,-0.13869605958461761,e7e1,True,0.6328571438789368,4.605318600000828,
3514,1316,mate mateIn1 middlegame oneMove,42,48,b7c7,True,0.9716183306304695,1,0.7787380814552307,b7c7,True,0.9971428513526917,0.03183340000032331,
3516,1129,kingsideAttack long mate mateIn3 middlegame,48,40,e1e8,True,0.9285390964204739,1,-0.2509766221046448,e1e8,True,0.9942857027053833,0.13717369999994844,
3518,1428,endgame mate mateIn2 queenEndgame short swallowstailMate,80,25,f8f4,True,0.39235103839884744,1,-0.20009839534759521,f8f4,True,0.9742857217788696,0.23362180000003718,
3520,1447,advantage endgame fork long,72,36,h7g6,False,0.07828303917282114,5,0.10523034632205963,f5g7,True,0.8657143115997314,2.266066000000137,
3522,1149,advantage fork middlegame short,39,34,g5c5,True,0.8049563617754264,1,-0.9101792573928833,g5c5,True,0.9942857027053833,5.076022800000828,
3524,1301,crushing fork middlegame short,55,29,h4g3,True,0.8630543705584669,1,-0.07789768278598785,h4g3,True,0.9957143068313599,4.53569570000036,
3526,1235,crushing endgame fork long,65,36,e6b6,False,0.08669195300048428,5,-0.24817800521850586,f6a1,True,0.9642857313156128,4.386743600000045,
3528,1016,crushing endgame hangingPiece short,87,16,h1d1,True,0.9947063835386256,1,-0.3076671063899994,h1d1,True,0.9985714554786682,4.634433700000045,
3530,1171,mate mateIn2 middlegame operaMate queensideAttack sacrifice short,39,50,c3c1,True,0.19361869668534215,1,-0.864743709564209,c3c1,True,0.9685714244842529,0.23180390000015905,
3532,1003,advancedPawn crushing endgame hangingPiece master masterVsMaster short,114,4,h7g6,True,0.7658178634262871,1,0.06406570971012115,h7g6,True,0.9885714054107666,4.663435299999946,
3534,1253,advantage middlegame short trappedPiece,36,37,g1h1,True,0.3346979474490323,1,-0.8985454440116882,g1h1,True,0.9714285731315613,4.804220600000008,
3536,1419,endgame mate mateIn2 pin short,71,28,f3d1,False,0.15389406637547712,3,-0.10667645186185837,f5e3,True,0.9671428799629211,0.2354016999997839,
3538,1036,attackingF2F7 mate mateIn1 middlegame oneMove,32,44,d5f7,True,0.9528492425419705,1,0.9590537548065186,d5f7,True,0.9928571581840515,0.04743690000032075,
3540,1126,discoveredAttack kingsideAttack long mate mateIn3 middlegame pillsburysMate,32,43,e1a1,False,0.010526622726575506,10,-0.773864209651947,e1a1,False,0.0014285714132711291,3.4375403000003644,
3542,1090,deflection discoveredAttack discoveredCheck doubleCheck kingsideAttack mate mateIn2 middlegame pin short,51,35,f2h3,True,0.5636542727744583,1,0.4571884870529175,f2h3,True,0.9814285635948181,0.1194668999996793,
3544,1397,endgame mate mateIn4 sacrifice veryLong,41,42,d8d1,False,9.817343949989025e-05,37,0.042743030935525894,d8d1,False,0.0,3.7746467000006305,
3546,1261,clearance crushing discoveredAttack discoveredCheck endgame long pin,59,20,f7g7,False,0.3531394217199681,2,-0.18252170085906982,e5e4,True,0.9700000286102295,3.6107476999995924,
3548,1357,advancedPawn advantage endgame promotion sacrifice veryLong,115,15,c4c3,True,0.6844257666239181,1,-0.07647082209587097,c4c3,True,0.9828571677207947,5.037767499999973,
3550,1014,mate mateIn2 middlegame queensideAttack short,40,43,b5a6,True,0.4645166139482228,1,-0.011262409389019012,b5a6,True,0.9785714149475098,0.18918099999973492,
3552,1114,fork mate mateIn2 middlegame short,39,35,d3c3,True,0.9743591196540926,1,-0.13087719678878784,d3c3,True,0.9971428513526917,0.05815230000007432,
3554,1328,advantage endgame fork long,52,33,d1d8,True,0.7240049839888782,1,-0.3393579423427582,d1d8,True,0.9885714054107666,4.359133499999189,
3556,1086,endgame kingsideAttack mate mateIn2 short,66,28,h6h7,True,0.515850975056992,1,0.9725499749183655,h6h7,True,0.9657142758369446,0.20344999999997526,
3558,1139,advantage endgame fork short,66,38,d5e5,True,0.8509086443521773,1,-0.9578171968460083,d5e5,True,0.9928571581840515,4.275964399999793,
3560,1409,crushing discoveredAttack long middlegame,27,47,g4f6,False,0.00414850068699312,7,-0.30467918515205383,g4f6,False,0.0,4.533693200000016,
3562,1011,advantage clearance middlegame pin short,64,44,h2h3,False,0.3188324457442519,2,-0.3542800545692444,e7f7,True,0.9714285731315613,5.371651800000109,
3564,1024,backRankMate endgame long mate mateIn3 sacrifice,62,24,f3f7,True,0.9237736980983927,1,-0.36482447385787964,f3f7,True,0.9957143068313599,0.15911289999985456,
3566,1001,crushing endgame fork short,90,14,d4c6,False,0.13726030665788208,2,-0.21391092240810394,d4f5,True,0.9557142853736877,5.4637680000005275,
3568,1279,defensiveMove endgame long mate mateIn3 rookEndgame,64,3,g5g6,True,0.6795727766809784,1,-0.4239453673362732,g5g6,True,0.991428554058075,0.44931910000013886,
3570,1120,advantage fork middlegame short,34,31,d2d5,True,0.8595205862566819,1,0.008908884599804878,d2d5,True,0.9942857027053833,4.6850751000001765,
3572,1023,crushing endgame fork master short,94,44,e5f7,True,0.6950249657703265,1,0.06288892030715942,e5f7,True,0.9828571677207947,3.9609024000001227,
3574,1122,endgame mate mateIn2 short,69,20,g1f2,True,0.5800319224782549,1,-0.996597170829773,g1f2,True,0.9842857122421265,0.12517360000038025,
3576,1180,mate mateIn1 oneMove opening,15,31,b2c1,True,0.7075652406057628,1,-0.5807673931121826,b2c1,True,0.991428554058075,0.04906909999954223,
3578,1111,advantage endgame knightEndgame sacrifice short,102,10,c1e2,True,0.5428681179302797,1,-0.7879007458686829,c1e2,True,0.9857142567634583,3.8221097999994527,
3580,1100,kingsideAttack mate mateIn1 middlegame oneMove,35,31,c7h2,True,0.9668746194147111,1,0.47934356331825256,c7h2,True,0.9957143068313599,0.034389200000077835,
3582,1415,advantage exposedKing fork long middlegame,44,39,f6e5,False,0.21367707044643638,2,0.06509096175432205,h4h8,True,0.9585714340209961,3.7063578999996025,
3584,1317,endgame mate mateIn1 oneMove,89,30,e1h1,True,0.9379746754082683,1,-0.3605833947658539,e1h1,True,0.9957143068313599,0.04070080000019516,
3586,1043,advantage endgame hangingPiece short,82,31,b3d4,True,0.7313587756802626,1,-0.5728881359100342,b3d4,True,0.991428554058075,4.554115400000228,
3588,1295,endgame mate mateIn2 short vukovicMate,59,27,f2g2,False,0.388470441530494,2,-0.963380753993988,h5g3,True,0.9828571677207947,0.13942539999970904,
3590,1243,kingsideAttack mate mateIn1 middlegame oneMove,35,45,d5g2,True,0.7629686288970478,1,0.7693612575531006,d5g2,True,0.9885714054107666,0.07649909999963711,
3592,1290,endgame mate mateIn1 oneMove,81,28,f4c4,False,0.13773473528704158,2,-0.20414496958255768,e2f1,True,0.9628571271896362,0.19181419999949867,
3594,1077,cornerMate kingsideAttack master mate mateIn1 middlegame oneMove,52,41,d6f7,True,0.6832668406501045,1,0.28919869661331177,d6f7,True,0.9871428608894348,0.0807316999998875,
3596,1220,crushing endgame fork short,69,43,d4f2,True,0.8461123752597619,1,-0.6455878019332886,d4f2,True,0.9942857027053833,3.1451404999997976,
3598,1243,advantage discoveredCheck doubleCheck master middlegame short,28,44,h4h5,True,0.6040637629424832,1,0.3774714767932892,h4h5,True,0.9657142758369446,3.0392711000004056,
3600,1058,attackingF2F7 mate mateIn1 middlegame oneMove,32,43,f3f7,True,0.7302207467249096,1,0.17470717430114746,f3f7,True,0.9885714054107666,0.07612479999988864,
3602,1019,master mate mateIn1 middlegame oneMove queensideAttack,31,40,c7c2,True,0.8267434342621461,1,-0.07217805832624435,c7c2,True,0.9942857027053833,0.048887800000557036,
3604,1070,epauletteMate mate mateIn1 middlegame oneMove,38,53,g1g7,True,0.7099351072504123,1,-0.8123998045921326,g1g7,True,0.991428554058075,0.06259590000081516,
3606,1165,endgame mate mateIn2 short,62,33,a2f7,True,0.7354717810488548,1,-0.07685115933418274,a2f7,True,0.9885714054107666,0.22159230000033858,
3608,1012,endgame master mate mateIn1 oneMove,78,25,b5b7,True,0.5859279536535892,1,0.46317657828330994,b5b7,True,0.977142870426178,0.12284700000054727,
3610,1137,endgame long mate mateIn3 operaMate,53,28,d8d1,True,0.8194227144951993,1,-0.695274829864502,d8d1,True,0.991428554058075,0.18652529999963008,
3612,1031,kingsideAttack master mate mateIn1 middlegame oneMove,55,35,d5g2,True,0.4038088445666348,1,0.6245222687721252,d5g2,True,0.9599999785423279,0.19009720000030939,
3614,1202,fork long mate mateIn3 middlegame pin,62,37,e1e8,True,0.6458383420411836,1,0.3966929614543915,e1e8,True,0.9871428608894348,0.5957391000001735,
3616,1177,endgame mate mateIn1 oneMove,65,21,d4f5,True,0.5273756305674673,1,-0.984391450881958,d4f5,True,0.9871428608894348,0.0842781000001196,
3618,1128,endgame mate mateIn1 oneMove,49,27,d8g8,True,0.7572901951288741,1,-0.8016841411590576,d8g8,True,0.9928571581840515,0.057323799999721814,
3620,1199,crushing fork long middlegame,43,37,a8c6,False,0.1031111722062106,4,-0.6490135192871094,g5f3,True,0.9714285731315613,5.407073999999739,
3622,1348,advantage attackingF2F7 deflection opening short,14,49,d1d8,False,0.11773743595100741,3,0.2645273506641388,c4f7,True,0.9657142758369446,4.907507500000065,
3624,1128,master mate mateIn1 middlegame oneMove,46,35,g4g7,True,0.9118804818605885,1,0.9136092066764832,g4g7,True,0.991428554058075,0.0558099999998376,
3626,1010,advantage discoveredAttack endgame short,49,19,h6g7,False,0.14746740310043663,4,-0.9961519241333008,d8b6,True,0.9728571176528931,4.4338635000003705,
3628,1405,advantage long master middlegame skewer,45,36,b4b2,False,0.20600904880541068,2,0.45131680369377136,f6c3,True,0.9728571176528931,4.646455799999785,
3630,1102,attraction mate mateIn4 middlegame pillsburysMate sacrifice veryLong,41,39,h8h2,True,0.19503211234605525,1,-0.9709637761116028,h8h2,True,0.9685714244842529,0.49714159999984986,
3632,1345,advantage deflection endgame short,73,41,d3d1,False,0.03083917128696023,4,-0.8319459557533264,a1f1,True,0.8585714101791382,5.303056899999319,
3634,1274,advantage hangingPiece intermezzo master middlegame short,35,33,d4e3,True,0.5587918302378497,1,-0.30929088592529297,d4e3,True,0.9857142567634583,6.093248599999242,
3636,1062,kingsideAttack master mate mateIn1 middlegame oneMove,45,40,d6h2,True,0.858389817734044,1,0.5869076251983643,d6h2,True,0.9900000095367432,0.08291040000040084,
3638,1133,backRankMate endgame long mate mateIn3,65,16,b3b1,True,0.4051854790667004,1,-0.9822165966033936,b3b1,True,0.9785714149475098,0.18804329999966285,
3640,1036,backRankMate endgame mate mateIn2 sacrifice short,95,42,c2c1,True,0.6151489504742719,1,-0.3033750355243683,c2c1,True,0.9814285635948181,0.15045050000026094,
3642,1209,mate mateIn2 middlegame short,60,40,c7d8,True,0.9141648345923731,1,-0.3142212927341461,c7d8,True,0.9942857027053833,0.07798000000002503,
3644,1037,advantage discoveredAttack master middlegame short,50,34,c6e7,True,0.43290894637305266,1,-0.03242556005716324,c6e7,True,0.977142870426178,5.488798299999871,
3646,1429,endgame mate mateIn4 sacrifice veryLong,53,47,a2b2,False,0.0015949443840196159,14,-0.716672420501709,a2a8,False,0.0,5.076697999999851,
3648,1011,advantage hangingPiece long middlegame,28,33,d3f5,True,0.7440820905709217,1,0.060022711753845215,d3f5,True,0.9885714054107666,4.223606600000494,
3650,1040,endgame mate mateIn1 morphysMate oneMove,80,30,a6d6,False,0.3916122771747272,2,0.11818193644285202,c5e7,True,0.9671428799629211,0.16264180000052875,
3652,1405,endgame mate mateIn2 short,67,29,h7h6,False,0.13603534802744568,3,-0.3958059549331665,h2h1,True,0.9685714244842529,0.16906470000049012,
3654,1442,crushing endgame fork long,46,37,g5f3,False,0.04719085426898712,4,0.27603885531425476,e4c4,True,0.7071428298950195,4.5021957000008115,
3656,1207,advantage fork opening short,21,42,d8a5,True,0.17653644905229554,1,-0.07149083912372589,d8a5,True,0.9514285922050476,4.553669099999752,
3658,1289,crushing endgame fork short,95,21,e7f5,False,0.11557523020103526,3,-0.4500780999660492,e7d5,True,0.9700000286102295,4.576150199999574,
3660,1317,crushing endgame fork master short,81,31,g5f4,True,0.7394140720798779,1,-0.5006940364837646,g5f4,True,0.9885714054107666,4.450010399999883,
3662,1366,crushing deflection endgame exposedKing master veryLong,75,39,e3c3,False,0.13638118894397078,3,-0.4003150165081024,h6f4,True,0.9599999785423279,4.052731199999471,
3664,1117,advantage middlegame pin short,44,29,h4f5,True,0.932163476389149,1,-0.9394340515136719,h4f5,True,0.9942857027053833,3.835631099999773,
3666,1191,crushing fork middlegame short,43,33,e2g3,True,0.6687447607715338,1,-0.8265752792358398,e2g3,True,0.9900000095367432,3.6647009999996953,
3668,1444,advancedPawn crushing deflection endgame exposedKing long,89,20,f8f1,False,0.3562455164574066,2,-0.5082260370254517,h4h3,True,0.9571428298950195,3.8969378000001598,
3670,1170,endgame mate mateIn2 pillsburysMate short,66,29,h3f5,True,0.6884313073763454,1,-0.6724671721458435,h3f5,True,0.991428554058075,0.08955750000041007,
3672,1143,mate mateIn2 middlegame short,32,50,e5h5,True,0.6970423090178866,1,0.09500136971473694,e5h5,True,0.9871428608894348,0.12494590000005701,
3674,1424,endgame master mate mateIn1 oneMove,109,25,d2d1,True,0.36308742270297906,1,0.28125572204589844,d2d1,True,0.9642857313156128,0.15417880000040896,
3676,1282,endgame hookMate mate mateIn1 oneMove,52,32,e7d7,True,0.42156853078433326,1,-0.30650565028190613,e7d7,True,0.9842857122421265,0.0849091000000044,
3678,1304,advantage endgame fork short,87,23,g5d2,True,0.8740846010356244,1,-0.4855154752731323,g5d2,True,0.9942857027053833,4.372524999999769,
3680,1103,endgame mate mateIn1 oneMove,70,32,b6b7,True,0.5797253071566134,1,-0.28485235571861267,b6b7,True,0.9871428608894348,0.08771260000048642,
3682,1422,crushing endgame pin short,96,21,c6c7,True,0.6297486242789999,1,0.2733559012413025,c6c7,True,0.9800000190734863,4.319582799999807,
3684,1083,bishopEndgame crushing endgame short skewer,72,15,h3h4,False,0.01739598623373603,8,-0.3838151693344116,d2c3,True,0.6371428370475769,4.5395361999999295,
3686,1244,crushing fork middlegame short,47,35,e7e3,True,0.5866713709271979,1,-0.7138818502426147,e7e3,True,0.9828571677207947,4.92097560000002,
3688,1393,long mate mateIn3 middlegame,59,29,b8h2,True,0.6453277581563356,1,-0.45091918110847473,b8h2,True,0.9785714149475098,0.2848439999997936,
3690,1019,crushing fork middlegame short,19,27,f8e7,False,0.37163733012471734,2,-0.04123019799590111,d8a5,True,0.9714285731315613,5.436285599999792,
3692,1049,crushing defensiveMove endgame hangingPiece long,81,9,f6g5,True,0.7981232249437943,1,-0.5874552726745605,f6g5,True,0.9900000095367432,5.751074499999959,
3694,1203,crushing endgame fork short,81,27,e4e8,True,0.5783811693940805,1,0.024972030892968178,e4e8,True,0.977142870426178,5.415408199999547,
3696,1347,advantage clearance long middlegame trappedPiece,47,46,a8c6,True,0.32923336974571543,1,-0.6457722783088684,a8c6,True,0.9757142663002014,4.637723400000141,
3698,1099,crushing fork middlegame short,41,43,e5f3,True,0.30377136478815203,1,-0.21444851160049438,e5f3,True,0.9700000286102295,3.956054000000222,
3700,1368,kingsideAttack mate mateIn2 middlegame sacrifice short,24,50,h1h6,True,0.7652253328441263,1,0.39698919653892517,h1h6,True,0.9871428608894348,0.10141620000013063,
3702,1426,mate mateIn1 middlegame oneMove pin smotheredMate,34,40,e4c5,False,0.10412103753258202,3,-0.5609636306762695,e4d6,True,0.9714285731315613,0.1601093999997829,
3704,1329,mate mateIn2 middlegame queensideAttack sacrifice short xRayAttack,56,45,c3b4,False,0.08739788956175919,3,-0.6311312913894653,a2a8,True,0.9614285826683044,0.2346623000003092,
3706,1115,discoveredAttack kingsideAttack mate mateIn2 middlegame pin sacrifice short,46,43,g5g3,False,0.0940158869023319,5,-0.8499584794044495,g6e7,True,0.9614285826683044,0.3565340000004653,
3708,1056,mate mateIn2 middlegame short,75,25,h2h1,True,0.2977624754476981,1,-0.9634038805961609,h2h1,True,0.9757142663002014,0.17709670000022015,
3710,1104,endgame kingsideAttack mate mateIn1 oneMove,73,26,f8f1,True,0.9858111993110652,1,0.3448297083377838,f8f1,True,0.9971428513526917,0.03228430000035587,
3712,1014,crushing fork middlegame short,77,40,e4e2,True,0.4375785471401251,1,-0.7609901428222656,e4e2,True,0.9814285635948181,4.370436900000641,
3714,1145,advantage fork middlegame short,33,37,g7e5,False,0.27891206222065984,2,0.1984204351902008,d4e2,True,0.9557142853736877,4.524876100000256,
3716,1295,crushing endgame fork short,53,32,d5d4,False,0.23145913859551526,2,0.021085083484649658,d5g5,True,0.9599999785423279,4.566138900000624,
3718,1109,advantage discoveredAttack middlegame short,30,36,f3g4,False,0.005005484045092154,11,-0.4262896180152893,f3f4,False,0.0,4.221236000000317,
3720,1424,crushing endgame pin short,61,20,f8h8,True,0.4284630189660327,1,-0.18412311375141144,f8h8,True,0.9700000286102295,3.859719000000041,
3722,1080,endgame master mate mateIn1 oneMove queenEndgame,86,16,g4f4,False,0.3090053817637655,2,-0.21334202587604523,g4g5,True,0.9685714244842529,0.1737823000003118,
3724,1171,endgame mate mateIn1 oneMove operaMate,86,24,d7d6,False,0.33893983259797367,2,-0.33946576714515686,d7f7,True,0.9785714149475098,0.10728680000011082,
3726,1177,endgame mate mateIn2 short,72,36,b3g8,True,0.7686096422440931,1,-0.5968315005302429,b3g8,True,0.9857142567634583,0.12169770000036806,
3728,1256,crushing middlegame pin short,39,39,e7c7,False,0.037500829737059815,9,-0.4005867540836334,e6f5,True,0.8885714411735535,3.6376737999999023,
3730,1177,backRankMate endgame mate mateIn2 short,54,31,c1c8,True,0.6201596965803756,1,0.004898888524621725,c1c8,True,0.9885714054107666,0.08276279999972758,
3732,1424,advantage fork long opening,31,41,e5f3,True,0.5289619824234727,1,0.2535826861858368,e5f3,True,0.9700000286102295,3.7953371000003244,
3734,1307,crushing fork middlegame short,29,42,g5e3,True,0.9729413829249683,1,-0.5673311948776245,g5e3,True,0.9971428513526917,4.281829900000048,
3736,1298,advantage endgame master short skewer,102,24,d4g7,False,0.16417312356664443,2,-0.378620982170105,d4e5,True,0.9671428799629211,4.9041808000001765,
3738,1396,advantage fork middlegame short,28,27,d1d4,True,0.6683493137358637,1,-0.6331338286399841,d1d4,True,0.9871428608894348,4.69325039999967,
3740,1174,crushing endgame fork short,71,24,a3c1,False,0.07244623977689527,3,-0.5021132230758667,a3a1,True,0.949999988079071,4.640216499999951,
3742,1210,advantage exposedKing long middlegame pin skewer,39,5,d3d4,True,0.9885223762844253,1,-0.8557029366493225,d3d4,True,1.0,4.655282599999737,
3744,1189,advantage fork middlegame short,46,39,e2f3,False,0.04177147821766951,4,-0.1639852672815323,f5e7,True,0.9057142734527588,4.96853960000044,
3746,1290,fork mate mateIn2 middlegame short,52,31,g3g7,True,0.9162623126199324,1,-0.948948860168457,g3g7,True,0.9942857027053833,0.08820160000050237,
3748,1285,advantage endgame fork short,101,21,f1f3,True,0.9750590579776773,1,-0.28321734070777893,f1f3,True,0.9985714554786682,4.658195899999555,
3750,2495,crushing kingsideAttack master middlegame pin short,64,36,h5h6,True,0.39428183434603953,1,-0.5485714077949524,h5h6,True,0.8285714387893677,4.508910099999412,
3752,2474,advantage discoveredAttack middlegame veryLong,46,38,f6f5,True,0.6444924298299346,1,-0.9303703308105469,f6f5,True,0.9871428608894348,4.76772820000042,
3754,2775,crushing discoveredAttack kingsideAttack middlegame veryLong,58,41,f4e5,True,0.5865374571849961,1,0.44763490557670593,c3e5,False,0.2857142984867096,5.726118900000074,
3756,2490,crushing fork middlegame sacrifice veryLong,44,39,c5d7,False,0.013602674967951717,8,-0.21955576539039612,b5a6,True,0.477142870426178,5.036254399999962,
3758,2653,advancedPawn crushing defensiveMove deflection endgame quietMove rookEndgame veryLong,92,12,a5a7,True,0.48388139833823496,1,0.1936192661523819,a5a7,True,0.9285714030265808,4.248866900000394,
3760,2779,advantage middlegame sacrifice veryLong,44,35,c1e3,False,0.014401515446057875,6,-0.4162995219230652,c1e3,False,0.0014285714132711291,4.222071400000459,
3762,2411,crushing middlegame pin short,55,43,e8a8,False,0.04426042679619798,8,0.1851235032081604,e8e2,True,0.7771428823471069,3.989088499999525,
3764,2727,advancedPawn crushing deflection endgame fork veryLong,82,16,g8f7,False,0.06529207217525643,4,-0.45266062021255493,h4h5,False,0.03142857179045677,4.593650499999967,
3766,2372,crushing kingsideAttack middlegame pin veryLong,28,55,g3h3,True,0.6357102961409137,1,-0.09360495209693909,g3h3,True,0.9814285635948181,3.771466099999998,
3768,2484,crushing fork long middlegame,27,42,h4d4,True,0.49102903500641315,1,0.2521224617958069,h4d4,True,0.9628571271896362,4.446498799999972,
3770,2405,advantage middlegame sacrifice veryLong,41,48,d7a4,False,0.0041105275187975935,8,-0.1407470852136612,e4g3,False,0.0,4.6577024999996866,
3772,2372,attraction mate mateIn4 middlegame sacrifice veryLong,49,31,h5h1,True,0.39133185115187386,1,-0.6622470021247864,b8b6,False,0.18857142329216003,3.671726900000067,
3774,2482,crushing discoveredAttack discoveredCheck endgame sacrifice skewer veryLong,81,19,a5a6,True,0.7149577109356745,1,-0.11201611161231995,a5a6,True,0.618571400642395,4.282752500000242,
3776,2705,advancedPawn advantage long master middlegame queensideAttack sacrifice,51,40,c8c2,False,0.06889265865028886,6,0.4812101125717163,c8c2,False,0.19142857193946838,3.9617118999995,
3778,2432,crushing deflection endgame long master,81,28,g2h2,True,0.3896325971664134,1,0.04272906854748726,g2h2,True,0.9357143044471741,3.8742229000008592,
3780,2614,crushing hangingPiece long middlegame,67,43,c3e1,True,0.9329679966455223,1,-0.006562443450093269,c3e1,True,0.9957143068313599,3.478132199999891,
3782,2761,crushing fork hangingPiece middlegame quietMove veryLong,35,37,e5e3,True,0.8948408669543982,1,0.03659461438655853,e5e3,True,0.9942857027053833,5.621405599999889,
3784,2446,advantage discoveredAttack discoveredCheck master middlegame short,41,2,f7g6,True,0.5131590966103922,1,-0.997370719909668,f7g6,True,0.9857142567634583,5.816162000000077,
3786,2561,advantage attraction deflection endgame veryLong,49,37,e6g4,True,0.5085923806059149,1,-0.004651930183172226,e6g4,True,0.9300000071525574,4.603651700000228,
3788,2717,crushing fork master middlegame sacrifice veryLong,38,52,d6c8,False,0.09381207195670854,5,0.08897455781698227,f2f4,True,0.9114285707473755,4.738178199999311,
3790,2444,advancedPawn crushing endgame fork master pin sacrifice veryLong,68,40,f5g6,False,0.22103709956414294,2,0.5915588140487671,e6e7,True,0.36714285612106323,4.087557400000151,
3792,2709,crushing discoveredAttack discoveredCheck middlegame sacrifice veryLong,63,4,d6c6,False,0.16797997370813467,4,-0.6243195533752441,c7c4,True,0.9700000286102295,2.582658100000117,
3794,2517,crushing deflection endgame long,59,43,e3h6,False,0.0817855187517184,2,-0.03596194088459015,e3e6,True,0.7228571176528931,4.006044900000234,
3796,2557,advantage long middlegame pin trappedPiece,41,37,b8f4,False,0.26980567538716516,2,-0.5366663336753845,f8c8,True,0.9428571462631226,4.595672200000081,
3798,2528,advantage deflection long middlegame pin,78,40,e2g3,False,0.11603180762890465,3,0.40961670875549316,c3c4,False,0.2800000011920929,4.709618300000329,
3800,2605,advancedPawn bishopEndgame crushing endgame exposedKing sacrifice veryLong,95,7,d4e5,False,0.2045127461261827,2,0.08087781071662903,d4e5,False,0.041428569704294205,4.243955400000232,
3802,2780,crushing defensiveMove fork middlegame sacrifice veryLong,52,6,g1h1,True,0.869427375008378,1,0.3442639112472534,g1h1,True,0.8785714507102966,4.616989399999511,
3804,2404,advantage middlegame pin sacrifice short,38,38,a3a4,False,0.04241716775476259,8,-0.03755175694823265,g3f5,False,0.0028571428265422583,3.543004699999983,
3806,2519,crushing master middlegame sacrifice short,50,55,d2d4,False,0.08947662183222464,2,0.15919692814350128,a6f6,True,0.9514285922050476,3.903968000000532,
3808,2380,advantage defensiveMove endgame long pawnEndgame sacrifice,97,8,c5c4,True,0.5691229751513165,1,0.3270900845527649,b5b4,False,0.30142858624458313,5.55806290000055,
3810,2522,clearance crushing fork long middlegame,60,38,b3d5,False,0.138343983039108,2,0.11449955403804779,d3f5,True,0.9571428298950195,5.404273200000716,
3812,2610,crushing long middlegame pin,31,40,g2f3,False,0.3698565174736067,2,0.2722461521625519,f8b4,True,0.9614285826683044,4.84848460000012,
3814,2528,crushing endgame hangingPiece veryLong,170,17,e2f1,True,0.914271597481669,1,-0.527432382106781,e2f1,True,0.9928571581840515,5.805462299999817,
3816,2593,advantage defensiveMove endgame pin veryLong,66,50,c4g4,False,0.15386187339393476,3,-0.5097057819366455,d1d6,False,0.019999999552965164,5.468783700000131,
3818,2379,advantage hangingPiece middlegame short,44,49,e3e6,False,0.15302918779171884,2,-0.6154659390449524,f5f4,True,0.9700000286102295,4.688476899999841,
3820,2481,crushing middlegame sacrifice veryLong,46,37,e5c4,False,0.015253883452785912,5,-0.010577335022389889,e5c4,False,0.0057142856530845165,4.400821799999903,
3822,2441,advancedPawn attraction crushing discoveredAttack discoveredCheck enPassant kingsideAttack middlegame sacrifice veryLong,32,43,e7c5,False,0.0011768165718864204,22,0.4417542815208435,h3g3,False,0.0,4.086409200000162,
3824,2469,advantage clearance long middlegame sacrifice,32,41,c3c4,False,0.07622394952167905,6,0.3705633878707886,b5b3,False,0.427142858505249,4.372389899999689,
3826,2518,advantage middlegame sacrifice veryLong,63,37,c8g4,True,0.9084054461160788,1,-0.6887750625610352,c8g4,True,0.9942857027053833,2.9800123000004533,
3828,2555,crushing opening pin short,30,44,c3b5,False,0.006206895483536832,9,0.0037023473996669054,c3b5,False,0.0,4.481069399999797,
3830,2398,advancedPawn crushing discoveredAttack discoveredCheck endgame exposedKing long quietMove sacrifice,55,41,d8b6,True,0.448442937612789,1,-0.09623004496097565,d8b6,True,0.9700000286102295,4.4118797000000995,
3832,2357,advantage discoveredAttack kingsideAttack middlegame veryLong,69,35,g6g5,False,0.05646453287143592,3,-0.9092295169830322,e4g3,True,0.9457142949104309,5.214947800000118,
3834,2799,advantage deflection endgame long pin,64,41,g4f5,False,0.11750231443844046,4,0.1551533341407776,h3d3,False,0.20999999344348907,4.540056199999526,
3836,2734,crushing exposedKing middlegame pin veryLong,57,36,h1h2,True,0.6288390954649912,1,0.5561343431472778,h1h2,True,0.9528571367263794,4.475765799999863,
3838,2766,advantage discoveredAttack opening veryLong,35,43,d7b5,True,0.4291324280679281,1,-0.38551095128059387,f6d5,False,0.18142856657505035,5.097133700000086,
3840,2410,crushing deflection endgame veryLong,78,30,b1a1,False,0.03578034475461911,6,-0.1530914306640625,b1e1,True,0.415714293718338,4.498948100000234,
3842,2392,advantage long opening trappedPiece,21,37,c6c7,True,0.5370429353395348,1,0.06880050897598267,c6c7,True,0.9357143044471741,5.480032899999969,
3844,2437,advantage castling clearance defensiveMove long opening sacrifice,17,34,d8a5,False,0.2206469902282418,3,-0.18053466081619263,d8a5,False,0.012857142835855484,5.319128499999351,
3846,2483,attraction crushing master middlegame veryLong,48,49,d3h7,False,0.015646255366163198,7,-0.17672836780548096,d3h7,False,0.008571428246796131,4.756899899999553,
3848,2464,advancedPawn crushing endgame promotion sacrifice veryLong,83,13,b4b3,True,0.6152096952979852,1,-0.22518107295036316,b4b3,True,0.645714282989502,5.207765000000109,
3850,2752,crushing middlegame quietMove skewer veryLong,60,45,f4e2,False,0.16819251477659067,3,-0.2316095232963562,c2a2,True,0.8899999856948853,3.993700600000011,
3852,2455,crushing defensiveMove endgame hangingPiece master rookEndgame short,108,19,g6h7,True,0.9817681491779465,1,0.07676040381193161,g6h7,True,0.9971428513526917,4.586272600000484,
3854,2770,advancedPawn crushing defensiveMove deflection endgame veryLong,93,12,d4e3,False,0.009399028262929262,8,0.3558310568332672,d4e3,False,0.0,4.626390399999764,
3856,2755,crushing defensiveMove long middlegame sacrifice,44,47,c4f7,False,0.011788643257976975,8,-0.07724078744649887,e1e6,False,0.004285714123398066,4.1853823000001285,
3858,2603,attraction crushing endgame kingsideAttack pin sacrifice veryLong,46,33,b3b6,False,0.013055464893650191,7,-0.2717898190021515,d1d8,False,0.0014285714132711291,2.7339437999999063,
3860,2385,crushing defensiveMove long middlegame sacrifice,24,41,e1g1,False,0.1150611042828445,3,0.057945240288972855,f3e5,False,0.011428571306169033,4.380030000000261,
3862,2454,crushing endgame pin quietMove veryLong,66,37,a6g6,True,0.8665927115124151,1,-0.0194533858448267,a6g6,True,0.991428554058075,4.20321899999999,
3864,2474,advantage endgame pin veryLong,72,32,d3g3,False,0.14456409500035527,3,-0.9093613028526306,d3g6,True,0.9671428799629211,4.035821800000122,
3866,2499,advantage capturingDefender middlegame short,44,41,e3e5,False,0.12295161866507467,3,-0.3276720345020294,d1d5,True,0.9557142853736877,3.7343934999998964,
3868,2522,crushing discoveredAttack endgame long,82,44,d8h8,True,0.6737941436323152,1,0.18577760457992554,d8h8,True,0.9842857122421265,4.071657899999991,
3870,2351,advantage fork long middlegame,53,40,f2g2,True,0.33460392177478115,1,-0.11532572656869888,f2g2,True,0.9628571271896362,3.6914943000001585,
3872,2456,advantage attraction exposedKing middlegame quietMove veryLong,33,53,f8f1,True,0.6602159009904879,1,-0.3088054358959198,f8f1,True,0.9757142663002014,4.6067284000000654,
3874,2682,crushing defensiveMove deflection endgame pawnEndgame veryLong zugzwang,95,7,g4g3,False,0.003657654525475686,6,0.11592718213796616,g4f5,False,0.0014285714132711291,3.854080199999771,
3876,2535,crushing long master middlegame sacrifice,63,25,a3b2,False,0.012842540503713726,5,0.33618980646133423,c5c4,True,0.3571428656578064,4.034697900000538,
3878,2396,attraction crushing defensiveMove endgame fork quietMove veryLong zugzwang,76,19,b1a2,False,0.028152548833191647,11,-0.40655314922332764,d2d5,True,0.7857142686843872,3.8410582999995313,
3880,2393,attraction crushing kingsideAttack long middlegame sacrifice,46,51,d2d5,False,0.05807252694301248,4,-0.9333370327949524,h1h7,True,0.9371428489685059,3.653218999999808,
3882,2423,crushing deflection enPassant endgame pawnEndgame veryLong zugzwang,96,6,f3f4,False,0.13283657597596304,2,0.10134284943342209,f3f4,False,0.09714286029338837,3.626771400000507,
3884,2581,advancedPawn crushing discoveredAttack discoveredCheck middlegame sacrifice veryLong,58,44,e5e6,True,0.5097384940174207,1,-0.48084238171577454,e5e6,True,0.9757142663002014,4.371466599999621,
3886,2428,fork long mate mateIn3 middlegame sacrifice,44,46,h5f7,False,0.0508959388402613,2,0.10577639192342758,h5f7,False,0.35428571701049805,1.0942072999996526,
3888,2423,crushing endgame pin sacrifice short,64,33,h4h5,False,0.03140121124075475,6,0.19855760037899017,d3g6,False,0.009999999776482582,4.2854606999999305,
3890,2670,crushing discoveredAttack discoveredCheck endgame exposedKing fork veryLong,52,32,d6f4,False,0.31666144145224984,2,-0.2781859040260315,h7c7,True,0.9685714244842529,4.422461800000747,
3892,2382,crushing endgame long trappedPiece,64,12,c4b5,True,0.6295323211261473,1,-0.38639596104621887,c4b5,True,0.977142870426178,4.615031999999701,
3894,2573,advantage endgame exposedKing pin quietMove veryLong,79,26,c3a3,False,0.00511764789031551,5,0.6709622144699097,c3a3,False,0.0,4.556662899999537,
3896,2358,crushing endgame exposedKing fork long quietMove,79,33,b3c3,False,0.15879449383414795,3,-0.4311146140098572,b3e6,True,0.9642857313156128,2.132531299999755,
3898,2391,crushing long middlegame sacrifice,34,26,d3f5,False,0.02639056218476013,4,0.4331671893596649,h2h4,True,0.6528571248054504,4.666285499999503,
3900,2779,advancedPawn advantage defensiveMove endgame pin veryLong,64,38,d5d6,True,0.8425872840736481,1,-0.4067702293395996,d5d6,True,0.9900000095367432,3.326387199999772,
3902,2478,advantage endgame hangingPiece long,102,15,d7d6,True,0.5224525601308003,1,-0.09185948222875595,d7d8,False,0.04857143014669418,4.945649199999934,
3904,2452,crushing endgame exposedKing hangingPiece master veryLong,139,4,f5e3,True,0.6510815455166207,1,-0.9705778360366821,f5e3,True,0.9900000095367432,4.37161980000019,
3906,2459,advancedPawn crushing endgame hangingPiece quietMove veryLong,89,13,c2f5,True,0.3402527774681725,1,-0.9357504844665527,c2f5,True,0.9657142758369446,4.521606600000268,
3908,2464,advantage long middlegame pin,53,25,g7f7,False,0.04221998638171554,2,-0.9732714295387268,h8h1,True,0.8885714411735535,4.638394999999946,
3910,2531,crushing fork hangingPiece middlegame veryLong,39,39,d4c2,False,0.217663400727902,2,0.11376643180847168,d4c2,False,0.02428571507334709,4.271405499999673,
3912,2397,advantage middlegame pin short,32,30,f3e4,True,0.46325955746644726,1,0.28579896688461304,f3e4,True,0.9614285826683044,4.140621399999873,
3914,2423,advancedPawn crushing endgame hangingPiece long,88,15,c6b7,True,0.7888614688959111,1,-0.708661675453186,c6b7,True,0.9842857122421265,4.398313699999562,
3916,2463,endgame equality fork long quietMove,75,35,g2h1,False,0.0027496671251876245,12,0.32476985454559326,g2g6,False,0.0,4.288534400000572,
3918,2432,advancedPawn attraction crushing endgame exposedKing promotion veryLong,72,2,g1g2,False,0.18308871402726354,2,-0.7640414834022522,g1f1,True,0.5371428728103638,4.079526299999998,
3920,2568,attraction crushing deflection exposedKing master middlegame sacrifice veryLong,54,50,e8d8,False,0.03221652274550191,6,0.6316344141960144,c5d7,False,0.018571428954601288,4.402793799999927,
3922,2471,advantage fork middlegame veryLong,54,28,h6h7,True,0.8101699794636733,1,-0.9518885612487793,h6h7,True,0.9900000095367432,3.9048607000004267,
3924,2575,crushing endgame fork long master,77,35,a5c5,True,0.5011049984408606,1,-0.17008188366889954,a5c5,True,0.8385714292526245,3.724876100000074,
3926,2771,advantage hangingPiece long middlegame,54,39,c4c6,True,0.41387492526366276,1,-0.46808627247810364,c4c6,True,0.9742857217788696,4.290012699999352,
3928,2727,advancedPawn crushing discoveredAttack discoveredCheck endgame exposedKing veryLong,63,31,h6h3,True,0.8943715612675391,1,-0.32010796666145325,h6h3,True,0.9928571581840515,3.885303500000191,
3930,2624,advantage hangingPiece middlegame pin short,51,40,b7c6,True,0.9213533442216637,1,0.49066025018692017,b7c6,True,0.9957143068313599,4.980439300000398,
3932,2385,advantage kingsideAttack middlegame sacrifice veryLong,36,41,b3h3,False,0.13684493782437182,3,-0.38436079025268555,b3g3,False,0.044285714626312256,4.5702282000002015,
3934,2359,crushing kingsideAttack middlegame pin short,38,47,d6e5,False,0.1346058133780243,3,-0.45927906036376953,d6g6,True,0.9585714340209961,4.240358400000332,
3936,2448,advantage long middlegame pin quietMove sacrifice,40,46,a2a3,False,0.04629280493826242,8,-0.06453735381364822,f7g6,True,0.9228571653366089,5.354860699999335,
3938,2521,advantage middlegame trappedPiece veryLong,48,46,f4c7,True,0.8121198842293493,1,0.17006535828113556,f4c7,True,0.7314285635948181,3.4993705999995655,
3940,2559,advancedPawn advantage discoveredAttack discoveredCheck endgame exposedKing fork master promotion veryLong,97,13,e3e2,True,0.6099280140932605,1,-0.9932653903961182,e3e2,True,0.9885714054107666,3.743242499999724,
3942,2608,attraction crushing endgame master sacrifice veryLong,92,35,f6e7,False,0.014593705803694124,9,0.03733697533607483,f6h8,False,0.0028571428265422583,3.8872137999996994,
3944,2683,crushing discoveredAttack fork long middlegame,47,40,c4e6,False,0.11338263834430662,3,-0.15845972299575806,h7h5,False,0.055714286863803864,4.325258500000018,
3946,2800,advantage defensiveMove deflection endgame pawnEndgame veryLong zugzwang,78,6,d2c3,False,0.003921387954357592,2,-0.06652417778968811,d2c3,False,0.0,4.203172900000027,
3948,2756,crushing deflection middlegame veryLong,43,39,g7g6,False,0.3298088255972225,2,-0.17318548262119293,f7f6,True,0.9657142758369446,4.510286699999597,
3950,2760,advantage discoveredAttack kingsideAttack long middlegame sacrifice,41,45,e5g6,False,0.10135016434300183,3,0.14468921720981598,e5g6,False,0.03285714238882065,5.372935699999289,
3952,2365,advantage long middlegame sacrifice,75,50,d5e3,True,0.6535444702902399,1,-0.06905138492584229,d5e3,True,0.9871428608894348,3.5287227999997413,
3954,2721,advantage deflection endgame sacrifice veryLong,74,24,c7d7,False,0.10056287566886607,3,-0.9673750400543213,g2c6,True,0.9257143139839172,4.049903699999959,
3956,2557,advantage capturingDefender deflection middlegame veryLong,37,54,f6f5,False,0.11987210598647688,3,0.11269025504589081,f4e3,True,0.7028571367263794,4.510671000000002,
3958,2757,crushing long middlegame pin quietMove,47,32,f6f5,True,0.4966029018143751,1,-0.28734347224235535,f6f5,True,0.8242856860160828,4.480685399999857,
3960,2392,deflection mate mateIn5 middlegame pin sacrifice veryLong,49,39,e5g4,True,0.29547777463584834,1,-0.4855789840221405,e5g4,True,0.831428587436676,4.244751799999904,
3962,2428,attraction endgame mate mateIn5 sacrifice veryLong,75,29,a2d5,True,0.28277288710233517,1,-0.9525587558746338,a2d5,True,0.334285706281662,4.101904599999216,
3964,2711,attraction crushing exposedKing middlegame veryLong,63,32,e8e2,False,0.35362595783622985,2,0.223735049366951,b5e2,True,0.8842856884002686,3.787865299999794,
3966,2413,advantage middlegame pin short,33,40,b7f3,False,0.0020627539958659362,14,-0.9800716042518616,e8f7,False,0.0,0.4272098999999798,
3968,2431,advantage fork opening veryLong,25,50,c7c4,True,0.7352765112812617,1,0.10388791561126709,c7c4,True,0.9428571462631226,4.319911699999466,
3970,2611,advantage deflection endgame long,88,36,b2h8,True,0.5056282777385878,1,0.04256425425410271,e8h8,False,0.36000001430511475,4.471375099999932,
3972,2589,crushing fork middlegame veryLong,41,43,b2c3,False,0.06470149156702709,3,-0.2433318793773651,d4c2,True,0.6528571248054504,4.083869899999627,
3974,2549,advantage middlegame sacrifice skewer veryLong,67,51,c3b2,False,0.17618140370480698,3,-0.20520657300949097,d6c5,True,0.9628571271896362,2.381779500000448,
3976,2378,crushing master middlegame pin short,72,36,f5g6,False,0.04538966956058419,7,-0.21285831928253174,f1e2,True,0.904285728931427,2.9973375999998098,
3978,2656,advantage clearance fork opening pin sacrifice veryLong,22,45,d4b3,False,0.06122525056748443,5,-0.2919785678386688,d4e6,True,0.40857142210006714,4.7996863999997,
3980,2434,crushing middlegame pin short,35,34,e8e2,False,0.06902626116959698,4,0.23257528245449066,e8e2,False,0.06428571790456772,4.520997699999498,
3982,2407,crushing long middlegame pin,72,31,e4g4,True,0.6257402457302803,1,-0.9838003516197205,e4g4,True,0.9857142567634583,4.322872599999755,
3984,2538,advantage endgame pin veryLong,68,35,h6h7,False,0.006618591310153494,6,-0.4438534080982208,h6h7,False,0.0,4.713374200000544,
3986,2596,advancedPawn crushing endgame promotion quietMove sacrifice veryLong,89,15,a3a2,False,0.0011718718706320433,11,0.5077494382858276,d5e7,False,0.0,4.35256919999938,
3988,2555,advancedPawn crushing endgame pawnEndgame quietMove sacrifice veryLong,93,7,h4h3,False,0.3690224798673124,2,0.0013264183653518558,h4h3,False,0.07999999821186066,4.407119100000273,
3990,2379,advantage hangingPiece long middlegame,53,49,f5e4,True,0.6174590169152162,1,0.462149053812027,f5e4,True,0.9742857217788696,4.256522199999381,
3992,2524,advantage clearance exposedKing middlegame sacrifice veryLong,40,52,g6d6,True,0.9021658432021886,1,-0.31893274188041687,g6d6,True,0.9928571581840515,3.626114200000302,
3994,2553,crushing discoveredAttack middlegame veryLong,35,37,e7f6,False,0.14419419364499966,2,-0.059274718165397644,e4f3,True,0.9285714030265808,4.2901288999992175,
3996,2405,clearance long mate mateIn3 middlegame sacrifice,47,28,d8f8,False,0.019275355712196286,6,-0.8101831674575806,g4e5,True,0.6942856907844543,1.2209210000000894,
3998,2646,advantage attraction capturingDefender endgame exposedKing fork master veryLong,54,45,a7g7,False,0.3310655363809602,2,0.06308721005916595,e5f6,True,0.904285728931427,4.157809100000122,
4000,2430,crushing fork master middlegame sacrifice short,37,43,d4f3,False,0.2555987643779338,2,0.48471325635910034,d4c2,True,0.9314285516738892,5.377874099999644,
4002,2393,crushing endgame hangingPiece master rookEndgame short,125,16,f5e6,True,0.6631466750300563,1,-0.2563828229904175,f5e6,True,0.9842857122421265,5.414785300000403,
4004,2385,crushing middlegame sacrifice veryLong,38,41,d2e3,False,0.0007434204813628977,17,-0.34354549646377563,d2e3,False,0.0,4.7696452999998655,
4006,2690,clearance crushing middlegame pin veryLong,48,45,a1a5,False,0.2882043017984153,2,-0.1490458995103836,g2e4,True,0.6285714507102966,4.037521199999901,
4008,2798,advancedPawn advantage deflection endgame pin veryLong,52,37,g3g4,False,0.08734382970365667,3,-0.16929273307323456,g3g4,False,0.05999999865889549,4.2360601000000315,
4010,2477,crushing discoveredAttack fork middlegame sacrifice veryLong,44,40,h8f8,False,0.010638815642578486,9,0.19531875848770142,f7e6,False,0.19571428000926971,4.037024399999609,
4012,2414,advantage master middlegame skewer veryLong,32,48,f3d4,False,0.13395598670561026,2,-0.03978106752038002,h4h5,False,0.17000000178813934,4.689170900000136,
4014,2569,crushing hangingPiece long middlegame,59,22,h5g6,False,0.09667703867277701,2,0.23332807421684265,h6h8,True,0.9671428799629211,2.5327398999997968,
4016,2535,crushing endgame pin quietMove veryLong,62,34,b1c1,False,0.05576360088362059,6,-0.37539243698120117,f3e5,True,0.9128571152687073,3.939111199999388,
4018,2368,crushing endgame fork short,69,31,a7a1,False,0.16068371096237194,2,-0.15859520435333252,d4f2,True,0.954285740852356,4.2100267999994685,
4020,2735,crushing defensiveMove deflection fork middlegame skewer veryLong,49,38,f1c4,False,0.013645523724941594,9,-0.5917729735374451,f1c4,False,0.28999999165534973,4.5882920999993075,
4022,2531,clearance crushing exposedKing middlegame sacrifice veryLong,66,42,c6e8,True,0.4581849521414009,1,-0.4891529977321625,c6e8,True,0.9528571367263794,4.4401379999999335,
4024,2608,advantage fork middlegame sacrifice short,24,39,g5f7,True,0.4026552213942957,1,-0.1954433023929596,g5f7,True,0.800000011920929,4.694443800000045,
4026,2775,advantage clearance long middlegame sacrifice,36,37,e2f3,False,0.07412227750655455,6,-0.8554989695549011,e2c4,False,0.18714286386966705,4.686800499999663,
4028,2747,advantage middlegame pin short,39,42,c7b6,False,0.0006140492603453587,12,-0.9672679305076599,a8g8,False,0.0,4.945904900000642,
4030,2394,attraction crushing kingsideAttack middlegame sacrifice veryLong,36,47,d1g4,False,0.01181009239450888,10,0.053381845355033875,d1g4,False,0.012857142835855484,11.05976709999959,
4032,2525,advantage collinearMove exposedKing fork middlegame veryLong,62,33,b3c4,False,0.124790350687104,3,-0.911372184753418,d1h5,True,0.927142858505249,2.701096200000393,
4034,2594,advantage long middlegame pin,54,27,f4f2,False,0.015627052683093196,6,-0.473603755235672,f4f2,False,0.004285714123398066,4.19359649999933,
4036,2503,advantage long middlegame sacrifice,48,37,a3c1,False,0.07336278177605725,3,-0.19721150398254395,e2c4,False,0.08285713940858841,4.369211899999755,
4038,2424,advancedPawn attraction crushing endgame promotion veryLong,86,10,d5d6,True,0.6354009263881913,1,-0.8832489848136902,d5d6,True,0.9857142567634583,4.3560662999998385,
4040,2399,crushing endgame long pin,73,33,h6h5,False,0.07689936272664134,3,-0.008973728865385056,f5f4,True,0.668571412563324,5.391838800000187,
4042,2564,crushing endgame long pin queensideAttack,59,33,b8e8,False,0.3764854162463686,2,0.11188557744026184,a5d2,True,0.9785714149475098,3.950933900000564,
4044,2352,advantage hangingPiece opening veryLong,19,24,c5d4,True,0.8874522160868011,1,0.07931683957576752,c5d4,True,0.9942857027053833,4.4711771000002045,
4046,2673,crushing defensiveMove endgame fork quietMove veryLong,99,14,d6b5,False,0.20298107525539047,3,0.14216631650924683,d6c8,True,0.9171428680419922,4.4969994999992196,
4048,2647,advancedPawn crushing defensiveMove endgame fork promotion quietMove veryLong,79,14,a3a2,True,0.6677401448086837,1,-0.31507256627082825,a3a2,True,0.9685714244842529,4.616217900000265,
4050,2797,crushing middlegame sacrifice short,57,37,h3f2,False,0.20482745181869333,2,-0.3846607506275177,h3f2,False,0.11571428924798965,3.837019099999452,
4052,2415,advancedPawn advantage attraction kingsideAttack master middlegame veryLong,63,35,e3f2,True,0.6664262508644467,1,0.3407954275608063,e3f2,True,0.9885714054107666,3.2424307000001136,
4054,2507,crushing exposedKing fork long middlegame sacrifice,40,39,f7b7,False,0.011978416237563017,7,0.6071482300758362,f7f6,False,0.35285714268684387,4.085513899999569,
4056,2631,advancedPawn advantage attraction deflection long middlegame promotion,72,35,e7f6,False,0.0985907665638051,2,0.10822714865207672,h7h8q,True,0.9228571653366089,5.070327300000827,
4058,2514,advantage defensiveMove deflection exposedKing long middlegame,59,30,h4h3,False,0.09095410955503408,2,-0.4448518455028534,f2f1,True,0.8928571343421936,4.7238563000000795,
4060,2370,crushing deflection endgame exposedKing veryLong,64,31,f8d8,True,0.3064668067647524,1,0.07613778859376907,f8d8,True,0.9571428298950195,10.25599449999936,
4062,2445,advantage endgame pin quietMove veryLong,54,40,b8e8,True,0.8825779641179715,1,0.11994827538728714,b8e8,True,0.991428554058075,17.80080160000034,
4064,2413,crushing middlegame sacrifice veryLong,36,52,c2f5,False,0.08868562260927805,2,0.2141302078962326,c2f5,False,0.1314285695552826,4.023465399999623,
4066,2354,endgame long mate mateIn3,70,29,d3b5,False,0.013219209369696842,5,-0.6976108551025391,d3b5,False,0.0014285714132711291,4.2816415999996025,
4068,2752,crushing defensiveMove endgame hangingPiece long quietMove,92,14,e3d4,True,0.9386717915825539,1,-0.06633211672306061,e3d4,True,0.9942857027053833,5.031378300000142,
4070,2529,advantage attraction kingsideAttack middlegame pin veryLong,33,46,f8d6,False,0.122290295741949,3,-0.9708216190338135,a8e8,True,0.9514285922050476,4.42100500000015,
4072,2376,advantage clearance long middlegame sacrifice,37,43,f8c8,False,0.04243543888763767,5,-0.7486105561256409,f8c8,False,0.004285714123398066,4.269958800000495,
4074,2461,attraction capturingDefender crushing middlegame veryLong,46,39,b3c3,False,0.1304365281327005,4,-0.7990960478782654,f1f6,True,0.9214285612106323,4.4882308999995075,
4076,2608,advantage fork middlegame veryLong,44,41,d1d6,True,0.3906408780995028,1,-0.5177261233329773,d1d6,True,0.772857129573822,4.7425075999999535,
4078,2614,advancedPawn crushing defensiveMove fork middlegame veryLong,59,32,a6c8,False,0.034903618120501634,3,-0.3157062828540802,d3d2,True,0.8728571534156799,4.666096899999502,
4080,2516,attraction crushing endgame long queensideAttack sacrifice,50,35,b3b7,False,0.003728900287152807,9,-0.38891008496284485,b3b7,False,0.0,4.605372900000475,
4082,2448,advantage capturingDefender discoveredAttack long opening sacrifice,14,40,c3e4,False,0.13249477498863585,3,0.16435614228248596,c3b5,True,0.8899999856948853,4.597600000000057,
4084,2599,advantage deflection middlegame pin skewer veryLong,46,29,d1d3,True,0.9156265540746372,1,0.03154948353767395,d1d3,True,0.9928571581840515,4.341113100000257,
4086,2447,crushing defensiveMove hangingPiece middlegame short,34,2,g1g2,True,0.7781502110083692,1,-0.02199755795300007,g1g2,True,0.9928571581840515,4.56073540000034,
4088,2584,crushing long middlegame sacrifice,50,36,h4f3,False,0.0840004706154525,3,-0.04968937486410141,h4f5,True,0.8942857384681702,3.1943123999999443,
4090,2359,advantage long middlegame queensideAttack sacrifice,51,34,d5c3,True,0.35808108612842565,1,-0.2452286332845688,b5b4,False,0.03142857179045677,10.407332799999494,
4092,2431,attraction discoveredAttack discoveredCheck mate mateIn5 middlegame sacrifice veryLong,28,35,d1h5,False,0.4466260932086398,2,-0.09191400557756424,h4g5,True,0.9557142853736877,16.09320469999966,
4094,2796,crushing deflection endgame long sacrifice,79,36,f1e2,True,0.49483849574179617,1,0.07997862249612808,f1e2,True,0.8442857265472412,15.799659400000564,
4096,2412,crushing deflection intermezzo middlegame sacrifice veryLong,57,41,a8a1,False,0.021686631358123973,7,0.11423108726739883,f4e4,True,0.7714285850524902,4.348647099999653,
4098,2362,advantage discoveredAttack middlegame veryLong,21,46,d6e5,False,0.29758839643308477,2,-0.0213765911757946,d6e5,False,0.13428571820259094,4.54555849999997,
4100,2445,advantage hangingPiece middlegame veryLong,32,38,e2e4,True,0.9730031312484738,1,-0.12329984456300735,e2e4,True,0.9971428513526917,4.496635100000276,
4102,2682,advantage defensiveMove fork long middlegame sacrifice,44,56,d5e7,True,0.5665941822793584,1,0.0884978398680687,d5e7,True,0.918571412563324,4.491655800000444,
4104,2495,advantage deflection endgame long,64,35,c6f6,True,0.4772592597708723,1,0.8222864270210266,c6f6,True,0.645714282989502,3.611386599999605,
4106,2441,clearance crushing long middlegame pin,52,38,e4f6,True,0.7478571717836695,1,-0.6511854529380798,e4f6,True,0.9785714149475098,2.362366100000145,
4108,2585,advantage middlegame pin quietMove veryLong,37,45,h8h3,True,0.3455507077272644,1,0.35555851459503174,h8h3,True,0.9399999976158142,4.832112600000073,
4110,2748,advantage clearance long middlegame pin,63,37,d8h4,False,0.059513225437356716,5,-0.45241615176200867,g7e5,False,0.2014285773038864,4.674258099999861,
4112,2392,advantage discoveredAttack discoveredCheck exposedKing middlegame veryLong,50,37,g4g5,True,0.15694474637910483,1,-0.9116226434707642,g4g5,True,0.9228571653366089,4.773189900000034,
4114,2685,advantage fork middlegame quietMove veryLong,29,45,d8d1,False,0.23769986934459394,2,-0.9831953644752502,h2h1,True,0.9557142853736877,4.516266700000415,
4116,2386,crushing middlegame pin short,81,49,h3h1,True,0.6135720246638008,1,0.40934276580810547,h3h1,True,0.9757142663002014,3.3846376999999848,
4118,2421,attraction crushing exposedKing middlegame pin veryLong,31,2,g8h8,True,0.9334190767556482,1,0.06503230333328247,g8h8,True,0.9942857027053833,4.582971699999689,
4120,2457,crushing hangingPiece middlegame quietMove veryLong,47,39,b7f3,True,0.5607418324751516,1,-0.35062268376350403,b7f3,True,0.8399999737739563,2.2184518000003663,
4122,2678,attraction crushing endgame pawnEndgame veryLong,87,12,a6b5,False,0.16480902192359198,2,0.021803002804517746,a6b5,False,0.14714285731315613,11.138414899999589,
4124,2485,attraction crushing endgame long pawnEndgame,76,12,d4e4,False,0.07306113942424722,5,-0.04233596846461296,f4f5,True,0.7514285445213318,19.1516072000004,
4126,2366,crushing discoveredAttack discoveredCheck long middlegame,47,33,e6h3,False,0.020734147750331756,4,0.03531857579946518,e6d5,True,0.7300000190734863,18.574650499999734,
4128,2446,advancedPawn crushing endgame long pin,50,41,e5e7,False,0.07955886568709508,3,0.3461430072784424,d6c7,True,0.8042857050895691,4.651819899999282,
4130,2399,crushing long middlegame pin,43,2,b8e8,True,0.9967038436290477,1,-0.8858022093772888,b8e8,True,1.0,3.490819100000408,
4132,2486,crushing deflection endgame veryLong,80,9,g6e5,False,0.05720290521781249,7,0.012187706306576729,g6e7,False,0.02142857201397419,4.40929959999994,
4134,2758,advancedPawn attraction bishopEndgame crushing deflection endgame exposedKing promotion veryLong,75,12,e4e3,False,0.03865424436105983,2,-0.20652294158935547,e4e3,False,0.18285714089870453,4.4373420000001715,
4136,2493,attraction crushing middlegame pin queensideAttack sacrifice veryLong,37,47,a2c4,False,0.17164292584290072,2,-0.05828159675002098,e7e5,False,0.2514285743236542,4.24190709999948,
4138,2397,crushing fork intermezzo middlegame short,35,50,h4h2,True,0.5888884656570563,1,-0.08155897259712219,h4h2,True,0.9714285731315613,2.0001346000008198,
4140,2484,advantage kingsideAttack long middlegame sacrifice,33,45,h6c1,False,0.06942252847167193,3,-0.739867091178894,g4e3,False,0.23428571224212646,4.7263904999999795,
4142,2481,crushing discoveredAttack discoveredCheck fork long middlegame,81,40,e5h5,False,0.09114837030259386,2,-0.2774902582168579,e5e4,True,0.9328571557998657,4.481455500000266,
4144,2759,advancedPawn clearance crushing endgame fork pin promotion veryLong,75,25,d4d3,True,0.46207710935909185,1,-0.044530872255563736,d4d3,True,0.9714285731315613,4.410900500000025,
4146,2478,advantage long middlegame skewer,42,45,g2d5,True,0.5204767829059005,1,-0.684887707233429,f4h6,False,0.2328571379184723,4.232964199999515,
4148,2405,advancedPawn advantage attraction clearance discoveredAttack middlegame sacrifice veryLong,53,43,e3f2,False,0.3167672907342707,2,0.07003837078809738,e3e2,True,0.7614285945892334,3.6880322000006345,
4150,2791,advantage exposedKing fork middlegame veryLong,38,36,g4e6,False,0.11653501426430105,3,-0.592876672744751,g5f6,True,0.9514285922050476,3.5554801999996926,
4152,2462,attraction crushing long middlegame,57,31,f8c8,False,0.3743232646748245,2,-0.9451659917831421,c2d2,True,0.9757142663002014,3.7694034999994983,
4154,2373,crushing defensiveMove middlegame pin veryLong,66,5,f7f3,True,0.5767891321697128,1,0.5138027667999268,f7f3,True,0.9371428489685059,8.885253299999931,
4156,2626,advantage discoveredAttack long middlegame quietMove,45,29,c7g7,True,0.6711141803733349,1,-0.7199718952178955,c7g7,True,0.9828571677207947,15.405500900000334,
4158,2486,advantage attraction kingsideAttack middlegame sacrifice veryLong,49,40,g5h4,False,0.11393967557203673,4,-0.21769078075885773,b6f2,True,0.8442857265472412,19.080036100000143,
4160,2413,advantage long middlegame pin,47,2,d7d8,False,0.36353434368042,2,-0.9877259135246277,e8e6,True,0.9814285635948181,4.397601800000302,
4162,2677,advantage endgame long pin,64,49,f1f4,False,0.11879657865172351,3,0.10321031510829926,f6g6,True,0.8942857384681702,4.221010300000671,
4164,2405,advancedPawn crushing discoveredAttack discoveredCheck master middlegame short,48,42,e2e3,False,0.005862609120955827,9,0.44037190079689026,e2e4,False,0.0,4.594226500000332,
4166,2542,crushing deflection kingsideAttack middlegame veryLong,31,45,d7h3,False,0.3816215881533501,2,-0.11673679947853088,e5f3,True,0.9714285731315613,2.057852900000398,
4168,2365,crushing discoveredAttack kingsideAttack long middlegame pin sacrifice,39,39,c5d4,False,0.01513664709864247,12,0.3502364456653595,g7g6,False,0.0071428571827709675,4.697137300000577,
4170,2768,attraction crushing deflection middlegame veryLong,60,36,e6e7,False,0.007057817696864967,12,0.05429769679903984,f4f5,False,0.0,3.933905799999593,
4172,2617,crushing long middlegame sacrifice,34,43,f3g5,True,0.5108424040694097,1,0.3712433874607086,f3g5,True,0.5799999833106995,4.718235999999706,
4174,2530,advantage discoveredAttack endgame long rookEndgame,58,17,g5h6,True,0.5696969993584248,1,-0.6739788055419922,g5h6,True,0.9457142949104309,4.344256800000039,
4176,2358,crushing long middlegame sacrifice,56,59,b3a4,False,0.0033734598578632233,15,0.10771385580301285,b3a4,False,0.0,4.166910800000551,
4178,2750,advantage endgame exposedKing interference kingsideAttack master veryLong,59,28,c8h3,True,0.9765872446099735,1,0.05590945482254028,c8h3,True,0.9985714554786682,4.0916019999995115,
4180,2670,advantage middlegame sacrifice veryLong,73,33,d6e7,False,0.05031978876093948,6,-0.18614155054092407,d6e7,False,0.0028571428265422583,5.044200000000274,
4182,2657,crushing defensiveMove endgame pawnEndgame quietMove sacrifice veryLong,123,7,e5e4,True,0.7180105460937422,1,0.07500417530536652,e5e4,True,0.9457142949104309,6.831754699999692,
4184,2415,crushing endgame pin short,90,35,b6d6,False,0.0010523658371808322,29,0.08620405942201614,a8a6,False,0.0,13.763658200000464,
4186,2465,advantage discoveredAttack discoveredCheck middlegame veryLong,30,38,d1a4,True,0.7366876569741416,1,-0.1252625286579132,d1a4,True,0.9842857122421265,20.12296359999982,
4188,2579,crushing endgame fork veryLong,65,35,d8d2,False,0.37417470081469995,2,-0.6061267256736755,d8d2,False,0.36571428179740906,18.805294400000093,
4190,2371,advancedPawn crushing endgame long quietMove sacrifice,94,10,d3b4,False,0.0006443243453280875,9,0.20361962914466858,d3b4,False,0.0,18.758654900000693,
4192,2637,advantage exposedKing fork long master middlegame,59,36,e4h1,False,0.04000171795877848,6,0.12418409436941147,h7g7,True,0.8928571343421936,4.515816699999959,
4194,2693,crushing middlegame sacrifice veryLong,71,45,d6g3,False,0.01939695421710541,7,-0.26353976130485535,c7c6,True,0.654285728931427,4.165014100000008,
4196,2796,crushing endgame exposedKing fork veryLong,79,40,e6g4,True,0.3941801629241619,1,-0.4008477032184601,e6g4,True,0.9357143044471741,4.400864500000353,
4198,2685,crushing middlegame quietMove sacrifice veryLong,60,38,h5f7,False,0.17190457589712138,2,0.29297059774398804,c1f1,True,0.9142857193946838,2.1342710999997507,
4200,2384,advancedPawn crushing endgame fork veryLong,69,30,b6c4,True,0.6925209131167493,1,-0.9340909719467163,b6c4,True,0.9885714054107666,4.521082700000079,
4202,2771,crushing deflection master middlegame veryLong,28,39,d1f3,False,0.009803967179328948,3,-0.0045987823978066444,d1f3,False,0.004285714123398066,4.790359200000239,
4204,2733,advantage hangingPiece long middlegame,34,32,h5g6,True,0.6262391540124562,1,-0.4022196829319,h5g6,True,0.9828571677207947,4.682634400000097,
4206,2432,advancedPawn crushing deflection middlegame promotion veryLong,66,30,g6h7,False,0.3397825890931465,2,-0.9841887354850769,h1h7,True,0.9785714149475098,3.597176500000387,
4208,2423,advantage deflection endgame long pin,76,42,d8f8,False,0.00033147837776980764,26,-0.7273527383804321,d8f8,False,0.0,4.111892500000067,
4210,2446,attraction crushing exposedKing middlegame veryLong,36,50,c3e4,True,0.4204121408471786,1,0.38670140504837036,c3e4,True,0.8642857074737549,4.49683449999975,
4212,2728,advantage exposedKing fork middlegame veryLong,89,35,b6e6,True,0.6958436041126732,1,-0.7143470048904419,b6e6,True,0.9885714054107666,4.344848300000194,
4214,2575,crushing long middlegame sacrifice,45,43,e8e2,True,0.46076026420747174,1,-0.5924126505851746,e8e2,True,0.9685714244842529,11.14994360000037,
4216,2651,crushing deflection discoveredCheck doubleCheck exposedKing middlegame veryLong,55,45,g8g3,False,0.010823891115510883,3,0.4164547026157379,e5e4,False,0.22285714745521545,17.47943850000047,
4218,2351,advantage endgame fork long quietMove,57,34,c6f3,False,0.00414432571089493,9,-0.40751251578330994,a8b7,False,0.0,19.728307200000017,
4220,2361,attraction crushing kingsideAttack middlegame pin sacrifice veryLong,34,54,h1e1,False,0.007647958144229879,12,0.0749455988407135,h1e1,False,0.0,18.630866500000593,
4222,2443,crushing defensiveMove fork middlegame veryLong,58,45,h5f6,True,0.5817599863665821,1,0.11974986642599106,h5f6,True,0.9700000286102295,17.467642500000693,
4224,2729,crushing endgame exposedKing fork long,98,32,d6f6,False,0.18549583140479764,2,-0.10735819488763809,f3h5,False,0.1842857152223587,3.7135252000007313,
4226,2471,attraction crushing endgame long master sacrifice,64,41,a2d5,False,0.21973299373041338,2,-0.6114248633384705,a2f7,True,0.9442856907844543,4.270577899999807,
4228,2674,crushing deflection kingsideAttack opening veryLong,31,48,f8f1,False,0.33013822419914535,2,0.1750316172838211,d3e3,True,0.9528571367263794,4.825025500000265,
4230,2451,advancedPawn crushing deflection endgame pawnEndgame quietMove veryLong zugzwang,85,8,e6f5,True,0.5032461201458045,1,-0.030380230396986008,e6f5,True,0.9171428680419922,4.7354231999997864,
4232,2519,advancedPawn attraction crushing deflection endgame exposedKing pawnEndgame promotion quietMove veryLong,74,7,d4d5,True,0.6345467025169618,1,-0.06767457723617554,d4d5,True,0.9871428608894348,4.251022299999931,
4234,2642,crushing long middlegame pin,41,36,a2c2,False,0.020116855684576957,2,0.22929143905639648,a2c2,False,0.014285714365541935,4.495198499999788,
4236,2456,crushing master middlegame sacrifice short,44,50,f4e4,False,0.0002876636158377103,19,0.5376312136650085,f4e4,False,0.0,5.039820100000725,
4238,2680,advantage defensiveMove deflection discoveredAttack middlegame veryLong,34,44,e4d6,True,0.7459949058410198,1,-0.9676422476768494,e4d6,True,0.9900000095367432,8.447872599999755,
4240,2704,advantage attraction middlegame sacrifice veryLong,80,30,h7h8,False,0.16541672385466377,3,-0.017396561801433563,h7h8,False,0.06857142597436905,15.675392099999954,
4242,2558,attraction kingsideAttack mate mateIn4 middlegame pillsburysMate sacrifice veryLong,46,30,e2f2,False,0.1952469191311648,2,-0.33709201216697693,e2f2,False,0.011428571306169033,19.505277600000227,
4244,2539,crushing master masterVsMaster middlegame pin veryLong,55,46,d3e3,True,0.7801770601229668,1,0.6027254462242126,d3e3,True,0.9900000095367432,18.684532999999647,
4246,2795,crushing discoveredCheck doubleCheck endgame veryLong,48,32,d5e6,True,0.8808645661087701,1,0.2519538104534149,d5e6,True,0.9842857122421265,18.114843100000144,
4248,2374,crushing middlegame sacrifice veryLong,33,45,a2a1,True,0.5174916536872171,1,-0.39039310812950134,c8e6,False,0.2628571391105652,8.713163799999165,
4250,2747,advantage attraction long middlegame sacrifice,46,40,d3f5,False,0.20955115514677092,3,-0.1524985283613205,g1g6,True,0.9314285516738892,10.566486300000179,
4252,2607,clearance crushing fork middlegame veryLong,44,6,f3d4,True,0.7672445794400743,1,-0.40994784235954285,f3d4,True,0.9900000095367432,11.587518499999533,
4254,2371,crushing endgame hangingPiece short,61,27,g4d1,True,0.6540912074517407,1,-0.248005673289299,g4d1,True,0.9842857122421265,4.335476999999628,
4256,2351,crushing defensiveMove endgame hangingPiece long rookEndgame,105,18,e2d3,True,0.9904426855218345,1,0.39024215936660767,e2d3,True,0.9985714554786682,4.512476699999752,
4258,2702,advantage endgame long pin,58,35,g3e5,True,0.4902487828570285,1,-0.04820277914404869,g3e5,True,0.9571428298950195,3.8647706000001563,
4260,2667,advancedPawn crushing endgame hangingPiece veryLong,75,34,h3g2,False,0.18272374988432705,2,0.11588741838932037,e3g5,True,0.8642857074737549,4.301950600000055,
4262,2369,crushing deflection endgame exposedKing long,65,34,d8d3,True,0.8489746454429741,1,-0.963746190071106,d8d3,True,0.9942857027053833,4.491167499999392,
4264,2478,advantage kingsideAttack middlegame sacrifice veryLong,46,43,h2h4,False,0.045106337705802496,6,-0.49706751108169556,d4e6,True,0.9228571653366089,10.930866400000014,
4266,2532,advantage discoveredAttack discoveredCheck intermezzo long middlegame,51,44,d6e5,False,0.09339339549400531,2,-0.1377103626728058,d6e5,False,0.15142856538295746,20.204834799999844,
4268,2660,advancedPawn crushing deflection endgame promotion veryLong,92,30,f3e5,False,0.35053301310247076,2,-0.1433001607656479,f3e5,False,0.40714284777641296,18.999495099999876,
4270,2783,crushing defensiveMove fork middlegame sacrifice veryLong,46,46,e3h6,False,0.08958382984959731,4,0.17638680338859558,f3h3,False,0.29428571462631226,16.397168399999828,
4272,2465,crushing middlegame pin short,24,42,g5f6,False,0.0003403845952514324,16,0.33742544054985046,g5f6,False,0.0,17.852784199999405,
4274,2566,crushing endgame long pin,45,30,g5h6,False,0.09332092146704529,3,-0.6095719933509827,d7h3,True,0.9071428775787354,5.156775399999788,
4276,2441,crushing defensiveMove deflection endgame pawnEndgame veryLong zugzwang,62,8,h4g5,True,0.5006875496078238,1,-0.4270455539226532,h4g5,True,0.6285714507102966,14.274241699999948,
4278,2501,advantage capturingDefender long middlegame pin,38,36,c1c8,False,0.18496504675846717,3,0.497098445892334,c1c8,False,0.19571428000926971,8.643482800000129,
4280,2593,advantage doubleCheck long middlegame,35,44,f3h4,False,0.18133050974492157,2,0.2583608329296112,f5e3,False,0.20999999344348907,4.771580300000096,
4282,2489,crushing endgame long master sacrifice,62,26,f3h3,False,0.0499552089694652,7,-0.1180945560336113,f3f4,True,0.6085714101791382,4.257890399999269,
4284,2411,discoveredAttack endgame epauletteMate mate mateIn2 queenEndgame short,83,20,e2e5,False,0.03478202712323788,3,-0.30980029702186584,e2e5,False,0.4328571557998657,2.8047099999994316,
4286,2521,crushing exposedKing fork middlegame veryLong,37,44,h6h4,True,0.22651027341720978,1,-0.7797632217407227,h6h4,True,0.9700000286102295,4.933822100000725,
4288,2362,crushing endgame interference veryLong,59,32,e6f6,False,0.39711373998679295,2,-0.9370889067649841,h6h2,True,0.9614285826683044,4.242020100000445,
4290,2429,advantage defensiveMove endgame pin short,69,21,c3c2,False,0.019932559650179236,8,-0.2884870767593384,c3c2,False,0.0071428571827709675,4.7849653000002945,
4292,2533,crushing endgame long sacrifice,92,11,g6e7,False,0.035572366730044686,5,-0.0392150953412056,g6f8,False,0.017142856493592262,4.539743000000271,
4294,2506,attraction crushing kingsideAttack middlegame veryLong,62,30,g3g6,False,0.09416487088268678,2,-0.5836244225502014,h7g7,True,0.9114285707473755,2.3358674999999494,
4296,2540,crushing middlegame pin short,53,29,g7g3,False,0.09000127608771757,3,-0.20516838133335114,h8h4,True,0.8257142901420593,6.576575600000069,
4298,2368,crushing deflection kingsideAttack middlegame veryLong,23,44,d7h3,False,0.3220056875481964,2,0.07844222337007523,d4f3,True,0.9214285612106323,13.846334900000329,
4300,2429,advancedPawn attraction crushing endgame exposedKing pin sacrifice skewer veryLong,82,24,c8c5,False,0.26569844390987096,2,0.6749196648597717,c8c5,False,0.1614285707473755,14.477874299999712,
4302,2734,attraction crushing middlegame quietMove sacrifice veryLong,65,41,d6d3,False,0.0028157068538319256,8,0.15019004046916962,h5f4,False,0.0,19.395081199999368,
4304,2544,advantage long middlegame pin,44,43,h5h6,True,0.583676972757251,1,-0.5834394693374634,h5h6,True,0.6614285707473755,18.05997759999991,
4306,2487,advantage endgame long pin,49,37,g4f5,False,0.13239854489822261,4,-0.46453481912612915,g4g6,True,0.9671428799629211,16.44694830000026,
4308,2669,crushing long middlegame sacrifice,34,44,b3c2,False,0.0011759322114745674,17,0.3856448233127594,a1d1,False,0.0,10.802268399999775,
4310,2447,attraction collinearMove crushing discoveredAttack discoveredCheck opening sacrifice veryLong,26,42,c1a3,True,0.5766648499414332,1,-0.04827052354812622,c1a3,True,0.8600000143051147,12.083147899999858,
4312,2753,advantage endgame hangingPiece long,96,18,a4b5,True,0.9569243604118793,1,-0.8946019411087036,a4b5,True,1.0,4.65974929999993,
4314,2452,advantage exposedKing hangingPiece middlegame veryLong,36,41,e2f3,True,0.900004437870768,1,0.3142126798629761,e2f3,True,0.9942857027053833,3.807807099999991,
4316,2521,advantage kingsideAttack long opening sacrifice,25,46,d8h4,False,6.248483032445057e-05,27,0.32236218452453613,d8h4,False,0.0,4.457532000000356,
4318,2467,advantage clearance deflection master middlegame pin veryLong,65,35,b6e3,False,0.039981355555896915,5,-0.4688011407852173,b6e6,True,0.6857143044471741,4.675722699999824,
4320,2428,advantage discoveredCheck doubleCheck exposedKing long middlegame sacrifice,29,41,e5g6,False,0.0014774409823500366,8,-0.057517390698194504,e5g6,False,0.0,4.213792000000467,
4322,2456,advantage deflection endgame long,71,44,d3e2,False,0.34028337648637924,2,-0.12995871901512146,d3g3,True,0.927142858505249,3.5782255000003715,
4324,2569,advancedPawn capturingDefender crushing middlegame veryLong,51,32,d8f8,False,0.09510833986340468,4,-0.039102714508771896,d8f8,False,0.16571427881717682,4.894606299999396,
4326,2608,crushing middlegame pin short,64,43,e6g6,False,0.00013694238461323729,28,0.561214029788971,e6g6,False,0.0,1.0545071999995344,
4328,2629,advantage clearance discoveredAttack discoveredCheck long middlegame,54,35,f5f6,True,0.7936927921705472,1,-0.5810016989707947,f5f6,True,0.9857142567634583,7.720706699999937,
4330,2526,crushing middlegame pin quietMove veryLong,42,37,a1e1,False,0.09094332638637921,3,0.16776394844055176,a1e1,False,0.011428571306169033,13.523939200000314,
4332,2574,crushing defensiveMove long middlegame sacrifice,26,40,c3e4,True,0.6427097412363281,1,0.420960009098053,c3e4,True,0.8471428751945496,21.139267800000198,
4334,2410,crushing kingsideAttack long middlegame sacrifice,42,46,a2a3,False,0.00012058234303169442,40,-0.33645743131637573,d1d8,False,0.0,19.37845809999999,
4336,2384,advantage deflection intermezzo long middlegame sacrifice,75,33,b6e3,False,0.2066515679084827,3,-0.1710180640220642,d8d5,True,0.9057142734527588,18.128296099999716,
4338,2468,crushing discoveredAttack discoveredCheck exposedKing middlegame veryLong,51,34,h7h3,True,0.8132786185315043,1,0.47564294934272766,h7h3,True,0.7385714054107666,11.760607700000037,
4340,2561,advantage endgame long pin sacrifice,70,32,d3e2,False,0.0896421128512174,5,0.05623298138380051,g2g7,False,0.012857142835855484,14.253888799999913,
4342,2622,crushing long middlegame pin,75,40,e1c1,False,0.171841451411149,2,-0.7829763889312744,a6f1,True,0.9642857313156128,6.014560000000529,
4344,2556,advantage middlegame pin veryLong,63,42,c6e5,False,0.3533967041956752,2,-0.18527458608150482,c6e5,False,0.09000000357627869,4.785263499999928,
4346,2404,advantage attraction long master masterVsMaster middlegame sacrifice,32,36,g2h3,False,0.07135148818607458,4,-0.9691500067710876,d1d8,True,0.8471428751945496,4.512892699999611,
4348,2611,crushing exposedKing interference long middlegame,47,23,d4e2,True,0.45442654330927956,1,-0.726408064365387,d4e2,True,0.9785714149475098,4.404240500000014,
4350,2569,advancedPawn advantage endgame quietMove sacrifice short,87,19,e3e2,False,0.018235816649790407,9,-0.4541865885257721,e3e2,False,0.0014285714132711291,5.267587999999705,
4352,2594,advancedPawn clearance crushing discoveredAttack endgame promotion quietMove rookEndgame veryLong,86,11,a8h8,True,0.2857950548513563,1,-0.687558114528656,a8h8,True,0.9314285516738892,4.3554996000002575,
4354,2789,crushing hangingPiece intermezzo middlegame sacrifice veryLong,81,29,f8f2,False,0.33186621850661807,2,0.2970922887325287,g3d6,True,0.8500000238418579,5.098447299999862,
4356,2680,advantage endgame exposedKing fork master veryLong,113,32,d5d4,False,0.41861811514012875,2,-0.10624665021896362,d1a1,True,0.9671428799629211,11.123655899999903,
4358,2466,advancedPawn crushing endgame fork long master masterVsMaster,85,13,h3h2,True,0.8071197577673334,1,-0.10514948517084122,h3h2,True,0.7071428298950195,18.482460999999603,
4360,2453,advantage long middlegame sacrifice,62,40,g7g8,False,0.10116440438712607,3,0.6163504719734192,c3b4,True,0.9399999976158142,4.566793099999813,
4362,2728,advantage defensiveMove endgame pin veryLong,53,33,a8c8,True,0.6340386902351131,1,0.16944368183612823,a8c8,True,0.9571428298950195,19.54313699999966,
4364,2721,attraction crushing endgame short,69,38,h1e4,False,0.022377544389360727,3,0.46568238735198975,h1e4,False,0.28285714983940125,9.660540500000025,
4366,2599,advantage hangingPiece master middlegame quietMove veryLong,43,34,d8d7,True,0.9725335950160144,1,0.14168360829353333,d8d7,True,0.9985714554786682,17.48728679999931,
4368,2767,crushing long middlegame queensideAttack quietMove sacrifice,41,42,b7e4,False,0.0031773668736045685,6,0.11345981806516647,c5e4,False,0.0,10.020348099999865,
4370,2474,attraction crushing kingsideAttack long middlegame sacrifice,42,52,h3f5,False,0.0033824677787572307,24,-0.3756548762321472,h2h1,False,0.0,16.094487200000003,
4372,2657,crushing long master masterVsMaster middlegame pin quietMove,40,35,f7e6,False,0.003554002982230891,19,-0.4228717088699341,g3g4,False,0.0,2.510067500000332,
4374,2495,advantage fork middlegame veryLong,53,39,f2e2,False,0.27227666967406366,2,0.7736998796463013,c8e8,False,0.0714285746216774,4.812067799999568,
4376,2614,advantage discoveredAttack discoveredCheck long middlegame,57,41,a2b3,True,0.7859998514018017,1,-0.6064281463623047,a2b3,True,0.9842857122421265,3.640661700000237,
4378,2467,crushing defensiveMove hangingPiece opening short,26,39,e5f6,False,0.40105998579557134,2,-0.2436206042766571,d1d4,True,0.9357143044471741,4.951405700000578,
4380,2430,crushing discoveredAttack middlegame short,57,34,e5f3,True,0.5718919293158378,1,-0.3680475354194641,e5f3,True,0.9785714149475098,4.32329849999951,
4382,2398,advantage attraction master middlegame sacrifice veryLong,36,44,b2c3,False,0.04077287564778688,3,0.2493496686220169,g1g7,True,0.904285728931427,4.781275600000299,
4384,2661,crushing endgame pin short,43,38,e8f7,False,0.003876139349050657,15,-0.30486348271369934,e7b4,False,0.0,4.713630799999919,
4386,2593,advancedPawn advantage endgame promotion sacrifice veryLong,63,27,a4a3,False,0.35825882403785153,2,-0.44186222553253174,c4c3,True,0.9528571367263794,4.006886299999678,
4388,2373,crushing endgame fork long,66,34,c5e6,False,0.2057486319596303,2,0.46756744384765625,g5e7,True,0.949999988079071,8.8509296000002,
4390,2467,crushing fork long middlegame pin,62,39,d3e4,False,0.05476976512152291,3,-0.6136624217033386,d3e4,False,0.4528571367263794,15.139359499999955,
4392,2512,crushing long middlegame pin,34,46,f3f4,False,0.001596755260455837,17,0.015442285686731339,f3g3,False,0.0,20.001951199999894,
4394,2530,advancedPawn crushing deflection endgame long promotion rookEndgame,108,19,f3f2,False,0.24699793533850872,2,-0.8498323559761047,c6c7,True,0.9742857217788696,14.315837400000419,
4396,2486,discoveredAttack discoveredCheck endgame mate mateIn5 pillsburysMate quietMove veryLong,75,22,g8f8,False,0.02207680380416973,8,-0.769490122795105,h3f3,True,0.6485714316368103,7.7102160000004005,
4398,2446,attraction crushing endgame fork long,67,31,c6e4,False,0.03382429864167027,7,0.6827061772346497,c6a4,False,0.0057142856530845165,18.373100899999372,
4400,2658,advantage middlegame sacrifice trappedPiece veryLong,47,39,d6a6,False,0.0522113547366095,3,-0.7850263118743896,b4c6,False,0.0071428571827709675,8.644134299999678,
4402,2741,clearance crushing master middlegame pin quietMove short,86,31,e6f7,False,0.007338099468368508,4,0.6177865862846375,e6f7,False,0.0,16.026503299999604,
4404,2717,advantage clearance discoveredAttack discoveredCheck endgame long quietMove,75,35,e7h4,True,0.2916244113169706,1,-0.3305741846561432,e7g5,False,0.404285728931427,4.679426499999863,
4406,2628,crushing long middlegame quietMove sacrifice,50,39,c1c5,False,0.04328022073215035,5,-0.21156778931617737,c1c5,False,0.0057142856530845165,3.9737629999999626,
4408,2446,crushing long opening pin quietMove sacrifice,25,35,g4e3,False,0.2011258587671639,2,-0.13859395682811737,c8d7,True,0.9599999785423279,4.265607700000146,
4410,2691,advantage attraction middlegame sacrifice veryLong xRayAttack,28,41,a1b1,False,0.2873810474265488,2,0.0563645176589489,f3g4,True,0.9114285707473755,4.556729699999778,
4412,2758,advantage fork long middlegame pin sacrifice,56,43,f5h6,False,0.009021169113253001,10,0.4743451774120331,f5g7,False,0.0,5.194659500000853,
4414,2561,advantage fork long master masterVsMaster middlegame,66,38,f2f3,False,0.15214640335287033,3,0.04449617117643356,e4f6,True,0.949999988079071,4.450621900000442,
4416,2440,advantage endgame sacrifice veryLong,88,30,g4b4,True,0.906501971608983,1,-0.5059833526611328,g4b4,True,0.9928571581840515,4.328520799999751,
4418,2488,advantage defensiveMove middlegame pin veryLong,48,7,e1f1,True,0.47299054576307437,1,-0.8962547779083252,e1f1,True,0.7428571581840515,3.356297700000141,
4420,2354,clearance crushing kingsideAttack middlegame skewer veryLong,46,41,f6h6,True,0.42249219480052336,1,0.17980828881263733,f6h6,True,0.9800000190734863,7.640068699999574,
4422,2588,deflection mate mateIn5 middlegame veryLong,75,41,c4c1,True,0.5773947208983676,1,-0.34267374873161316,c4c1,True,0.9814285635948181,1.6408704000004946,
4424,2485,crushing deflection fork middlegame quietMove sacrifice veryLong,57,42,h4h3,True,0.3876179759134373,1,-0.9911282062530518,b4e7,False,0.12428571283817291,14.124675500000194,
4426,2456,crushing middlegame quietMove veryLong xRayAttack,58,49,c1e1,True,0.2782517719178744,1,-0.3691923916339874,h5h6,False,0.05999999865889549,17.71654949999993,
4428,2493,advantage defensiveMove endgame fork master short,58,44,d3e4,False,0.09536459630219048,2,-0.6501473188400269,b2f6,True,0.9442856907844543,18.58548510000037,
4430,2560,advantage attraction endgame veryLong,69,32,e3e2,True,0.5789353172102482,1,0.08740109950304031,e3e2,True,0.8928571343421936,17.071906499999386,
4432,2361,advantage clearance kingsideAttack middlegame veryLong xRayAttack,35,49,b4d6,False,0.15743994991578938,3,0.13871726393699646,e8e5,True,0.6128571629524231,13.174592200000006,
4434,2512,advantage endgame long pin,59,37,e5f3,True,0.4910992006570513,1,-0.16038042306900024,a3b4,False,0.09428571164608002,14.122443700000076,
4436,2419,advantage deflection middlegame pin queensideAttack veryLong,43,35,a2a1,True,0.9367317801446697,1,-0.6068757176399231,a2a1,True,0.9871428608894348,8.668329900000572,
4438,2624,advantage discoveredAttack exposedKing kingsideAttack middlegame pin veryLong,64,40,f5h6,False,0.01985728972054669,7,0.4974516034126282,f5g7,True,0.7200000286102295,5.075108600000021,
4440,2645,advantage middlegame quietMove skewer veryLong,36,31,g5g8,True,0.995799838453134,1,-0.09915921837091446,g5g8,True,0.9985714554786682,4.923124799999641,
4442,2629,advantage hangingPiece long middlegame,44,38,e3d4,False,0.3793911383359669,2,0.10684148967266083,f3e5,True,0.5171428322792053,4.8310928999999305,
4444,2613,advantage discoveredAttack middlegame short,34,39,e2h5,False,0.09705167475158863,6,0.43056079745292664,e2h5,False,0.17714285850524902,5.028907299999446,
4446,2480,advancedPawn crushing discoveredAttack endgame exposedKing sacrifice veryLong,91,16,h3h2,True,0.5578548998714542,1,-0.3901345729827881,h3h2,True,0.9028571248054504,5.2988317000008465,
4448,2754,crushing defensiveMove deflection endgame long,96,28,g1g7,True,0.8404141879976981,1,-0.1145954579114914,g1g7,True,0.9857142567634583,3.859099899999819,
4450,2578,advantage hangingPiece long opening,25,35,f6e4,True,0.4968756122027491,1,0.1122511699795723,f6e4,True,0.9571428298950195,4.077588900000592,
4452,2536,crushing middlegame sacrifice veryLong,57,36,h2h1,False,0.079974737705587,2,0.8362698554992676,f8f4,True,0.895714282989502,9.031057099999998,
4454,2689,advantage attraction defensiveMove deflection long middlegame sacrifice,54,4,e1e3,True,0.4959695641690161,1,0.05650174990296364,e1e3,True,0.9557142853736877,17.591045599999234,
4456,2351,crushing deflection discoveredAttack long middlegame,59,30,h5h2,False,0.02406289133328101,4,0.030202772468328476,g4g3,True,0.795714259147644,13.930778199999622,
4458,2481,advantage long middlegame skewer,74,39,h5e5,False,0.15850422798470595,2,-0.4240608513355255,d7e8,True,0.9671428799629211,18.75231459999941,
4460,2386,advantage fork middlegame veryLong,49,30,f5f4,False,0.11941183531136568,4,-0.7350282073020935,f6h4,True,0.9285714030265808,15.32357520000005,
4462,2423,advantage deflection long middlegame,50,2,g1h1,True,0.6456904297206931,1,0.09413933753967285,g1h1,True,0.9828571677207947,13.532654700000421,
4464,2661,crushing kingsideAttack long middlegame sacrifice,46,46,c1c7,False,0.012928043477430241,12,0.31316787004470825,e5g4,False,0.009999999776482582,11.156934399999955,
4466,2360,advantage long middlegame pin queensideAttack,45,39,e7b4,False,0.1827133930133275,2,-0.03883998468518257,e7a3,True,0.6385714411735535,10.764568799999324,
4468,2506,advantage capturingDefender endgame long master,83,26,f1c4,False,0.033299216400173415,8,-0.5443093180656433,h4e1,False,0.0071428571827709675,4.962504000000081,
4470,2594,advantage endgame exposedKing fork long,69,27,h7h3,True,0.47179575645901434,1,0.3280085027217865,h7h3,True,0.6557142734527588,4.9412132999996174,
4472,2430,advantage kingsideAttack long master middlegame pin,35,52,f5e4,False,0.00548304281813522,3,-0.25217631459236145,f5e4,False,0.0,5.240303900000072,
4474,2484,advantage middlegame pin veryLong,39,2,g8h8,True,0.8892832615752861,1,-0.9046369791030884,g8h8,True,0.9928571581840515,4.158696000000418,
4476,2485,advantage exposedKing fork middlegame veryLong,69,32,g3h3,True,0.8867527969440337,1,0.0023749202955514193,g3h3,True,0.9842857122421265,4.025719000000208,
4478,2484,crushing discoveredAttack discoveredCheck middlegame veryLong,40,6,c1b1,False,0.06978813125366314,3,-0.9499912858009338,d5f4,True,0.9342857003211975,4.946531199999299,
4480,2375,crushing fork long middlegame,50,46,e5d7,True,0.43586041484796634,1,0.08300936967134476,e5d7,True,0.9628571271896362,4.711255600000186,
4482,2623,advantage deflection hangingPiece middlegame veryLong,40,42,c6a8,True,0.8723450140600765,1,0.7628516554832458,c6a8,True,0.9814285635948181,9.066994400000112,
4484,2380,advantage endgame fork master sacrifice veryLong,46,37,f4h5,False,0.2273172964869168,2,-0.8422634601593018,f4h5,False,0.06142857298254967,14.14373330000035,
4486,2470,crushing hangingPiece middlegame short,57,24,e7d7,True,0.4782721944807667,1,0.581041157245636,e7d7,True,0.9842857122421265,19.89869649999946,
4488,2774,attraction mate mateIn5 middlegame sacrifice veryLong,49,43,f5d3,False,0.008228038420779207,8,-0.9778850078582764,c4d2,False,0.0,18.795428899999933,
4490,2754,advantage deflection endgame pin veryLong,41,28,b7b1,False,0.18519154114625397,2,0.43752798438072205,b7b1,False,0.019999999552965164,15.179287599999952,
4492,2399,crushing exposedKing middlegame sacrifice veryLong,57,35,d6e5,True,0.4514599618951896,1,-0.344247967004776,d6e5,True,0.9814285635948181,14.25555660000009,
4494,2415,advancedPawn crushing endgame hangingPiece long,64,24,e5d6,True,0.9627495262431396,1,-0.5572907328605652,e5d6,True,0.9971428513526917,10.165818299999955,
4496,2638,crushing fork middlegame sacrifice veryLong,25,52,f8f2,False,0.11871734158118909,3,0.442961186170578,a8e8,True,0.8914285898208618,11.975173799999538,
4498,2442,crushing endgame hangingPiece long rookEndgame,97,11,c4b3,True,0.9522238078142324,1,-0.3921152353286743,c4b3,True,0.9971428513526917,4.753762399999687,
4500,2551,advantage clearance endgame long pin,79,36,e4g4,False,0.0024037161370882806,12,0.13638652861118317,e4g4,False,0.0,4.324214600000232,
4502,2634,advantage attraction middlegame sacrifice veryLong,35,52,e4c3,False,0.1604325402421221,2,-0.25315970182418823,d4d3,True,0.6499999761581421,4.564999299999727,
4504,2351,crushing intermezzo middlegame pin sacrifice veryLong,75,36,g7d4,True,0.6991085524617936,1,-0.577663004398346,g7d4,True,0.9685714244842529,5.410464800000227,
4506,2757,crushing long middlegame sacrifice,32,44,g5d2,False,0.20557804679362618,3,-0.04480978846549988,g5f6,False,0.018571428954601288,5.726918700000169,
4508,2366,advantage attraction deflection fork middlegame sacrifice veryLong,46,56,c8b8,False,0.05572724529012962,5,-0.4321299195289612,c8f8,True,0.9285714030265808,4.971839600000749,
4510,2359,attraction crushing long middlegame sacrifice,44,42,h8h7,False,0.10176588252126341,5,0.6649761199951172,h6g5,True,0.522857129573822,4.347187899999881,
4512,2601,crushing defensiveMove endgame fork quietMove veryLong,68,14,e3a7,False,0.035443715362596453,2,0.3976665437221527,e3f2,True,0.7457143068313599,8.881642100000136,
4514,2351,attraction capturingDefender crushing endgame long,66,26,g4f5,False,0.10489550508783517,2,0.7633450627326965,b6d7,True,0.758571445941925,20.645034000000123,
4516,2407,crushing endgame hangingPiece long,66,25,f5g6,True,0.44759682809936585,1,0.09578180313110352,f5g6,True,0.9671428799629211,13.889497199999823,
4518,2414,crushing defensiveMove endgame hangingPiece knightEndgame short,97,5,c5b7,True,0.9831848117069758,1,-0.6261582374572754,c5b7,True,0.9985714554786682,17.900315099999716,
4520,2398,advantage defensiveMove fork long middlegame pin,43,51,h4f2,True,0.6738909362680544,1,-0.46344777941703796,h4f2,True,0.9857142567634583,16.074287399999776,
4522,2363,crushing discoveredAttack discoveredCheck master middlegame short,68,34,b1f1,True,0.5252682061989303,1,-0.36433205008506775,b1f1,True,0.9471428394317627,8.266822999999931,
4524,2368,advantage middlegame sacrifice short,34,45,e1e8,False,0.0294022997679017,6,-0.9075983762741089,e1e8,False,0.4699999988079071,14.232165700000223,
4526,2505,clearance crushing deflection endgame master skewer veryLong,84,26,d3f5,False,0.12950804898652268,2,-0.12100059539079666,d3g6,True,0.949999988079071,4.793578300000263,
4528,2623,advancedPawn clearance crushing endgame hangingPiece promotion rookEndgame veryLong,80,17,b7a8,True,0.9334171424407063,1,-0.005400716792792082,b7a8,True,0.9957143068313599,4.886781700000029,
4530,2620,crushing deflection fork long opening,16,26,e3e4,False,0.09886444806190214,5,-0.3500443398952484,f3e5,True,0.9599999785423279,4.562019400000281,
4532,2470,clearance mate mateIn4 middlegame sacrifice veryLong,52,53,d1d8,False,0.11066630182886875,4,0.8154586553573608,d1d8,False,0.11142857372760773,4.115030099999785,
4534,2497,crushing deflection endgame rookEndgame veryLong,112,20,f5f6,False,0.12381411900127982,3,0.0812673419713974,a7a4,True,0.6128571629524231,5.794510200000332,
4536,2441,crushing endgame exposedKing fork quietMove veryLong,89,22,h5h4,True,0.5069076887541328,1,-0.31701669096946716,h5h4,True,0.9614285826683044,4.692908500000158,
4538,2518,advantage master middlegame pin short,38,43,g5f6,True,0.32499361590242865,1,-0.7930313944816589,g5f6,True,0.8799999952316284,4.358108299999913,
4540,2530,advantage middlegame pin short,23,48,c8h3,True,0.4968698111009343,1,-0.18800599873065948,c8h3,True,0.9114285707473755,4.753007100000104,
4542,2492,crushing endgame queensideAttack sacrifice veryLong,56,29,a7a8,False,0.026203888293445818,10,-0.28368350863456726,a7a8,False,0.0014285714132711291,4.351475399999799,
4544,2385,advantage exposedKing fork middlegame veryLong,34,51,e1e8,True,0.8052678781904048,1,0.34257715940475464,e1e8,True,0.9900000095367432,19.42864329999975,
4546,2437,attraction mate mateIn4 middlegame queensideAttack sacrifice veryLong,46,46,h2h3,False,0.005916256425069882,20,0.28141504526138306,c7c4,False,0.0,15.741933199999949,
4548,2539,attackingF2F7 crushing long middlegame pin,36,50,e3c5,False,0.20167618057549994,3,0.0993809625506401,c3e4,True,0.6485714316368103,19.05215970000063,
4550,2565,advantage fork middlegame quietMove veryLong,30,50,d6c7,False,0.008466564662522972,9,-0.22280646860599518,g2g3,False,0.0,10.055244899999707,
4552,2673,crushing middlegame pin quietMove short,55,48,e5e4,False,0.037463524673536294,5,-0.17431333661079407,g7h6,True,0.8614285588264465,7.542641000000003,
4554,2441,crushing discoveredAttack discoveredCheck middlegame short,71,33,g8g3,False,0.0204314700519516,5,-0.07410860061645508,g8g3,False,0.004285714123398066,11.736633299999994,
4556,2662,advantage middlegame pin short,34,44,f4d6,False,0.07824694657671154,3,-0.5765836238861084,a3b5,True,0.6142857074737549,4.474544600000627,
4558,2439,long mate mateIn3 middlegame sacrifice,34,51,b4f8,False,0.003786186502993456,13,0.6452041864395142,b4f8,False,0.0,5.1839566000007835,
4560,2691,advantage long middlegame sacrifice,28,38,d3h7,False,0.029028147646183,4,0.2812725007534027,e5f6,False,0.012857142835855484,5.058336699999927,
4562,2635,advantage bishopEndgame deflection endgame long,78,11,h3g4,False,0.004814494647309427,6,0.1894962042570114,h3g4,False,0.0,5.196721600000274,
4564,2526,crushing endgame fork veryLong,83,28,g5e3,True,0.33075565129726064,1,-0.4502098560333252,g5e3,True,0.8285714387893677,4.747380400000111,
4566,2403,crushing fork master middlegame pin veryLong,50,25,f3g5,True,0.509094479785874,1,-0.3388947546482086,f3g5,True,0.9757142663002014,4.748027400000865,
4568,2393,advantage discoveredAttack discoveredCheck middlegame veryLong,31,2,e7d8,True,0.9748453038736319,1,-0.19515317678451538,e7d8,True,0.9885714054107666,4.9618710000004285,
4570,2582,crushing endgame long master trappedPiece,98,16,b4b5,True,0.3749738031332549,1,0.5224835276603699,b4b5,True,0.9157142639160156,4.4609613000002355,
4572,2762,castling crushing discoveredAttack discoveredCheck exposedKing fork middlegame veryLong,50,42,g6h7,True,0.5303923409098885,1,-0.2743876278400421,g6h7,True,0.8528571724891663,4.749896999999692,
4574,2537,advantage exposedKing middlegame pin veryLong,60,44,g6h6,True,0.22479062927466206,1,-0.06502720713615417,a1g1,False,0.2785714268684387,4.033040700000129,
4576,2665,advantage fork middlegame veryLong,55,42,d5d4,False,0.080022355447037,2,-0.43812423944473267,d5d4,False,0.0028571428265422583,17.90972320000037,
4578,2440,advantage defensiveMove fork opening sacrifice veryLong,25,3,e6f5,False,0.12637377067747563,3,-0.8703014254570007,g8e7,True,0.9528571367263794,18.63494559999981,
4580,2778,advantage attraction deflection endgame fork sacrifice veryLong,65,39,g8g7,False,0.006007343685619868,13,0.14574654400348663,b7d5,False,0.0,11.533092099999521,
4582,2604,advancedPawn crushing deflection endgame rookEndgame veryLong,94,15,h5g6,True,0.39088312686340915,1,-0.14147530496120453,h5g6,True,0.9071428775787354,14.95995270000003,
4584,2762,advantage long opening quietMove sacrifice,18,46,d1h5,True,0.8476902324175211,1,-0.3326416015625,d1h5,True,0.991428554058075,7.533572899999854,
4586,2430,attraction crushing endgame fork long rookEndgame sacrifice,88,17,b4b8,False,0.006924846963318833,13,-0.0022939101327210665,c3c4,False,0.0014285714132711291,4.460153099999843,
4588,2736,crushing master masterVsMaster middlegame pin veryLong xRayAttack,79,51,c1h1,True,0.7793486396716709,1,-0.41716763377189636,c1h1,True,0.991428554058075,1.490452699999878,
4590,2363,crushing defensiveMove endgame master pin short,64,5,g2g3,False,0.32843058246644813,2,-0.0775427296757698,g2g3,False,0.22428570687770844,4.178317500000048,
4592,2534,advantage defensiveMove long middlegame sacrifice,64,52,g1g4,False,0.14738389292859372,2,0.15433204174041748,d2h6,True,0.9314285516738892,1.466696000000411,
4594,2545,crushing middlegame pin short,27,33,d8g8,True,0.9276158766587734,1,-0.9323405027389526,d8g8,True,0.9942857027053833,5.1818117999991955,
4596,2730,clearance crushing long middlegame sacrifice,54,54,a1e1,False,0.17982617860046823,2,0.12666861712932587,h1h6,True,0.6814285516738892,4.820253200000479,
4598,2399,advantage defensiveMove deflection endgame veryLong,94,28,c7c8,True,0.5274371978951459,1,-0.9587833285331726,c7c8,True,0.9614285826683044,4.353484899999785,
4600,2478,crushing hangingPiece middlegame short,59,39,h5g7,False,0.21956354813008364,2,-0.38185039162635803,f5e4,True,0.9700000286102295,4.730710300000283,
4602,2519,advantage long master middlegame pin,36,47,f5d6,True,0.485683657569022,1,-0.18770989775657654,f5d6,True,0.8257142901420593,5.380149200000233,
4604,2780,crushing deflection interference middlegame queensideAttack veryLong,56,42,e1e8,True,0.9993468270163607,1,0.05934736132621765,e1e8,True,0.9985714554786682,4.6317471000002115,
4606,2556,advantage fork long middlegame,59,32,g6b1,True,0.49718188557844933,1,-0.9083086848258972,d4f3,False,0.17571428418159485,4.972478699999556,
4608,2746,advancedPawn attraction crushing endgame exposedKing fork intermezzo veryLong,89,20,h3h2,True,0.7489854734662804,1,-0.36088037490844727,h3h2,True,0.9614285826683044,18.358927900000708,
4610,2751,crushing deflection middlegame veryLong,95,54,c1f1,True,0.7342880166805543,1,-0.37830135226249695,c1f1,True,0.8885714411735535,17.162275800000316,
4612,2492,advantage hangingPiece long middlegame,30,44,e1g1,False,0.18392966840166367,2,0.47811442613601685,e1g1,False,0.08428571373224258,12.347116700000697,
4614,2582,crushing long middlegame quietMove sacrifice,53,31,h2h1,False,0.29616294044147307,2,-0.06598185002803802,d6e4,True,0.8071428537368774,12.172711100000015,
4616,2461,advantage endgame master pin short,72,42,e4f2,False,0.0645023305150955,6,-0.1282968819141388,d3f3,True,0.9300000071525574,9.898642899999686,
4618,2396,crushing middlegame pin short,54,50,g4f6,False,0.0026623926062777,18,0.10423094034194946,b3e3,False,0.0,4.971197200000461,
4620,2489,advantage attraction long middlegame sacrifice,60,40,d1d7,False,0.00386980526778651,3,0.527205765247345,d1d7,False,0.0,0.09964670000044862,
4622,2678,advantage attraction long middlegame sacrifice,33,52,e4e5,False,0.00941529570532747,5,-0.5346058011054993,e4d4,False,0.018571428954601288,4.914343099999314,
4624,2412,advantage attraction exposedKing fork middlegame sacrifice veryLong,46,38,e6f8,False,0.18376265459180466,2,-0.3268417716026306,e2g4,True,0.8728571534156799,4.9516561999998885,
4626,2391,attraction crushing endgame exposedKing fork long rookEndgame sacrifice,63,17,a7a5,False,0.0006532533795575392,16,-0.06062381714582443,d5d4,False,0.0,5.374723100000665,
4628,2489,advantage hangingPiece middlegame veryLong,62,33,b7e7,True,0.3473550474487289,1,-0.38419821858406067,b7e7,True,0.9685714244842529,4.971623999999792,
4630,2512,attraction crushing deflection fork middlegame veryLong,53,36,c2g2,True,0.5500619574819084,1,-0.042851418256759644,c2g2,True,0.9814285635948181,0.4685202999999092,
4632,2656,advantage middlegame pin short,44,44,e1e6,False,0.011336311273722694,4,-0.560534656047821,e1e6,False,0.0057142856530845165,4.584240099999988,
4634,2653,advantage defensiveMove endgame pin veryLong,77,22,e1c2,True,0.6810413703171841,1,-0.3809855878353119,e1c2,True,0.9571428298950195,4.583710099999735,
4636,2740,advantage fork middlegame pin veryLong,51,38,d8e6,True,0.33090923254679866,1,-0.2496257871389389,d8e6,True,0.9371428489685059,1.6742899000000762,
4638,2519,advantage fork middlegame pin sacrifice veryLong,42,30,c4d5,False,0.01713564457333128,11,-0.8827477693557739,b5b6,False,0.03857142850756645,4.2170280000000275,
4640,2444,crushing long master middlegame pin,98,40,g6f7,False,0.40082705314511136,2,0.3892044723033905,g6f7,False,0.02428571507334709,15.727541600000222,
4642,2586,advantage middlegame queensideAttack sacrifice veryLong,41,49,c6g2,False,0.10342056394339515,4,-0.14708314836025238,d8a8,True,0.9614285826683044,18.323826400000144,
4644,2633,advantage defensiveMove endgame kingsideAttack long sacrifice,53,33,g5d8,False,0.09395286586175888,3,-0.5040802955627441,f4g4,True,0.9628571271896362,7.258206000000428,
4646,2389,advantage attraction kingsideAttack middlegame veryLong,29,6,e7e6,True,0.5669794307688177,1,0.3788757920265198,e7e6,True,0.9714285731315613,13.656434499999705,
4648,2402,advantage middlegame sacrifice short,32,49,d3h7,False,0.008649864386967297,5,0.31551221013069153,d3h7,False,0.0,8.309198199999628,
4650,2501,exposedKing long mate mateIn3 middlegame,41,36,a8g8,False,0.3332951988136349,2,0.8637814521789551,h3g3,True,0.9142857193946838,0.5614425000003394,
4652,2542,advantage clearance middlegame sacrifice short,32,40,f2h4,False,0.00987170896389567,9,-0.029115289449691772,c1f4,False,0.0014285714132711291,4.774421600000096,
4654,2731,attraction crushing defensiveMove endgame veryLong,61,37,h7h5,False,0.058789744421715355,3,0.1298568695783615,f2g2,False,0.022857142612338066,4.770730700000058,
4656,2778,advancedPawn crushing endgame quietMove sacrifice veryLong,125,13,a5b4,False,0.4335249932949059,2,-0.4888114631175995,a5a4,True,0.9657142758369446,4.916382500000509,
4658,2412,attraction crushing endgame fork knightEndgame long master,95,14,d5e3,False,0.24478192490699363,2,-0.102035291492939,f7f5,True,0.9157142639160156,5.431544099999883,
4660,2712,advantage discoveredAttack discoveredCheck middlegame pin veryLong,52,46,e1e6,False,0.13425461381875572,3,0.6793950796127319,h8g7,True,0.9671428799629211,5.127107000000251,
4662,2653,crushing long middlegame pin,50,41,c4d3,True,0.5314860166525092,1,0.02676471695303917,c4d3,True,0.9628571271896362,4.4025564000003214,
4664,2362,advantage middlegame sacrifice short,44,45,d2h6,True,0.754577334829188,1,0.2648237943649292,d2h6,True,0.8171428442001343,3.71125099999972,
4666,2517,advancedPawn crushing endgame long sacrifice,74,39,e6g7,True,0.23371351757909797,1,0.26965704560279846,e6g7,True,0.9671428799629211,4.338775299999725,
4668,2682,crushing defensiveMove endgame exposedKing pin veryLong,86,29,b3b6,False,0.0806392319471975,2,-0.48308977484703064,g3g6,True,0.8785714507102966,4.966259499999978,
4670,2639,crushing defensiveMove middlegame pin quietMove veryLong,83,33,f6b6,False,0.1162463595236693,4,-0.2132999300956726,f6f4,True,0.9442856907844543,3.941068400000404,
4672,2410,capturingDefender crushing endgame long pin,77,26,f4e3,True,0.6309431160531532,1,0.33383288979530334,f4e3,True,0.9828571677207947,13.595195500000045,
4674,2479,advantage attraction exposedKing fork hangingPiece master middlegame sacrifice veryLong,77,40,f3d3,True,0.751357558671797,1,-0.28995490074157715,f3d3,True,0.9857142567634583,11.746353900000031,
4676,2395,advantage capturingDefender master middlegame short,33,42,b7b5,False,0.0021434950671826007,18,-0.05675802752375603,f7f5,False,0.0,10.89014429999952,
4678,2520,advantage fork middlegame veryLong,48,38,h5g6,True,0.41028952787793055,1,0.14866602420806885,h5g6,True,0.49000000953674316,3.167130000000725,
4680,2428,advantage hangingPiece long middlegame,61,42,a3a1,False,0.30829310357677375,2,0.27244579792022705,a5d2,True,0.9585714340209961,4.02091240000027,
4682,2544,crushing middlegame sacrifice short,35,37,e8e7,False,0.02196564277738658,7,-0.0783391073346138,g8g2,False,0.0014285714132711291,4.272617800000262,
4684,2532,advantage hangingPiece long middlegame,32,45,a4a8,True,0.8915475769648318,1,0.3059484660625458,a4a8,True,0.9900000095367432,4.551424500000394,
4686,2476,advantage clearance long middlegame pin sacrifice,45,28,f6e5,False,0.0023557931422002864,12,-0.015059849247336388,f6e5,False,0.0,5.197544200000266,
4688,2544,advantage endgame fork long,69,37,e8e5,True,0.933878661016647,1,-0.07582796365022659,e8e5,True,0.9957143068313599,4.676358099999561,
4690,2455,advantage fork long opening pin,21,45,f2h3,True,0.551931257813868,1,0.11869262903928757,f2h3,True,0.9228571653366089,5.192482299999938,
4692,2495,advantage hangingPiece long middlegame,55,34,f5d4,True,0.8360843857626458,1,0.5894293785095215,f5d4,True,0.991428554058075,5.1270949999998265,
4694,2358,advantage endgame fork long,89,23,e5c4,False,0.17360012557436608,3,-0.7056341767311096,e5d3,True,0.9685714244842529,5.580435099999704,
4696,2739,crushing defensiveMove endgame fork long,57,30,d6d2,True,0.4523062185957174,1,-0.008283521980047226,d6d1,False,0.10857142508029938,5.053840499999751,
4698,2522,advancedPawn clearance crushing discoveredAttack discoveredCheck endgame long quietMove rookEndgame,119,11,c4c3,True,0.6497898821800603,1,0.20011503994464874,c4c3,True,0.9642857313156128,4.112977200000387,
4700,2779,advancedPawn attraction crushing deflection kingsideAttack middlegame sacrifice veryLong,44,39,h6e3,False,0.16107156466882322,2,0.06312675774097443,h6d2,False,0.03285714238882065,3.661451599999964,
4702,2637,advancedPawn advantage defensiveMove endgame hangingPiece veryLong,116,12,f6c6,True,0.6120268423619522,1,-0.10465206950902939,f6c6,True,0.9457142949104309,3.6244128999996974,
4704,2360,crushing long middlegame xRayAttack,89,33,h5g4,True,0.7310124825947696,1,-0.8407968282699585,h5g4,True,0.9871428608894348,3.203662999999324,
4706,2449,advantage long middlegame trappedPiece,49,25,h8h6,False,0.046765548792015686,4,-0.467589408159256,c6c5,False,0.018571428954601288,9.609544500000084,
4708,2370,advantage endgame master pin sacrifice short,79,29,g6d3,False,0.0020052619648796115,13,-0.2017858773469925,c2a2,False,0.0,13.216304799999307,
4710,2389,advantage defensiveMove middlegame pin veryLong,53,40,f1e1,False,0.003908238535254273,6,-0.7978912591934204,f1e1,False,0.0,4.484668600000077,
4712,2414,advantage long middlegame pin queensideAttack,22,36,a6b7,False,0.00852178433702988,8,-0.18762992322444916,a6b7,False,0.0,4.260906499999692,
4714,2792,crushing exposedKing fork middlegame sacrifice skewer veryLong,61,27,g4e3,True,0.3962834412110017,1,-0.037269093096256256,g4e3,True,0.9528571367263794,3.9685718999999153,
4716,2764,attackingF2F7 crushing discoveredAttack endgame long,83,18,e2c3,False,0.11506412638467316,4,-0.24924646317958832,e2d4,True,0.949999988079071,3.958263999999872,
4718,2586,crushing fork long middlegame pin sacrifice,70,31,e7f6,True,0.21036308380069535,1,-0.8106642365455627,e7f6,True,0.8942857384681702,4.746749199999613,
4720,2408,advantage deflection endgame long sacrifice,59,26,f7f4,True,0.7768840046273208,1,-0.46124646067619324,f7f4,True,0.9900000095367432,5.074745399999301,
4722,2381,advantage discoveredAttack long middlegame trappedPiece,41,46,f5g5,True,0.2762365260265137,1,-0.005844608414918184,f5g5,True,0.977142870426178,4.475373199999922,
4724,2400,crushing middlegame pin short,46,37,f2f1,False,0.0797952165179299,4,-0.41174080967903137,f5g5,True,0.8557142615318298,3.573108200000206,
4726,2404,advantage long middlegame sacrifice,72,41,h4h5,False,0.05799303462282015,4,0.24319486320018768,f5e4,True,0.5799999833106995,4.34953299999961,
4728,2719,attraction crushing long middlegame sacrifice,46,55,f1g1,False,0.012635289330023338,11,0.44070106744766235,g2g7,True,0.40714284777641296,3.63701409999976,
4730,2797,advantage defensiveMove deflection exposedKing fork middlegame veryLong,74,37,h5e8,False,0.06178108530598705,2,0.47032251954078674,h5h7,True,0.3814285695552826,3.536540299999615,
4732,2439,advantage discoveredAttack kingsideAttack long middlegame,34,38,c2c3,False,0.00812709486465425,11,-0.17380845546722412,c2c3,False,0.0,4.492792900000495,
4734,2396,crushing endgame interference master veryLong,74,31,a8b7,False,0.3311066403202745,2,0.23795223236083984,a8g8,True,0.927142858505249,3.792236299999786,
4736,2587,advantage hangingPiece long middlegame,40,2,g1g2,True,0.7429546147955467,1,-0.6383316516876221,g1g2,True,0.9900000095367432,4.491250299999592,
4738,2464,advantage deflection long middlegame pin sacrifice,46,47,d5f4,False,0.01563688449225688,5,-0.055375128984451294,d5f4,False,0.1614285707473755,4.493431599999894,
4740,2558,advantage discoveredAttack discoveredCheck middlegame short,75,33,g7e5,False,0.06734598779629555,2,0.38253873586654663,d4f3,True,0.9328571557998657,4.7045538000002125,
4742,2433,advancedPawn crushing endgame sacrifice short,90,18,h7g6,False,0.04237485111652383,6,0.4997239112854004,h7g8,True,0.7714285850524902,5.907225500000095,
4744,2685,advancedPawn crushing endgame long sacrifice,55,37,e4d3,False,0.2759489899700122,2,0.0061620729975402355,e4d3,False,0.04857143014669418,5.136761100000513,
4746,2354,advantage deflection kingsideAttack middlegame pin sacrifice veryLong,42,42,e5f4,False,0.06856077862038149,3,-0.4860113561153412,g4g6,True,0.9228571653366089,5.121763699999974,
4748,2575,crushing fork middlegame pin veryLong,56,27,g4e6,True,0.9163933292224737,1,-0.9011207222938538,g4e6,True,0.9942857027053833,3.6782203000002482,
4750,2446,endgame long mate mateIn3,55,39,c3e1,False,0.031154488988910906,5,0.8494149446487427,c3h3,True,0.8585714101791382,1.2329164000002493,
4752,2383,advancedPawn attraction crushing endgame fork long promotion underPromotion,57,39,f2f1q,False,0.031166007226239294,6,0.015650203451514244,f2e1n,True,0.4285714328289032,5.039716399999634,
4754,2451,advantage attraction discoveredAttack discoveredCheck kingsideAttack middlegame sacrifice veryLong,36,39,e2g4,False,0.0049724009682568975,18,-0.4545191824436188,e2g4,False,0.0,4.2666048999999475,
4756,2575,advantage collinearMove middlegame sacrifice short,30,43,h2h3,False,0.008150601736898706,9,0.014999969862401485,h2h3,False,0.0,3.864089900000181,
4758,2516,crushing fork long middlegame,51,41,g8f8,False,0.027679932101397197,7,-0.09188167750835419,d8d2,True,0.7671428322792053,1.5639067000001887,
4760,2783,advantage attraction clearance defensiveMove middlegame sacrifice veryLong,32,42,f3h3,False,0.005019983529277086,10,0.06270799785852432,f3h3,False,0.0,3.720642499999485,
4762,2442,crushing hangingPiece middlegame quietMove veryLong,29,37,g2h1,True,0.8569273115733924,1,-0.38955923914909363,g2h1,True,0.9942857027053833,2.8482303999999203,
4764,2558,advantage long middlegame pin,55,44,d2d4,False,0.20277178042456492,2,0.6669822931289673,h8h4,True,0.8100000023841858,3.1325288000007276,
4766,2659,capturingDefender crushing middlegame pin veryLong,63,34,c8b7,False,0.02346435168468131,12,-0.8922219276428223,c8f5,False,0.0028571428265422583,3.65531749999991,
4768,2500,crushing discoveredAttack discoveredCheck long middlegame pin,71,49,g4h3,False,0.07491245965696655,2,0.8795759677886963,g4h3,False,0.39571428298950195,4.443260299999565,
4770,2362,attraction crushing intermezzo kingsideAttack long middlegame pin sacrifice,49,39,e4g3,False,0.002269391772780369,15,0.6366322636604309,e4g3,False,0.0,1.0368910999995933,
4772,2547,advantage master middlegame pin short,62,39,g2g3,False,0.025350776158905377,10,-0.39284834265708923,f3f5,True,0.7985714077949524,4.915359700000408,
4774,2400,advantage fork middlegame veryLong,28,44,g5f3,False,0.06931061035042321,3,0.2510020434856415,d3h7,True,0.3628571331501007,5.203456700000061,
4776,2406,advantage defensiveMove fork long middlegame,47,43,b2c3,False,0.01954656205660623,13,-0.6650296449661255,c4e2,True,0.7228571176528931,4.252296100000422,
4778,2532,advantage fork long middlegame,50,43,a1d1,True,0.8539323306115895,1,-0.18242835998535156,a1d1,True,0.9657142758369446,4.434929200000624,
4780,2632,advantage capturingDefender long middlegame pin,50,40,g5e6,False,0.045630445642806744,4,-0.0663592740893364,g5f7,True,0.9014285802841187,3.201552000000447,
4782,2724,crushing defensiveMove deflection endgame pawnEndgame quietMove veryLong zugzwang,68,7,h4h5,False,0.22950171699382205,2,0.21498370170593262,f4f5,True,0.6657142639160156,4.86981299999934,
4784,2474,advancedPawn crushing middlegame sacrifice veryLong,50,37,h2h4,False,0.3728085262840086,2,-0.7173349261283875,h2h4,False,0.34857141971588135,3.7722287999995388,
4786,2793,clearance crushing defensiveMove exposedKing fork middlegame pin quietMove veryLong,47,30,e8h5,False,0.02158495545404101,8,-0.17087112367153168,e8h5,False,0.0014285714132711291,3.466275499999938,
4788,2354,advancedPawn crushing endgame hangingPiece promotion queenRookEndgame veryLong,96,23,d2a2,True,0.9124170658164694,1,-0.29524192214012146,d2a2,True,0.9942857027053833,3.4226815000001807,
4790,2385,crushing master middlegame pin short,35,56,e5f3,False,0.002686692376596473,7,0.06481136381626129,e5f3,False,0.0,3.3041430000002947,
4792,2748,advantage attraction discoveredAttack discoveredCheck middlegame sacrifice veryLong,42,48,g5e7,False,0.16836629993583468,2,-0.10396169126033783,g5e7,False,0.03857142850756645,3.690523899999789,
4794,2510,advantage middlegame sacrifice veryLong,33,44,f4h3,False,0.0021078577459605523,14,0.31656286120414734,f4h3,False,0.0,3.169189600000209,
4796,2505,crushing deflection endgame exposedKing long,66,26,b5e8,True,0.9365541225121611,1,-0.9633630514144897,b5e8,True,0.9942857027053833,2.9115898000000016,
4798,2426,crushing defensiveMove discoveredAttack endgame long master,89,12,b4b3,False,0.08183841970503311,5,-0.9596155285835266,b4b3,False,0.07000000029802322,3.142869100000098,
4800,2355,advancedPawn attraction crushing middlegame queensideAttack short,53,37,g8h7,False,0.3641666657758336,2,-0.7387883067131042,a3b2,True,0.7514285445213318,1.8790360000002693,
4802,2434,advantage discoveredAttack discoveredCheck long middlegame queensideAttack sacrifice,35,34,b6c6,False,0.17190086557634812,3,0.3437945544719696,b4c2,True,0.8842856884002686,5.216257299999597,
4804,2447,advantage middlegame pin quietMove short,46,36,e5d5,False,0.13651216476921468,2,-0.20519918203353882,c1f4,True,0.5314285755157471,4.5311970000002475,
4806,2735,capturingDefender crushing endgame skewer veryLong,61,32,g7c3,True,0.5249925592584399,1,-0.4202432334423065,g7c3,True,0.9557142853736877,4.5084625999998025,
4808,2549,crushing hangingPiece middlegame short,49,32,d4f3,True,0.9439806969204737,1,0.5936768651008606,d4f3,True,0.9971428513526917,3.4237828999994235,
4810,2532,advantage fork opening sacrifice veryLong,20,37,d5e3,False,0.03983543183477618,5,0.346002459526062,c1g5,False,0.008571428246796131,5.263713600000301,
4812,2514,advantage discoveredAttack discoveredCheck exposedKing kingsideAttack middlegame veryLong,41,2,c8b8,False,0.4478762551557713,2,0.24747399985790253,c8d7,True,0.9371428489685059,3.6067441999994116,
4814,2559,advantage long middlegame pin queensideAttack,45,44,g5d2,False,0.1535811704194444,2,0.5040583610534668,f2d1,True,0.9557142853736877,4.376321199999438,
4816,2426,crushing endgame fork long pin,67,2,c6b5,True,0.8701231558075723,1,-0.4715648889541626,c6b5,True,0.9928571581840515,3.442630999999892,
4818,2790,crushing defensiveMove endgame hangingPiece rookEndgame veryLong,104,5,e3e4,True,0.9710166752911513,1,-0.19663837552070618,e3e4,True,0.9971428513526917,3.3426420000005237,
4820,2489,advantage attackingF2F7 attraction fork middlegame pin veryLong,38,39,e4d6,False,0.027818639201166756,4,-0.7005103826522827,e4d6,False,0.008571428246796131,2.527013999999326,
4822,2414,crushing kingsideAttack long middlegame pin sacrifice,41,52,a8g8,False,0.004045207493642938,12,-0.09387210756540298,e5d6,False,0.0,3.314879900000051,
4824,2383,crushing defensiveMove long middlegame sacrifice,75,4,g8h8,False,0.0068978185170674765,4,0.21717779338359833,g8h8,False,0.0014285714132711291,0.6558586999999534,
4826,2538,attackingF2F7 crushing fork middlegame veryLong,36,45,f3f7,True,0.9245720051284935,1,-0.24170367419719696,f3f7,True,0.9957143068313599,3.5874539000005825,
4828,2458,advantage discoveredAttack master middlegame short,36,41,d4e6,False,0.15316207628957798,2,-0.37389424443244934,d4f5,True,0.7257142663002014,3.2089264999995066,
4830,2528,crushing long middlegame sacrifice,40,39,a1f1,False,0.14509562365356604,3,-0.13274265825748444,a1f1,False,0.011428571306169033,3.4257864000001064,
4832,2359,crushing fork long middlegame,50,35,h6g7,False,0.15530901574695477,2,0.8459262847900391,g5f7,True,0.9314285516738892,3.2821005000005243,
4834,2445,crushing exposedKing interference middlegame skewer veryLong,46,40,e2e8,True,0.8982019492366492,1,0.05821793153882027,e2e8,True,0.9928571581840515,2.6119541999996727,
4836,2740,crushing kingsideAttack middlegame pin veryLong,46,52,f6f5,False,0.2226956573598764,2,0.9182878136634827,b1h7,True,0.8642857074737549,4.608308300000317,
4838,2520,crushing deflection endgame rookEndgame veryLong,59,27,g8g2,False,0.4276221274804663,2,0.2488824427127838,a2g2,True,0.927142858505249,2.7025859000004857,
4840,2431,crushing endgame fork veryLong,133,23,b1c2,True,0.560437363990279,1,0.6388335227966309,b1c2,True,0.9471428394317627,4.700444000000061,
4842,2471,advancedPawn crushing defensiveMove endgame fork knightEndgame long,125,7,e4f3,True,0.4944989637567645,1,-0.038740985095500946,g4f3,False,0.09428571164608002,5.012934499999574,
4844,2533,crushing endgame pin short,71,46,f2f1,True,0.29956578694590147,1,0.23947986960411072,f2f1,True,0.9471428394317627,3.522739399999409,
4846,2441,advantage hangingPiece master middlegame short,65,37,d5e6,True,0.9439351559507481,1,-0.3921121060848236,d5e6,True,0.9957143068313599,4.103029899999456,
4848,2438,advancedPawn bishopEndgame crushing deflection endgame promotion veryLong,89,17,f3f2,False,0.05558615721819846,5,0.009386374615132809,e5e4,True,0.8771428465843201,2.7063952999997127,
4850,2385,crushing deflection endgame master short,44,37,g3b8,True,0.5071534825217787,1,-0.02631046436727047,g3b8,True,0.9785714149475098,3.534915600000204,
4852,2664,advancedPawn crushing deflection endgame promotion veryLong,76,17,c6c7,False,0.17470438655457804,2,-0.19785141944885254,d6d7,True,0.954285740852356,3.536184399999911,
4854,2597,attraction crushing middlegame pin sacrifice veryLong,39,33,c6e7,False,0.022955705837361336,9,-0.18454821407794952,g6h7,True,0.7671428322792053,3.241221299999779,
4856,2412,advantage deflection long middlegame,48,35,c1g5,True,0.8587351381945412,1,-0.5771573781967163,c1g5,True,0.9928571581840515,3.3320945999994365,
4858,2529,advantage deflection endgame long,59,32,h8h1,True,0.30487772478740566,1,-0.9025448560714722,h8h1,True,0.9285714030265808,3.3452440999999453,
4860,2460,advantage clearance master middlegame sacrifice veryLong,30,39,e2e7,True,0.5319749059927111,1,-0.058803074061870575,e2e7,True,0.9685714244842529,3.264254799999435,
4862,2446,crushing fork long opening,30,36,e1e4,False,0.3180303631460776,2,0.026746846735477448,d1h5,True,0.918571412563324,3.371307800000068,
4864,2707,crushing long middlegame pin,62,30,h2g4,False,0.01957597376225032,8,-0.7453287839889526,c8d8,True,0.7114285826683044,2.8549733999998352,
4866,2440,advancedPawn advantage kingsideAttack long middlegame sacrifice,72,30,h3e6,False,0.01114703821131628,9,0.19775091111660004,f2h2,False,0.22428570687770844,4.681908899999144,
4868,2559,advantage defensiveMove hangingPiece long middlegame pin quietMove,55,44,d4a1,True,0.9592596313100775,1,-0.16098205745220184,d4a1,True,0.9985714554786682,4.371609499999977,
4870,2637,crushing defensiveMove endgame hangingPiece quietMove veryLong,97,6,g7g6,True,0.42954730416986153,1,0.003329067025333643,f7g6,False,0.28285714983940125,4.647540100000697,
4872,2655,advantage long middlegame pin,42,43,e2e8,False,0.00392647967812773,10,-0.06838838011026382,e2f3,False,0.0,4.45214980000037,
4874,2599,crushing discoveredAttack discoveredCheck endgame long pin,56,29,d7e6,False,0.4247372896139338,2,-0.4985276460647583,f4f5,True,0.8842856884002686,3.312346599999728,
4876,2746,attraction crushing endgame veryLong,72,25,a6c8,True,0.3205104081100539,1,0.0648844912648201,a6e6,False,0.14142857491970062,4.050310400000853,
4878,2388,advantage endgame long sacrifice xRayAttack,88,2,f2g1,True,0.7884403647970318,1,-0.027415800839662552,f2g1,True,0.9757142663002014,3.5049552000000403,
4880,2773,advantage exposedKing fork middlegame veryLong,75,34,h3g3,False,0.24960584179748374,2,0.6383419036865234,h3h2,True,0.9300000071525574,3.525550800000019,
4882,2485,attraction crushing discoveredAttack long middlegame sacrifice,40,44,b1b8,False,0.05969805292608078,5,0.3281782865524292,b1d1,False,0.0071428571827709675,3.4434168999996473,
4884,2399,advantage hangingPiece long opening,18,43,f3e5,False,0.28939425061322716,2,0.3427819013595581,f3e5,False,0.08714285492897034,3.101651099999799,
4886,2475,crushing defensiveMove fork long middlegame,41,40,f2g4,False,0.18788199263635488,2,0.5388625860214233,h4f4,True,0.9142857193946838,3.2333086000007825,
4888,2412,crushing defensiveMove endgame exposedKing fork master quietMove veryLong,121,13,f3e5,True,0.9029761885453287,1,-0.9906179308891296,f3e5,True,0.9957143068313599,3.2556264000004376,
4890,2366,crushing discoveredAttack discoveredCheck kingsideAttack long middlegame sacrifice,43,47,f4h3,True,0.2706693300718092,1,-0.2174036204814911,f6g6,False,0.025714285671710968,3.3804783000005045,
4892,2525,crushing long middlegame pin,53,33,e6h3,True,0.2739505823689283,1,0.03959488123655319,e6h3,True,0.9314285516738892,2.8657288000003973,
4894,2652,crushing deflection endgame veryLong,108,13,h4g5,False,0.0572526386066559,6,-0.39360255002975464,f3f4,True,0.9428571462631226,2.9088596000001417,
4896,2367,crushing discoveredAttack long middlegame,28,49,e1g1,False,0.08347248096669088,4,-0.17791645228862762,e4g3,True,0.9157142639160156,4.654868100000385,
4898,2595,advantage middlegame pin short,53,37,d7d4,False,0.014954696510711397,14,0.12057465314865112,f4h6,False,0.17571428418159485,5.594128800000362,
4900,2690,crushing master middlegame pin quietMove sacrifice veryLong,54,48,b2e5,False,0.03871596178104624,4,0.13997778296470642,g6h7,False,0.3557142913341522,4.485165199999756,
4902,2365,attraction crushing long middlegame,34,45,b3c3,False,0.0812007424354268,2,0.5558218955993652,b5d7,True,0.949999988079071,3.6848104999999123,
4904,2375,crushing endgame long pin,100,35,f5d5,False,0.001529535114255319,20,-0.7438978552818298,f5d5,False,0.0,3.410573299999669,
4906,2639,advantage fork long middlegame,43,34,a8a5,False,0.04223854459133907,6,0.01912461780011654,a8a5,False,0.008571428246796131,3.7742747000002055,
4908,2354,advantage capturingDefender long middlegame,31,40,e4c3,True,0.3724525368303924,1,-0.13713252544403076,e4c3,True,0.9585714340209961,3.584256000000096,
4910,2784,advantage defensiveMove endgame fork veryLong,70,33,h4h7,False,0.38183634837236585,2,0.6696797609329224,f3e4,True,0.9471428394317627,2.9838438000006136,
4912,2420,crushing defensiveMove discoveredAttack discoveredCheck endgame queenEndgame veryLong,107,24,f2f5,True,0.9607308719547436,1,0.6358742713928223,f2f5,True,0.9842857122421265,3.2993510999995124,
4914,2505,advantage attraction kingsideAttack middlegame sacrifice veryLong,34,37,g1g7,True,0.3342775450256629,1,-0.7921469807624817,g1g7,True,0.9714285731315613,2.8723787000008087,
4916,2505,crushing endgame pawnEndgame quietMove sacrifice veryLong,79,10,h4g3,False,0.21880495082702628,2,-0.06313522905111313,h4g3,False,0.11571428924798965,3.5155189999995855,
4918,2680,advancedPawn crushing endgame long pin sacrifice,69,28,f8g7,False,0.007632312830706515,8,0.00017974895308725536,e4d2,False,0.0,3.153984899999159,
4920,2695,advantage fork middlegame veryLong,52,46,f1f7,True,0.7431602659581517,1,-0.8967606425285339,f1f7,True,0.9885714054107666,3.294811899999331,
4922,2478,advancedPawn crushing deflection endgame knightEndgame master promotion veryLong,111,13,b3b2,True,0.805938596026249,1,0.26054662466049194,b3b2,True,0.9871428608894348,3.0583809999998266,
4924,2545,crushing hangingPiece middlegame veryLong,35,31,c7e5,True,0.7968978880579394,1,0.14610499143600464,c7e5,True,0.8628571629524231,2.92922340000041,
4926,2511,crushing endgame exposedKing fork long,74,29,e1d1,False,0.27291704519958737,2,-0.3364420235157013,g5f5,True,0.9599999785423279,2.370845100000224,
4928,2374,crushing endgame pin quietMove veryLong,87,37,b7a7,True,0.5593414528287449,1,-0.30608072876930237,b7a7,True,0.9642857313156128,4.736751400000685,
4930,2738,crushing fork middlegame pin sacrifice veryLong,36,51,f2f4,False,0.00998501041761338,10,-0.33790290355682373,f2f4,False,0.0,4.6875897999998415,
4932,2700,advantage attraction discoveredAttack fork middlegame pin sacrifice veryLong,44,27,b5c6,True,0.704760973597178,1,-0.5188670754432678,b5c6,True,0.9714285731315613,4.974597399999766,
4934,2537,advantage middlegame sacrifice veryLong,36,4,c2d3,False,0.44200065041318576,2,0.4688788652420044,d1d3,True,0.9471428394317627,4.8172600999996575,
4936,2446,crushing middlegame pin short,45,48,b4d3,False,0.1619469567725682,2,-0.44670820236206055,c8c3,True,0.9385714530944824,4.440709700000298,
4938,2511,advantage capturingDefender kingsideAttack middlegame veryLong,42,49,f4e6,True,0.639712889851088,1,0.1697128266096115,f4e6,True,0.8914285898208618,3.4535844000001816,
4940,2516,advantage fork long middlegame sacrifice,20,5,f1f3,True,0.6442656949680193,1,-0.9140417575836182,g2f3,False,0.07000000029802322,3.734294100000625,
4942,2368,crushing fork long middlegame,44,49,f4g5,True,0.26888527832254094,1,-0.22815419733524323,f4g5,True,0.9285714030265808,3.3660463999995045,
4944,2399,advancedPawn bishopEndgame crushing endgame sacrifice short,81,14,d5c4,False,0.07976374144364437,3,-0.6245541572570801,d5e4,False,0.0071428571827709675,3.3809010999993916,
4946,2650,advantage long middlegame quietMove sacrifice,51,49,d4d8,False,0.2640469733226679,2,-0.16616682708263397,d4e3,True,0.8585714101791382,3.4700160000002143,
4948,2376,crushing discoveredCheck doubleCheck long middlegame,30,42,b5d3,False,0.03786847293157527,4,-0.3904169201850891,c6e6,True,0.8857142925262451,1.2266431999996712,
4950,2540,advantage fork long middlegame,48,45,g6h7,False,0.05679867081314741,3,-0.26388561725616455,c3d5,True,0.7328571677207947,3.2814227999997456,
4952,2421,crushing discoveredAttack long middlegame pin sacrifice,49,44,e3f4,False,0.009941600720472281,12,-0.15849733352661133,b7b5,False,0.0014285714132711291,3.457040700000107,
4954,2665,crushing middlegame pin short,55,44,f4e2,False,0.07746817788954007,5,0.44795647263526917,f4e6,False,0.058571428060531616,2.9234069999993153,
4956,2446,clearance crushing endgame hangingPiece master quietMove rookEndgame veryLong,119,5,c3b3,True,0.9924848507176948,1,-0.38780367374420166,c3b3,True,0.9985714554786682,2.8891160000002856,
4958,2558,advantage hangingPiece middlegame veryLong,39,38,f6f3,True,0.824428527993008,1,-0.5139013528823853,f6f3,True,0.9785714149475098,2.5979306000008364,
4960,2783,crushing fork middlegame veryLong,55,34,h7f5,False,0.23469926062024293,2,-0.4697449803352356,e6h3,True,0.9714285731315613,3.266327000000274,
4962,2518,advantage deflection fork middlegame veryLong,34,43,e4e5,True,0.6733031710561722,1,-0.44841238856315613,e4e5,True,0.9685714244842529,5.419627000000219,
4964,2449,advantage middlegame pin sacrifice veryLong,53,51,e4e3,False,0.0633103409407356,8,-0.5282998085021973,d4f3,True,0.6014285683631897,3.54255269999976,
4966,2378,crushing hangingPiece long middlegame queensideAttack quietMove,50,40,c2c6,True,0.6475442416149054,1,-0.18826156854629517,c2c6,True,0.9828571677207947,3.8907239999998637,
4968,2364,advantage middlegame pin veryLong,35,44,d8b6,True,0.4476445529351872,1,-0.8439925909042358,d8b6,True,0.8914285898208618,3.4245406999998522,
4970,2697,advancedPawn crushing defensiveMove middlegame pin veryLong,45,35,d8d4,False,0.11797925846054187,4,0.2609412372112274,d8d4,False,0.0057142856530845165,2.8235727000001134,
4972,2546,crushing hangingPiece long middlegame,52,37,a3b4,True,0.4022242707871515,1,0.5046671628952026,a3b4,True,0.9685714244842529,3.7830886000001556,
4974,2405,advantage clearance fork long master middlegame,31,43,e4c3,True,0.35590234392213416,1,0.019509194418787956,e4c3,True,0.5899999737739563,3.674283100000139,
4976,2520,advantage fork long middlegame,50,36,e7e6,True,0.8763810794378034,1,-0.19162708520889282,e7e6,True,0.991428554058075,2.927127799999653,
4978,2713,clearance crushing endgame long master quietMove sacrifice,74,28,d6c8,True,0.3632609194871283,1,0.4576924443244934,d6e4,False,0.09571428596973419,3.1458988000003956,
4980,2497,clearance crushing long middlegame sacrifice,23,46,g3f2,False,0.00043282060259623744,24,0.6681613922119141,d8d7,False,0.0,3.6322534000000815,
4982,2461,advantage master middlegame short trappedPiece,42,39,h5h6,False,0.008219392496988814,9,0.5433326363563538,h5h6,False,0.0,3.1617197000005035,
4984,2699,bishopEndgame crushing defensiveMove endgame quietMove sacrifice veryLong,99,10,c7c6,False,0.070324154756323,5,0.17246823012828827,c7c6,False,0.025714285671710968,3.409984599999916,
4986,2577,advantage endgame fork veryLong,81,15,f5f4,False,0.08373646625282068,4,0.07091839611530304,g4e4,True,0.9285714030265808,3.07481209999969,
4988,2468,advantage deflection middlegame veryLong,50,39,h2h4,False,0.1801728005894234,2,-0.7299911975860596,h2h4,False,0.08285713940858841,2.9214374999992287,
4990,2587,advancedPawn crushing endgame exposedKing master sacrifice veryLong,68,33,h7h8,False,0.10302509237439204,3,-0.03579999506473541,e3e4,True,0.477142870426178,2.6157126999996763,
4992,2470,advantage discoveredAttack middlegame pin quietMove veryLong,50,47,d6e6,True,0.766043993128868,1,0.31417110562324524,d6e6,True,0.9857142567634583,2.2066451999999117,
4994,2408,advantage attraction clearance deflection endgame fork master veryLong,55,39,c5c4,True,0.550713328594586,1,-0.2943476140499115,c5c4,True,0.9471428394317627,5.352261499999258,
4996,2364,crushing endgame fork master short skewer,79,21,h1h2,True,0.8393200317825904,1,0.6332502365112305,h1h2,True,0.9842857122421265,3.1204030999997485,
4998,2475,crushing defensiveMove endgame fork long sacrifice,63,7,g7g6,True,0.5984236365168445,1,-0.40701356530189514,g7g6,True,0.9871428608894348,0.38183180000032735,
